Workbook

Sheet History
B2: ROM_MAP PRO Update History
B5: History
B6: Date | C6: Name | D6: Comment
B7: 41218 | C7: K.Yokoyama | D7: 新規作成（RS_M9MO_DICAベース）
B8: 41263 | C8: M.Nagakura | D8: SV/EV連動対応
B9: 41264 | C9: M.Nagakura | D9: Bayer Noise Reduction 1をMonitor, Still, HD, Full HDの4種類を持たせられるように
B10: 41264 | C10: T.Aizawa | D10: Bayer resize率 6段対応
B11: 41266 | C11: Y.Hanazono | D11: SyncSV/EVコミット直前の本線の値を取り込み
B12: 41266 | C12: Ikushima | D12: ABGAR,ABGAG,ABGABの初期値を0x0000にして色収差をOFFにする
B13: 41267 | C13: ikeda | D13: CAG初期値入力
B14: 41267 | C14: S.Takahashi | D14: Knee/Deknee table 変更
B15: 41267 | C15: ikeda | D15: BayerResize対応Memmap初期値入力
B16: 41267 | C16: ikeda | D16: BayerResize対応Memmap調整値入力
B17: 41271 | C17: Yanagisawa | D17: ParamManageからパラメータ展開した1st FW(動作確認ＯＫ)
B18: 41274 | C18: ikeda | D18: CES向け preview indoor tuning
... B36: 41831 | C36: K.Aso | D36: Smartisanのテーブルマージ。Used by Touch AE以降に追加。
BV145: s

Sheet ROM_MAP
C1: ROM_MAP PROマクロ
B5: Section | C5: Group | D5: Byte 数 | E5: MACRO | F5: address | G5: Name | I5: Init Value | J5: Update | K5: note
G6: 15 (even) 8 | H6: 7 (odd) 0 | I6: hexadecimal
B7: 1 | C7: AE Weight Table | E7: JDSPRO | F7: 0x00000000 | G7: AE_BLOCK_WEIGHT_0 | H7: AE_BLOCK_WEIGHT_1 | I7: ="0x"&AE_w_WORK!D6 -> 0xFFFF | J7: 40473 | K7: All block integral
B8: 2 | E8: JDSPRO | F8: 0x00000002 | G8: AE_BLOCK_WEIGHT_2 | H8: AE_BLOCK_WEIGHT_3 | I8: ="0x"&AE_w_WORK!D7 -> 0xFFFF | J8: 40473
B9: 3 | E9: JDSPRO | F9: 0x00000004 | G9: AE_BLOCK_WEIGHT_4 | H9: AE_BLOCK_WEIGHT_5 | I9: ="0x"&AE_w_WORK!D8 -> 0xFFFF | J9: 40473
B10: 4 | E10: JDSPRO | F10: 0x00000006 | G10: AE_BLOCK_WEIGHT_6 | H10: AE_BLOCK_WEIGHT_7 | I10: ="0x"&AE_w_WORK!D9 -> 0xFFFF | J10: 40473
B11: 5 | E11: JDSPRO | F11: 0x00000008 | G11: AE_BLOCK_WEIGHT_8 | H11: AE_BLOCK_WEIGHT_9 | I11: ="0x"&AE_w_WORK!D10 -> 0xFFFF | J11: 40473
B12: 6 | E12: JDSPRO | F12: 0x0000000A | G12: AE_BLOCK_WEIGHT_10 | H12: AE_BLOCK_WEIGHT_11 | I12: ="0x"&AE_w_WORK!D11 -> 0xFFFF | J12: 40473
B13: 7 | E13: JDSPRO | F13: 0x0000000C | G13: AE_BLOCK_WEIGHT_12 | H13: AE_BLOCK_WEIGHT_13 | I13: ="0x"&AE_w_WORK!D12 -> 0xFFFF | J13: 40473
B14: 8 | E14: JDSPRO | F14: 0x0000000E | G14: AE_BLOCK_WEIGHT_14 | H14: AE_BLOCK_WEIGHT_15 | I14: ="0x"&AE_w_WORK!D13 -> 0xFFFF | J14: 40473
B15: 9 | E15: JDSPRO | F15: 0x00000010 | G15: AE_BLOCK_WEIGHT_16 | H15: AE_BLOCK_WEIGHT_17 | I15: ="0x"&AE_w_WORK!D14 -> 0xFFFF | J15: 40473
B16: 10 | E16: JDSPRO | F16: 0x00000012 | G16: AE_BLOCK_WEIGHT_18 | H16: AE_BLOCK_WEIGHT_19 | I16: ="0x"&AE_w_WORK!D15 -> 0xFFFF | J16: 40473
B17: 11 | E17: JDSPRO | F17: 0x00000014 | G17: AE_BLOCK_WEIGHT_20 | H17: AE_BLOCK_WEIGHT_21 | I17: ="0x"&AE_w_WORK!D16 -> 0xFFFF | J17: 40473
B18: 12 | E18: JDSPRO | F18: 0x00000016 | G18: AE_BLOCK_WEIGHT_22 | H18: AE_BLOCK_WEIGHT_23 | I18: ="0x"&AE_w_WORK!D17 -> 0xFFFF | J18: 40473
B19: 13 | E19: JDSPRO | F19: 0x00000018 | G19: AE_BLOCK_WEIGHT_24 | H19: AE_BLOCK_WEIGHT_25 | I19: ="0x"&AE_w_WORK!D18 -> 0xFFFF | J19: 40473
... B134: 128 | E134: JDSPRO | F134: 0x000000FE | G134: AE_BLOCK_WEIGHT_254 | H134: AE_BLOCK_WEIGHT_255 | I134: ="0x"&AE_w_WORK!D133 -> 0xFFFF | J134: 40473
B135: 129 | E135: JDSPRO | F135: 0x00000100 | G135: AE_BLOCK_WEIGHT_0 | H135: AE_BLOCK_WEIGHT_1 | I135: ="0x"&AE_w_WORK!E6 -> 0x0000 | J135: 40473 | K135: Center-weighted average 1
B136: 130 | E136: JDSPRO | F136: 0x00000102 | G136: AE_BLOCK_WEIGHT_2 | H136: AE_BLOCK_WEIGHT_3 | I136: ="0x"&AE_w_WORK!E7 -> 0x0000 | J136: 40473
B137: 131 | E137: JDSPRO | F137: 0x00000104 | G137: AE_BLOCK_WEIGHT_4 | H137: AE_BLOCK_WEIGHT_5 | I137: ="0x"&AE_w_WORK!E8 -> 0x0000 | J137: 40473
B138: 132 | E138: JDSPRO | F138: 0x00000106 | G138: AE_BLOCK_WEIGHT_6 | H138: AE_BLOCK_WEIGHT_7 | I138: ="0x"&AE_w_WORK!E9 -> 0x0000 | J138: 40473
B139: 133 | E139: JDSPRO | F139: 0x00000108 | G139: AE_BLOCK_WEIGHT_8 | H139: AE_BLOCK_WEIGHT_9 | I139: ="0x"&AE_w_WORK!E10 -> 0x0000 | J139: 40473
B140: 134 | E140: JDSPRO | F140: 0x0000010A | G140: AE_BLOCK_WEIGHT_10 | H140: AE_BLOCK_WEIGHT_11 | I140: ="0x"&AE_w_WORK!E11 -> 0x0000 | J140: 40473
B141: 135 | E141: JDSPRO | F141: 0x0000010C | G141: AE_BLOCK_WEIGHT_12 | H141: AE_BLOCK_WEIGHT_13 | I141: ="0x"&AE_w_WORK!E12 -> 0x0000 | J141: 40473
B142: 136 | E142: JDSPRO | F142: 0x0000010E | G142: AE_BLOCK_WEIGHT_14 | H142: AE_BLOCK_WEIGHT_15 | I142: ="0x"&AE_w_WORK!E13 -> 0x0000 | J142: 40473
B143: 137 | E143: JDSPRO | F143: 0x00000110 | G143: AE_BLOCK_WEIGHT_16 | H143: AE_BLOCK_WEIGHT_17 | I143: ="0x"&AE_w_WORK!E14 -> 0x0000 | J143: 40473
B144: 138 | E144: JDSPRO | F144: 0x00000112 | G144: AE_BLOCK_WEIGHT_18 | H144: AE_BLOCK_WEIGHT_19 | I144: ="0x"&AE_w_WORK!E15 -> 0x0000 | J144: 40473
B145: 139 | E145: JDSPRO | F145: 0x00000114 | G145: AE_BLOCK_WEIGHT_20 | H145: AE_BLOCK_WEIGHT_21 | I145: ="0x"&AE_w_WORK!E16 -> 0x0000 | J145: 40473
B146: 140 | E146: JDSPRO | F146: 0x00000116 | G146: AE_BLOCK_WEIGHT_22 | H146: AE_BLOCK_WEIGHT_23 | I146: ="0x"&AE_w_WORK!E17 -> 0x0000 | J146: 40473
B147: 141 | E147: JDSPRO | F147: 0x00000118 | G147: AE_BLOCK_WEIGHT_24 | H147: AE_BLOCK_WEIGHT_25 | I147: ="0x"&AE_w_WORK!E18 -> 0x0000 | J147: 40473
... B262: 256 | E262: JDSPRO | F262: 0x000001FE | G262: AE_BLOCK_WEIGHT_254 | H262: AE_BLOCK_WEIGHT_255 | I262: ="0x"&AE_w_WORK!E133 -> 0x0000 | J262: 40473
B263: 257 | E263: JDSPRO | F263: 0x00000200 | G263: AE_BLOCK_WEIGHT_0 | H263: AE_BLOCK_WEIGHT_1 | I263: ="0x"&AE_w_WORK!F6 -> 0x0000 | J263: 40473 | K263: Center-weighted average 2
B264: 258 | E264: JDSPRO | F264: 0x00000202 | G264: AE_BLOCK_WEIGHT_2 | H264: AE_BLOCK_WEIGHT_3 | I264: ="0x"&AE_w_WORK!F7 -> 0x0000 | J264: 40473
B265: 259 | E265: JDSPRO | F265: 0x00000204 | G265: AE_BLOCK_WEIGHT_4 | H265: AE_BLOCK_WEIGHT_5 | I265: ="0x"&AE_w_WORK!F8 -> 0x0000 | J265: 40473
B266: 260 | E266: JDSPRO | F266: 0x00000206 | G266: AE_BLOCK_WEIGHT_6 | H266: AE_BLOCK_WEIGHT_7 | I266: ="0x"&AE_w_WORK!F9 -> 0x0000 | J266: 40473
B267: 261 | E267: JDSPRO | F267: 0x00000208 | G267: AE_BLOCK_WEIGHT_8 | H267: AE_BLOCK_WEIGHT_9 | I267: ="0x"&AE_w_WORK!F10 -> 0x0000 | J267: 40473
B268: 262 | E268: JDSPRO | F268: 0x0000020A | G268: AE_BLOCK_WEIGHT_10 | H268: AE_BLOCK_WEIGHT_11 | I268: ="0x"&AE_w_WORK!F11 -> 0x0000 | J268: 40473
B269: 263 | E269: JDSPRO | F269: 0x0000020C | G269: AE_BLOCK_WEIGHT_12 | H269: AE_BLOCK_WEIGHT_13 | I269: ="0x"&AE_w_WORK!F12 -> 0x0000 | J269: 40473
B270: 264 | E270: JDSPRO | F270: 0x0000020E | G270: AE_BLOCK_WEIGHT_14 | H270: AE_BLOCK_WEIGHT_15 | I270: ="0x"&AE_w_WORK!F13 -> 0x0000 | J270: 40473
B271: 265 | E271: JDSPRO | F271: 0x00000210 | G271: AE_BLOCK_WEIGHT_16 | H271: AE_BLOCK_WEIGHT_17 | I271: ="0x"&AE_w_WORK!F14 -> 0x0000 | J271: 40473
B272: 266 | E272: JDSPRO | F272: 0x00000212 | G272: AE_BLOCK_WEIGHT_18 | H272: AE_BLOCK_WEIGHT_19 | I272: ="0x"&AE_w_WORK!F15 -> 0x0000 | J272: 40473
B273: 267 | E273: JDSPRO | F273: 0x00000214 | G273: AE_BLOCK_WEIGHT_20 | H273: AE_BLOCK_WEIGHT_21 | I273: ="0x"&AE_w_WORK!F16 -> 0x0000 | J273: 40473
B274: 268 | E274: JDSPRO | F274: 0x00000216 | G274: AE_BLOCK_WEIGHT_22 | H274: AE_BLOCK_WEIGHT_23 | I274: ="0x"&AE_w_WORK!F17 -> 0x0000 | J274: 40473
B275: 269 | E275: JDSPRO | F275: 0x00000218 | G275: AE_BLOCK_WEIGHT_24 | H275: AE_BLOCK_WEIGHT_25 | I275: ="0x"&AE_w_WORK!F18 -> 0x0000 | J275: 40473
... B390: 384 | E390: JDSPRO | F390: 0x000002FE | G390: AE_BLOCK_WEIGHT_254 | H390: AE_BLOCK_WEIGHT_255 | I390: ="0x"&AE_w_WORK!F133 -> 0x0000 | J390: 40473
B391: 385 | E391: JDSPRO | F391: 0x00000300 | G391: AE_BLOCK_WEIGHT_0 | H391: AE_BLOCK_WEIGHT_1 | I391: ="0x"&AE_w_WORK!G6 -> 0x2222 | J391: 40473 | K391: Center-weighted average 3
B392: 386 | E392: JDSPRO | F392: 0x00000302 | G392: AE_BLOCK_WEIGHT_2 | H392: AE_BLOCK_WEIGHT_3 | I392: ="0x"&AE_w_WORK!G7 -> 0x2222 | J392: 40473
B393: 387 | E393: JDSPRO | F393: 0x00000304 | G393: AE_BLOCK_WEIGHT_4 | H393: AE_BLOCK_WEIGHT_5 | I393: ="0x"&AE_w_WORK!G8 -> 0x2222 | J393: 40473
B394: 388 | E394: JDSPRO | F394: 0x00000306 | G394: AE_BLOCK_WEIGHT_6 | H394: AE_BLOCK_WEIGHT_7 | I394: ="0x"&AE_w_WORK!G9 -> 0x2222 | J394: 40473
B395: 389 | E395: JDSPRO | F395: 0x00000308 | G395: AE_BLOCK_WEIGHT_8 | H395: AE_BLOCK_WEIGHT_9 | I395: ="0x"&AE_w_WORK!G10 -> 0x2222 | J395: 40473
B396: 390 | E396: JDSPRO | F396: 0x0000030A | G396: AE_BLOCK_WEIGHT_10 | H396: AE_BLOCK_WEIGHT_11 | I396: ="0x"&AE_w_WORK!G11 -> 0x2222 | J396: 40473
B397: 391 | E397: JDSPRO | F397: 0x0000030C | G397: AE_BLOCK_WEIGHT_12 | H397: AE_BLOCK_WEIGHT_13 | I397: ="0x"&AE_w_WORK!G12 -> 0x2222 | J397: 40473
B398: 392 | E398: JDSPRO | F398: 0x0000030E | G398: AE_BLOCK_WEIGHT_14 | H398: AE_BLOCK_WEIGHT_15 | I398: ="0x"&AE_w_WORK!G13 -> 0x2222 | J398: 40473
B399: 393 | E399: JDSPRO | F399: 0x00000310 | G399: AE_BLOCK_WEIGHT_16 | H399: AE_BLOCK_WEIGHT_17 | I399: ="0x"&AE_w_WORK!G14 -> 0x2222 | J399: 40473
B400: 394 | E400: JDSPRO | F400: 0x00000312 | G400: AE_BLOCK_WEIGHT_18 | H400: AE_BLOCK_WEIGHT_19 | I400: ="0x"&AE_w_WORK!G15 -> 0x2222 | J400: 40473
B401: 395 | E401: JDSPRO | F401: 0x00000314 | G401: AE_BLOCK_WEIGHT_20 | H401: AE_BLOCK_WEIGHT_21 | I401: ="0x"&AE_w_WORK!G16 -> 0x2222 | J401: 40473
B402: 396 | E402: JDSPRO | F402: 0x00000316 | G402: AE_BLOCK_WEIGHT_22 | H402: AE_BLOCK_WEIGHT_23 | I402: ="0x"&AE_w_WORK!G17 -> 0x2222 | J402: 40473
B403: 397 | E403: JDSPRO | F403: 0x00000318 | G403: AE_BLOCK_WEIGHT_24 | H403: AE_BLOCK_WEIGHT_25 | I403: ="0x"&AE_w_WORK!G18 -> 0x2222 | J403: 40473
... B518: 512 | E518: JDSPRO | F518: 0x000003FE | G518: AE_BLOCK_WEIGHT_254 | H518: AE_BLOCK_WEIGHT_255 | I518: ="0x"&AE_w_WORK!G133 -> 0x2222 | J518: 40473
B519: 513 | E519: JDSPRO | F519: 0x00000400 | G519: AE_BLOCK_WEIGHT_0 | H519: AE_BLOCK_WEIGHT_1 | I519: ="0x"&AE_w_WORK!H6 -> 0x0000 | J519: 40473 | K519: Spot 1
B520: 514 | E520: JDSPRO | F520: 0x00000402 | G520: AE_BLOCK_WEIGHT_2 | H520: AE_BLOCK_WEIGHT_3 | I520: ="0x"&AE_w_WORK!H7 -> 0x0000 | J520: 40473
B521: 515 | E521: JDSPRO | F521: 0x00000404 | G521: AE_BLOCK_WEIGHT_4 | H521: AE_BLOCK_WEIGHT_5 | I521: ="0x"&AE_w_WORK!H8 -> 0x0000 | J521: 40473
B522: 516 | E522: JDSPRO | F522: 0x00000406 | G522: AE_BLOCK_WEIGHT_6 | H522: AE_BLOCK_WEIGHT_7 | I522: ="0x"&AE_w_WORK!H9 -> 0x0000 | J522: 40473
B523: 517 | E523: JDSPRO | F523: 0x00000408 | G523: AE_BLOCK_WEIGHT_8 | H523: AE_BLOCK_WEIGHT_9 | I523: ="0x"&AE_w_WORK!H10 -> 0x0000 | J523: 40473
B524: 518 | E524: JDSPRO | F524: 0x0000040A | G524: AE_BLOCK_WEIGHT_10 | H524: AE_BLOCK_WEIGHT_11 | I524: ="0x"&AE_w_WORK!H11 -> 0x0000 | J524: 40473
B525: 519 | E525: JDSPRO | F525: 0x0000040C | G525: AE_BLOCK_WEIGHT_12 | H525: AE_BLOCK_WEIGHT_13 | I525: ="0x"&AE_w_WORK!H12 -> 0x0000 | J525: 40473
B526: 520 | E526: JDSPRO | F526: 0x0000040E | G526: AE_BLOCK_WEIGHT_14 | H526: AE_BLOCK_WEIGHT_15 | I526: ="0x"&AE_w_WORK!H13 -> 0x0000 | J526: 40473
B527: 521 | E527: JDSPRO | F527: 0x00000410 | G527: AE_BLOCK_WEIGHT_16 | H527: AE_BLOCK_WEIGHT_17 | I527: ="0x"&AE_w_WORK!H14 -> 0x0000 | J527: 40473
B528: 522 | E528: JDSPRO | F528: 0x00000412 | G528: AE_BLOCK_WEIGHT_18 | H528: AE_BLOCK_WEIGHT_19 | I528: ="0x"&AE_w_WORK!H15 -> 0x0000 | J528: 40473
B529: 523 | E529: JDSPRO | F529: 0x00000414 | G529: AE_BLOCK_WEIGHT_20 | H529: AE_BLOCK_WEIGHT_21 | I529: ="0x"&AE_w_WORK!H16 -> 0x0000 | J529: 40473
B530: 524 | E530: JDSPRO | F530: 0x00000416 | G530: AE_BLOCK_WEIGHT_22 | H530: AE_BLOCK_WEIGHT_23 | I530: ="0x"&AE_w_WORK!H17 -> 0x0000 | J530: 40473
B531: 525 | E531: JDSPRO | F531: 0x00000418 | G531: AE_BLOCK_WEIGHT_24 | H531: AE_BLOCK_WEIGHT_25 | I531: ="0x"&AE_w_WORK!H18 -> 0x0000 | J531: 40473
... B646: 640 | E646: JDSPRO | F646: 0x000004FE | G646: AE_BLOCK_WEIGHT_254 | H646: AE_BLOCK_WEIGHT_255 | I646: ="0x"&AE_w_WORK!H133 -> 0x0000 | J646: 40473
B647: 641 | E647: JDSPRO | F647: 0x00000500 | G647: AE_BLOCK_WEIGHT_0 | H647: AE_BLOCK_WEIGHT_1 | I647: ="0x"&AE_w_WORK!I6 -> 0x0000 | J647: 40473 | K647: Spot 2
B648: 642 | E648: JDSPRO | F648: 0x00000502 | G648: AE_BLOCK_WEIGHT_2 | H648: AE_BLOCK_WEIGHT_3 | I648: ="0x"&AE_w_WORK!I7 -> 0x0000 | J648: 40473
B649: 643 | E649: JDSPRO | F649: 0x00000504 | G649: AE_BLOCK_WEIGHT_4 | H649: AE_BLOCK_WEIGHT_5 | I649: ="0x"&AE_w_WORK!I8 -> 0x0000 | J649: 40473
B650: 644 | E650: JDSPRO | F650: 0x00000506 | G650: AE_BLOCK_WEIGHT_6 | H650: AE_BLOCK_WEIGHT_7 | I650: ="0x"&AE_w_WORK!I9 -> 0x0000 | J650: 40473
B651: 645 | E651: JDSPRO | F651: 0x00000508 | G651: AE_BLOCK_WEIGHT_8 | H651: AE_BLOCK_WEIGHT_9 | I651: ="0x"&AE_w_WORK!I10 -> 0x0000 | J651: 40473
B652: 646 | E652: JDSPRO | F652: 0x0000050A | G652: AE_BLOCK_WEIGHT_10 | H652: AE_BLOCK_WEIGHT_11 | I652: ="0x"&AE_w_WORK!I11 -> 0x0000 | J652: 40473
B653: 647 | E653: JDSPRO | F653: 0x0000050C | G653: AE_BLOCK_WEIGHT_12 | H653: AE_BLOCK_WEIGHT_13 | I653: ="0x"&AE_w_WORK!I12 -> 0x0000 | J653: 40473
B654: 648 | E654: JDSPRO | F654: 0x0000050E | G654: AE_BLOCK_WEIGHT_14 | H654: AE_BLOCK_WEIGHT_15 | I654: ="0x"&AE_w_WORK!I13 -> 0x0000 | J654: 40473
B655: 649 | E655: JDSPRO | F655: 0x00000510 | G655: AE_BLOCK_WEIGHT_16 | H655: AE_BLOCK_WEIGHT_17 | I655: ="0x"&AE_w_WORK!I14 -> 0x0000 | J655: 40473
B656: 650 | E656: JDSPRO | F656: 0x00000512 | G656: AE_BLOCK_WEIGHT_18 | H656: AE_BLOCK_WEIGHT_19 | I656: ="0x"&AE_w_WORK!I15 -> 0x0000 | J656: 40473
B657: 651 | E657: JDSPRO | F657: 0x00000514 | G657: AE_BLOCK_WEIGHT_20 | H657: AE_BLOCK_WEIGHT_21 | I657: ="0x"&AE_w_WORK!I16 -> 0x0000 | J657: 40473
B658: 652 | E658: JDSPRO | F658: 0x00000516 | G658: AE_BLOCK_WEIGHT_22 | H658: AE_BLOCK_WEIGHT_23 | I658: ="0x"&AE_w_WORK!I17 -> 0x0000 | J658: 40473
B659: 653 | E659: JDSPRO | F659: 0x00000518 | G659: AE_BLOCK_WEIGHT_24 | H659: AE_BLOCK_WEIGHT_25 | I659: ="0x"&AE_w_WORK!I18 -> 0x0000 | J659: 40473
... B774: 768 | E774: JDSPRO | F774: 0x000005FE | G774: AE_BLOCK_WEIGHT_254 | H774: AE_BLOCK_WEIGHT_255 | I774: ="0x"&AE_w_WORK!I133 -> 0x0000 | J774: 40473
B775: 769 | E775: JDSPRO | F775: 0x00000600 | G775: AE_BLOCK_WEIGHT_0 | H775: AE_BLOCK_WEIGHT_1 | I775: ="0x"&AE_w_WORK!J6 -> 0x0000 | J775: 40473 | K775: User setting weight table 1
B776: 770 | E776: JDSPRO | F776: 0x00000602 | G776: AE_BLOCK_WEIGHT_2 | H776: AE_BLOCK_WEIGHT_3 | I776: ="0x"&AE_w_WORK!J7 -> 0x0000 | J776: 40473
B777: 771 | E777: JDSPRO | F777: 0x00000604 | G777: AE_BLOCK_WEIGHT_4 | H777: AE_BLOCK_WEIGHT_5 | I777: ="0x"&AE_w_WORK!J8 -> 0x0000 | J777: 40473
B778: 772 | E778: JDSPRO | F778: 0x00000606 | G778: AE_BLOCK_WEIGHT_6 | H778: AE_BLOCK_WEIGHT_7 | I778: ="0x"&AE_w_WORK!J9 -> 0x0000 | J778: 40473
B779: 773 | E779: JDSPRO | F779: 0x00000608 | G779: AE_BLOCK_WEIGHT_8 | H779: AE_BLOCK_WEIGHT_9 | I779: ="0x"&AE_w_WORK!J10 -> 0x0000 | J779: 40473
B780: 774 | E780: JDSPRO | F780: 0x0000060A | G780: AE_BLOCK_WEIGHT_10 | H780: AE_BLOCK_WEIGHT_11 | I780: ="0x"&AE_w_WORK!J11 -> 0x0000 | J780: 40473
B781: 775 | E781: JDSPRO | F781: 0x0000060C | G781: AE_BLOCK_WEIGHT_12 | H781: AE_BLOCK_WEIGHT_13 | I781: ="0x"&AE_w_WORK!J12 -> 0x0000 | J781: 40473
B782: 776 | E782: JDSPRO | F782: 0x0000060E | G782: AE_BLOCK_WEIGHT_14 | H782: AE_BLOCK_WEIGHT_15 | I782: ="0x"&AE_w_WORK!J13 -> 0x0000 | J782: 40473
B783: 777 | E783: JDSPRO | F783: 0x00000610 | G783: AE_BLOCK_WEIGHT_16 | H783: AE_BLOCK_WEIGHT_17 | I783: ="0x"&AE_w_WORK!J14 -> 0x0000 | J783: 40473
B784: 778 | E784: JDSPRO | F784: 0x00000612 | G784: AE_BLOCK_WEIGHT_18 | H784: AE_BLOCK_WEIGHT_19 | I784: ="0x"&AE_w_WORK!J15 -> 0x0000 | J784: 40473
B785: 779 | E785: JDSPRO | F785: 0x00000614 | G785: AE_BLOCK_WEIGHT_20 | H785: AE_BLOCK_WEIGHT_21 | I785: ="0x"&AE_w_WORK!J16 -> 0x0000 | J785: 40473
B786: 780 | E786: JDSPRO | F786: 0x00000616 | G786: AE_BLOCK_WEIGHT_22 | H786: AE_BLOCK_WEIGHT_23 | I786: ="0x"&AE_w_WORK!J17 -> 0x0000 | J786: 40473
B787: 781 | E787: JDSPRO | F787: 0x00000618 | G787: AE_BLOCK_WEIGHT_24 | H787: AE_BLOCK_WEIGHT_25 | I787: ="0x"&AE_w_WORK!J18 -> 0x0000 | J787: 40473
...

Sheet ROM_WORK
B6: Whole of ROM structure | C6: Name of BIN file | D6: AE_WEIGHT_MAP.BIN | F6: Detail:Detail information cell name(At the jump destination)
C7: Name of Header file | D7: ae_weight_map.h | F7: Structures:Structure:1 = array, 2 = structure, 3 = Register map, 4 = Menber
C8: Name of Memory File | D8: ae_weight_map.c | F8: Siz: Size: When using array, size of basic type
C9: Memory Map Address | D9: 0x0 | F9: Number of parameter set:When using 2 dimensional array, Number of elements of output data arrays
C10: Nameof Section | D10: AE_WEIGHT_MAP_SECTION | F10: Number of complete set:When using 3 dimensional array, Number of elements of output data arrays
C11: Name of variable | D11: AE_WEIGHT_MEM
C12: Name of Structure | D12: _AE_Weight_map
C13: Name of RAM MAP Add. | D13: ram_map.h
K14: Init Value
B15: Name | C15: Address | D15: Name of Structure | E15: Name of member variable | F15: Detail | G15: Strucures | H15: Size | I15: Number of parameter set | J15: Number of complete set | K15: Sheet | L15: Cell
B16: AE Weight Table | C16: =VLOOKUP(B16,ROM_MAP!$C$1:$F$27535,4,FALSE) -> 0x00000000 | D16: _ae_weight | E16: AE_WEIGHT | F16: ="B"&ROW(B23) -> B23 | G16: 2 | I16: 13
B17: End Address + 1 | C17: =VLOOKUP(B17,ROM_MAP!$C$7:$F$27535,4,FALSE) -> 0x00000D00
B19: Data for detail refer
B22: Detail of AE Weight Table structure
B23: AE Weight Table | C23: =VLOOKUP(B23,B16:C16,2,FALSE) -> 0x00000000 | D23: _ae_weight | E23: AE_W | G23: 1 | H23: 1 | I23: 1 | J23: 1
B24: End Address + 1 | C24: ="0x"&DEC2HEX(HEX2DEC(REPLACE(C23,1,2,""))+256,8) -> 0x00000100

Sheet AE_weight
A1: Setting of AE Weight Table
A2: * Only the value of a black, bold above the line is reflected in "ROM_MAP"sheet. The value of a possible setting is 0-7. | U2: =A1&"Work領域" -> Setting of AE Weight TableWork領域 | AA2: テーブル色塗り範囲指定
A3: 1.All block integral (Storage to ROM) | U3: =A3 -> 1.All block integral (Storage to ROM) | AA3: 下限 | AB3: 上限
C4: 0 | D4: 1 | E4: 2 | F4: 3 | G4: 4 | H4: 5 | I4: 6 | J4: 7 | K4: 8 | L4: 9 | M4: 10 | N4: 11 | O4: 12 | P4: 13 | Q4: 14 | R4: 15 | V4: =C4&D4&E4&F4 -> 0123 | W4: =G4&H4&I4&J4 -> 4567 | X4: =K4&L4&M4&N4 -> 891011 | Y4: =O4&P4&Q4&R4 -> 12131415 | AA4: 15 | AB4: 15
B5: 0 | C5: 15 | D5: 15 | E5: 15 | F5: 15 | G5: 15 | H5: 15 | I5: 15 | J5: 15 | K5: 15 | L5: 15 | M5: 15 | N5: 15 | O5: 15 | P5: 15 | Q5: 15 | R5: 15 | U5: =B5 -> 0 | V5: =DEC2HEX(C5)&DEC2HEX(D5)&DEC2HEX(E5)&DEC2HEX(F5) -> FFFF | W5: =DEC2HEX(G5)&DEC2HEX(H5)&DEC2HEX(I5)&DEC2HEX(J5) -> FFFF | X5: =DEC2HEX(K5)&DEC2HEX(L5)&DEC2HEX(M5)&DEC2HEX(N5) -> FFFF | Y5: =DEC2HEX(O5)&DEC2HEX(P5)&DEC2HEX(Q5)&DEC2HEX(R5) -> FFFF | AA5: 13 | AB5: 13
B6: 1 | C6: 15 | D6: 15 | E6: 15 | F6: 15 | G6: 15 | H6: 15 | I6: 15 | J6: 15 | K6: 15 | L6: 15 | M6: 15 | N6: 15 | O6: 15 | P6: 15 | Q6: 15 | R6: 15 | U6: =B6 -> 1 | V6: =DEC2HEX(C6)&DEC2HEX(D6)&DEC2HEX(E6)&DEC2HEX(F6) -> FFFF | W6: =DEC2HEX(G6)&DEC2HEX(H6)&DEC2HEX(I6)&DEC2HEX(J6) -> FFFF | X6: =DEC2HEX(K6)&DEC2HEX(L6)&DEC2HEX(M6)&DEC2HEX(N6) -> FFFF | Y6: =DEC2HEX(O6)&DEC2HEX(P6)&DEC2HEX(Q6)&DEC2HEX(R6) -> FFFF | AA6: 11 | AB6: 11
B7: 2 | C7: 15 | D7: 15 | E7: 15 | F7: 15 | G7: 15 | H7: 15 | I7: 15 | J7: 15 | K7: 15 | L7: 15 | M7: 15 | N7: 15 | O7: 15 | P7: 15 | Q7: 15 | R7: 15 | U7: =B7 -> 2 | V7: =DEC2HEX(C7)&DEC2HEX(D7)&DEC2HEX(E7)&DEC2HEX(F7) -> FFFF | W7: =DEC2HEX(G7)&DEC2HEX(H7)&DEC2HEX(I7)&DEC2HEX(J7) -> FFFF | X7: =DEC2HEX(K7)&DEC2HEX(L7)&DEC2HEX(M7)&DEC2HEX(N7) -> FFFF | Y7: =DEC2HEX(O7)&DEC2HEX(P7)&DEC2HEX(Q7)&DEC2HEX(R7) -> FFFF | AA7: 8 | AB7: 8
B8: 3 | C8: 15 | D8: 15 | E8: 15 | F8: 15 | G8: 15 | H8: 15 | I8: 15 | J8: 15 | K8: 15 | L8: 15 | M8: 15 | N8: 15 | O8: 15 | P8: 15 | Q8: 15 | R8: 15 | U8: =B8 -> 3 | V8: =DEC2HEX(C8)&DEC2HEX(D8)&DEC2HEX(E8)&DEC2HEX(F8) -> FFFF | W8: =DEC2HEX(G8)&DEC2HEX(H8)&DEC2HEX(I8)&DEC2HEX(J8) -> FFFF | X8: =DEC2HEX(K8)&DEC2HEX(L8)&DEC2HEX(M8)&DEC2HEX(N8) -> FFFF | Y8: =DEC2HEX(O8)&DEC2HEX(P8)&DEC2HEX(Q8)&DEC2HEX(R8) -> FFFF | AA8: 6 | AB8: 6
B9: 4 | C9: 15 | D9: 15 | E9: 15 | F9: 15 | G9: 15 | H9: 15 | I9: 15 | J9: 15 | K9: 15 | L9: 15 | M9: 15 | N9: 15 | O9: 15 | P9: 15 | Q9: 15 | R9: 15 | U9: =B9 -> 4 | V9: =DEC2HEX(C9)&DEC2HEX(D9)&DEC2HEX(E9)&DEC2HEX(F9) -> FFFF | W9: =DEC2HEX(G9)&DEC2HEX(H9)&DEC2HEX(I9)&DEC2HEX(J9) -> FFFF | X9: =DEC2HEX(K9)&DEC2HEX(L9)&DEC2HEX(M9)&DEC2HEX(N9) -> FFFF | Y9: =DEC2HEX(O9)&DEC2HEX(P9)&DEC2HEX(Q9)&DEC2HEX(R9) -> FFFF | AA9: 4 | AB9: 4
B10: 5 | C10: 15 | D10: 15 | E10: 15 | F10: 15 | G10: 15 | H10: 15 | I10: 15 | J10: 15 | K10: 15 | L10: 15 | M10: 15 | N10: 15 | O10: 15 | P10: 15 | Q10: 15 | R10: 15 | U10: =B10 -> 5 | V10: =DEC2HEX(C10)&DEC2HEX(D10)&DEC2HEX(E10)&DEC2HEX(F10) -> FFFF | W10: =DEC2HEX(G10)&DEC2HEX(H10)&DEC2HEX(I10)&DEC2HEX(J10) -> FFFF | X10: =DEC2HEX(K10)&DEC2HEX(L10)&DEC2HEX(M10)&DEC2HEX(N10) -> FFFF | Y10: =DEC2HEX(O10)&DEC2HEX(P10)&DEC2HEX(Q10)&DEC2HEX(R10) -> FFFF | AA10: 2 | AB10: 3
B11: 6 | C11: 15 | D11: 15 | E11: 15 | F11: 15 | G11: 15 | H11: 15 | I11: 15 | J11: 15 | K11: 15 | L11: 15 | M11: 15 | N11: 15 | O11: 15 | P11: 15 | Q11: 15 | R11: 15 | U11: =B11 -> 6 | V11: =DEC2HEX(C11)&DEC2HEX(D11)&DEC2HEX(E11)&DEC2HEX(F11) -> FFFF | W11: =DEC2HEX(G11)&DEC2HEX(H11)&DEC2HEX(I11)&DEC2HEX(J11) -> FFFF | X11: =DEC2HEX(K11)&DEC2HEX(L11)&DEC2HEX(M11)&DEC2HEX(N11) -> FFFF | Y11: =DEC2HEX(O11)&DEC2HEX(P11)&DEC2HEX(Q11)&DEC2HEX(R11) -> FFFF | AA11: 1 | AB11: 1
B12: 7 | C12: 15 | D12: 15 | E12: 15 | F12: 15 | G12: 15 | H12: 15 | I12: 15 | J12: 15 | K12: 15 | L12: 15 | M12: 15 | N12: 15 | O12: 15 | P12: 15 | Q12: 15 | R12: 15 | U12: =B12 -> 7 | V12: =DEC2HEX(C12)&DEC2HEX(D12)&DEC2HEX(E12)&DEC2HEX(F12) -> FFFF | W12: =DEC2HEX(G12)&DEC2HEX(H12)&DEC2HEX(I12)&DEC2HEX(J12) -> FFFF | X12: =DEC2HEX(K12)&DEC2HEX(L12)&DEC2HEX(M12)&DEC2HEX(N12) -> FFFF | Y12: =DEC2HEX(O12)&DEC2HEX(P12)&DEC2HEX(Q12)&DEC2HEX(R12) -> FFFF
B13: 8 | C13: 15 | D13: 15 | E13: 15 | F13: 15 | G13: 15 | H13: 15 | I13: 15 | J13: 15 | K13: 15 | L13: 15 | M13: 15 | N13: 15 | O13: 15 | P13: 15 | Q13: 15 | R13: 15 | U13: =B13 -> 8 | V13: =DEC2HEX(C13)&DEC2HEX(D13)&DEC2HEX(E13)&DEC2HEX(F13) -> FFFF | W13: =DEC2HEX(G13)&DEC2HEX(H13)&DEC2HEX(I13)&DEC2HEX(J13) -> FFFF | X13: =DEC2HEX(K13)&DEC2HEX(L13)&DEC2HEX(M13)&DEC2HEX(N13) -> FFFF | Y13: =DEC2HEX(O13)&DEC2HEX(P13)&DEC2HEX(Q13)&DEC2HEX(R13) -> FFFF | AA13: 重み係数指定
B14: 9 | C14: 15 | D14: 15 | E14: 15 | F14: 15 | G14: 15 | H14: 15 | I14: 15 | J14: 15 | K14: 15 | L14: 15 | M14: 15 | N14: 15 | O14: 15 | P14: 15 | Q14: 15 | R14: 15 | U14: =B14 -> 9 | V14: =DEC2HEX(C14)&DEC2HEX(D14)&DEC2HEX(E14)&DEC2HEX(F14) -> FFFF | W14: =DEC2HEX(G14)&DEC2HEX(H14)&DEC2HEX(I14)&DEC2HEX(J14) -> FFFF | X14: =DEC2HEX(K14)&DEC2HEX(L14)&DEC2HEX(M14)&DEC2HEX(N14) -> FFFF | Y14: =DEC2HEX(O14)&DEC2HEX(P14)&DEC2HEX(Q14)&DEC2HEX(R14) -> FFFF | AA14: 設定値 | AB14: 重み係数
B15: 10 | C15: 15 | D15: 15 | E15: 15 | F15: 15 | G15: 15 | H15: 15 | I15: 15 | J15: 15 | K15: 15 | L15: 15 | M15: 15 | N15: 15 | O15: 15 | P15: 15 | Q15: 15 | R15: 15 | U15: =B15 -> 10 | V15: =DEC2HEX(C15)&DEC2HEX(D15)&DEC2HEX(E15)&DEC2HEX(F15) -> FFFF | W15: =DEC2HEX(G15)&DEC2HEX(H15)&DEC2HEX(I15)&DEC2HEX(J15) -> FFFF | X15: =DEC2HEX(K15)&DEC2HEX(L15)&DEC2HEX(M15)&DEC2HEX(N15) -> FFFF | Y15: =DEC2HEX(O15)&DEC2HEX(P15)&DEC2HEX(Q15)&DEC2HEX(R15) -> FFFF | AA15: 0 | AB15: 積算しない
B16: 11 | C16: 15 | D16: 15 | E16: 15 | F16: 15 | G16: 15 | H16: 15 | I16: 15 | J16: 15 | K16: 15 | L16: 15 | M16: 15 | N16: 15 | O16: 15 | P16: 15 | Q16: 15 | R16: 15 | U16: =B16 -> 11 | V16: =DEC2HEX(C16)&DEC2HEX(D16)&DEC2HEX(E16)&DEC2HEX(F16) -> FFFF | W16: =DEC2HEX(G16)&DEC2HEX(H16)&DEC2HEX(I16)&DEC2HEX(J16) -> FFFF | X16: =DEC2HEX(K16)&DEC2HEX(L16)&DEC2HEX(M16)&DEC2HEX(N16) -> FFFF | Y16: =DEC2HEX(O16)&DEC2HEX(P16)&DEC2HEX(Q16)&DEC2HEX(R16) -> FFFF | AA16: 1 | AB16: 積算結果 * 1/16
B17: 12 | C17: 15 | D17: 15 | E17: 15 | F17: 15 | G17: 15 | H17: 15 | I17: 15 | J17: 15 | K17: 15 | L17: 15 | M17: 15 | N17: 15 | O17: 15 | P17: 15 | Q17: 15 | R17: 15 | U17: =B17 -> 12 | V17: =DEC2HEX(C17)&DEC2HEX(D17)&DEC2HEX(E17)&DEC2HEX(F17) -> FFFF | W17: =DEC2HEX(G17)&DEC2HEX(H17)&DEC2HEX(I17)&DEC2HEX(J17) -> FFFF | X17: =DEC2HEX(K17)&DEC2HEX(L17)&DEC2HEX(M17)&DEC2HEX(N17) -> FFFF | Y17: =DEC2HEX(O17)&DEC2HEX(P17)&DEC2HEX(Q17)&DEC2HEX(R17) -> FFFF | AA17: 2 | AB17: 積算結果 * 2/16
B18: 13 | C18: 15 | D18: 15 | E18: 15 | F18: 15 | G18: 15 | H18: 15 | I18: 15 | J18: 15 | K18: 15 | L18: 15 | M18: 15 | N18: 15 | O18: 15 | P18: 15 | Q18: 15 | R18: 15 | U18: =B18 -> 13 | V18: =DEC2HEX(C18)&DEC2HEX(D18)&DEC2HEX(E18)&DEC2HEX(F18) -> FFFF | W18: =DEC2HEX(G18)&DEC2HEX(H18)&DEC2HEX(I18)&DEC2HEX(J18) -> FFFF | X18: =DEC2HEX(K18)&DEC2HEX(L18)&DEC2HEX(M18)&DEC2HEX(N18) -> FFFF | Y18: =DEC2HEX(O18)&DEC2HEX(P18)&DEC2HEX(Q18)&DEC2HEX(R18) -> FFFF | AA18: 3 | AB18: 積算結果 * 3/16
B19: 14 | C19: 15 | D19: 15 | E19: 15 | F19: 15 | G19: 15 | H19: 15 | I19: 15 | J19: 15 | K19: 15 | L19: 15 | M19: 15 | N19: 15 | O19: 15 | P19: 15 | Q19: 15 | R19: 15 | U19: =B19 -> 14 | V19: =DEC2HEX(C19)&DEC2HEX(D19)&DEC2HEX(E19)&DEC2HEX(F19) -> FFFF | W19: =DEC2HEX(G19)&DEC2HEX(H19)&DEC2HEX(I19)&DEC2HEX(J19) -> FFFF | X19: =DEC2HEX(K19)&DEC2HEX(L19)&DEC2HEX(M19)&DEC2HEX(N19) -> FFFF | Y19: =DEC2HEX(O19)&DEC2HEX(P19)&DEC2HEX(Q19)&DEC2HEX(R19) -> FFFF | AA19: 4 | AB19: 積算結果 * 4/16
B20: 15 | C20: 15 | D20: 15 | E20: 15 | F20: 15 | G20: 15 | H20: 15 | I20: 15 | J20: 15 | K20: 15 | L20: 15 | M20: 15 | N20: 15 | O20: 15 | P20: 15 | Q20: 15 | R20: 15 | U20: =B20 -> 15 | V20: =DEC2HEX(C20)&DEC2HEX(D20)&DEC2HEX(E20)&DEC2HEX(F20) -> FFFF | W20: =DEC2HEX(G20)&DEC2HEX(H20)&DEC2HEX(I20)&DEC2HEX(J20) -> FFFF | X20: =DEC2HEX(K20)&DEC2HEX(L20)&DEC2HEX(M20)&DEC2HEX(N20) -> FFFF | Y20: =DEC2HEX(O20)&DEC2HEX(P20)&DEC2HEX(Q20)&DEC2HEX(R20) -> FFFF | AA20: 5 | AB20: 積算結果 * 5/16
B21: 16 | C21: 15 | D21: 15 | E21: 15 | F21: 15 | G21: 15 | H21: 15 | I21: 15 | J21: 15 | K21: 15 | L21: 15 | M21: 15 | N21: 15 | O21: 15 | P21: 15 | Q21: 15 | R21: 15 | U21: =B21 -> 16 | V21: =DEC2HEX(C21)&DEC2HEX(D21)&DEC2HEX(E21)&DEC2HEX(F21) -> FFFF | W21: =DEC2HEX(G21)&DEC2HEX(H21)&DEC2HEX(I21)&DEC2HEX(J21) -> FFFF | X21: =DEC2HEX(K21)&DEC2HEX(L21)&DEC2HEX(M21)&DEC2HEX(N21) -> FFFF | Y21: =DEC2HEX(O21)&DEC2HEX(P21)&DEC2HEX(Q21)&DEC2HEX(R21) -> FFFF | AA21: 6 | AB21: 積算結果 * 6/16
B22: 17 | C22: 15 | D22: 15 | E22: 15 | F22: 15 | G22: 15 | H22: 15 | I22: 15 | J22: 15 | K22: 15 | L22: 15 | M22: 15 | N22: 15 | O22: 15 | P22: 15 | Q22: 15 | R22: 15 | U22: =B22 -> 17 | V22: =DEC2HEX(C22)&DEC2HEX(D22)&DEC2HEX(E22)&DEC2HEX(F22) -> FFFF | W22: =DEC2HEX(G22)&DEC2HEX(H22)&DEC2HEX(I22)&DEC2HEX(J22) -> FFFF | X22: =DEC2HEX(K22)&DEC2HEX(L22)&DEC2HEX(M22)&DEC2HEX(N22) -> FFFF | Y22: =DEC2HEX(O22)&DEC2HEX(P22)&DEC2HEX(Q22)&DEC2HEX(R22) -> FFFF | AA22: 7 | AB22: 積算結果 * 7/16
B23: 18 | C23: 15 | D23: 15 | E23: 15 | F23: 15 | G23: 15 | H23: 15 | I23: 15 | J23: 15 | K23: 15 | L23: 15 | M23: 15 | N23: 15 | O23: 15 | P23: 15 | Q23: 15 | R23: 15 | U23: =B23 -> 18 | V23: =DEC2HEX(C23)&DEC2HEX(D23)&DEC2HEX(E23)&DEC2HEX(F23) -> FFFF | W23: =DEC2HEX(G23)&DEC2HEX(H23)&DEC2HEX(I23)&DEC2HEX(J23) -> FFFF | X23: =DEC2HEX(K23)&DEC2HEX(L23)&DEC2HEX(M23)&DEC2HEX(N23) -> FFFF | Y23: =DEC2HEX(O23)&DEC2HEX(P23)&DEC2HEX(Q23)&DEC2HEX(R23) -> FFFF | AA23: 8 | AB23: 積算結果 * 8/16
B24: 19 | C24: 15 | D24: 15 | E24: 15 | F24: 15 | G24: 15 | H24: 15 | I24: 15 | J24: 15 | K24: 15 | L24: 15 | M24: 15 | N24: 15 | O24: 15 | P24: 15 | Q24: 15 | R24: 15 | U24: =B24 -> 19 | V24: =DEC2HEX(C24)&DEC2HEX(D24)&DEC2HEX(E24)&DEC2HEX(F24) -> FFFF | W24: =DEC2HEX(G24)&DEC2HEX(H24)&DEC2HEX(I24)&DEC2HEX(J24) -> FFFF | X24: =DEC2HEX(K24)&DEC2HEX(L24)&DEC2HEX(M24)&DEC2HEX(N24) -> FFFF | Y24: =DEC2HEX(O24)&DEC2HEX(P24)&DEC2HEX(Q24)&DEC2HEX(R24) -> FFFF | AA24: 9 | AB24: 積算結果 * 9/16
B25: 20 | C25: 15 | D25: 15 | E25: 15 | F25: 15 | G25: 15 | H25: 15 | I25: 15 | J25: 15 | K25: 15 | L25: 15 | M25: 15 | N25: 15 | O25: 15 | P25: 15 | Q25: 15 | R25: 15 | U25: =B25 -> 20 | V25: =DEC2HEX(C25)&DEC2HEX(D25)&DEC2HEX(E25)&DEC2HEX(F25) -> FFFF | W25: =DEC2HEX(G25)&DEC2HEX(H25)&DEC2HEX(I25)&DEC2HEX(J25) -> FFFF | X25: =DEC2HEX(K25)&DEC2HEX(L25)&DEC2HEX(M25)&DEC2HEX(N25) -> FFFF | Y25: =DEC2HEX(O25)&DEC2HEX(P25)&DEC2HEX(Q25)&DEC2HEX(R25) -> FFFF | AA25: 10 | AB25: 積算結果 * 10/16
B26: 21 | C26: 15 | D26: 15 | E26: 15 | F26: 15 | G26: 15 | H26: 15 | I26: 15 | J26: 15 | K26: 15 | L26: 15 | M26: 15 | N26: 15 | O26: 15 | P26: 15 | Q26: 15 | R26: 15 | U26: =B26 -> 21 | V26: =DEC2HEX(C26)&DEC2HEX(D26)&DEC2HEX(E26)&DEC2HEX(F26) -> FFFF | W26: =DEC2HEX(G26)&DEC2HEX(H26)&DEC2HEX(I26)&DEC2HEX(J26) -> FFFF | X26: =DEC2HEX(K26)&DEC2HEX(L26)&DEC2HEX(M26)&DEC2HEX(N26) -> FFFF | Y26: =DEC2HEX(O26)&DEC2HEX(P26)&DEC2HEX(Q26)&DEC2HEX(R26) -> FFFF | AA26: 11 | AB26: 積算結果 * 11/16
... B30: 25 | C30: 15 | D30: 15 | E30: 15 | F30: 15 | G30: 15 | H30: 15 | I30: 15 | J30: 15 | K30: 15 | L30: 15 | M30: 15 | N30: 15 | O30: 15 | P30: 15 | Q30: 15 | R30: 15 | U30: =B30 -> 25 | V30: =DEC2HEX(C30)&DEC2HEX(D30)&DEC2HEX(E30)&DEC2HEX(F30) -> FFFF | W30: =DEC2HEX(G30)&DEC2HEX(H30)&DEC2HEX(I30)&DEC2HEX(J30) -> FFFF | X30: =DEC2HEX(K30)&DEC2HEX(L30)&DEC2HEX(M30)&DEC2HEX(N30) -> FFFF | Y30: =DEC2HEX(O30)&DEC2HEX(P30)&DEC2HEX(Q30)&DEC2HEX(R30) -> FFFF | AA30: 15 | AB30: 積算結果 * 15/16
B31: 26 | C31: 15 | D31: 15 | E31: 15 | F31: 15 | G31: 15 | H31: 15 | I31: 15 | J31: 15 | K31: 15 | L31: 15 | M31: 15 | N31: 15 | O31: 15 | P31: 15 | Q31: 15 | R31: 15 | U31: =B31 -> 26 | V31: =DEC2HEX(C31)&DEC2HEX(D31)&DEC2HEX(E31)&DEC2HEX(F31) -> FFFF | W31: =DEC2HEX(G31)&DEC2HEX(H31)&DEC2HEX(I31)&DEC2HEX(J31) -> FFFF | X31: =DEC2HEX(K31)&DEC2HEX(L31)&DEC2HEX(M31)&DEC2HEX(N31) -> FFFF | Y31: =DEC2HEX(O31)&DEC2HEX(P31)&DEC2HEX(Q31)&DEC2HEX(R31) -> FFFF
B32: 27 | C32: 15 | D32: 15 | E32: 15 | F32: 15 | G32: 15 | H32: 15 | I32: 15 | J32: 15 | K32: 15 | L32: 15 | M32: 15 | N32: 15 | O32: 15 | P32: 15 | Q32: 15 | R32: 15 | U32: =B32 -> 27 | V32: =DEC2HEX(C32)&DEC2HEX(D32)&DEC2HEX(E32)&DEC2HEX(F32) -> FFFF | W32: =DEC2HEX(G32)&DEC2HEX(H32)&DEC2HEX(I32)&DEC2HEX(J32) -> FFFF | X32: =DEC2HEX(K32)&DEC2HEX(L32)&DEC2HEX(M32)&DEC2HEX(N32) -> FFFF | Y32: =DEC2HEX(O32)&DEC2HEX(P32)&DEC2HEX(Q32)&DEC2HEX(R32) -> FFFF | AA32: ※AE/AWB検波サイズが16x16の時は、
B33: 28 | C33: 15 | D33: 15 | E33: 15 | F33: 15 | G33: 15 | H33: 15 | I33: 15 | J33: 15 | K33: 15 | L33: 15 | M33: 15 | N33: 15 | O33: 15 | P33: 15 | Q33: 15 | R33: 15 | U33: =B33 -> 28 | V33: =DEC2HEX(C33)&DEC2HEX(D33)&DEC2HEX(E33)&DEC2HEX(F33) -> FFFF | W33: =DEC2HEX(G33)&DEC2HEX(H33)&DEC2HEX(I33)&DEC2HEX(J33) -> FFFF | X33: =DEC2HEX(K33)&DEC2HEX(L33)&DEC2HEX(M33)&DEC2HEX(N33) -> FFFF | Y33: =DEC2HEX(O33)&DEC2HEX(P33)&DEC2HEX(Q33)&DEC2HEX(R33) -> FFFF | AA33: 垂直方向を1/2に間引いて設定するため
B34: 29 | C34: 15 | D34: 15 | E34: 15 | F34: 15 | G34: 15 | H34: 15 | I34: 15 | J34: 15 | K34: 15 | L34: 15 | M34: 15 | N34: 15 | O34: 15 | P34: 15 | Q34: 15 | R34: 15 | U34: =B34 -> 29 | V34: =DEC2HEX(C34)&DEC2HEX(D34)&DEC2HEX(E34)&DEC2HEX(F34) -> FFFF | W34: =DEC2HEX(G34)&DEC2HEX(H34)&DEC2HEX(I34)&DEC2HEX(J34) -> FFFF | X34: =DEC2HEX(K34)&DEC2HEX(L34)&DEC2HEX(M34)&DEC2HEX(N34) -> FFFF | Y34: =DEC2HEX(O34)&DEC2HEX(P34)&DEC2HEX(Q34)&DEC2HEX(R34) -> FFFF | AA34: 奇数列を使用しないのでご注意ください。
B35: 30 | C35: 15 | D35: 15 | E35: 15 | F35: 15 | G35: 15 | H35: 15 | I35: 15 | J35: 15 | K35: 15 | L35: 15 | M35: 15 | N35: 15 | O35: 15 | P35: 15 | Q35: 15 | R35: 15 | U35: =B35 -> 30 | V35: =DEC2HEX(C35)&DEC2HEX(D35)&DEC2HEX(E35)&DEC2HEX(F35) -> FFFF | W35: =DEC2HEX(G35)&DEC2HEX(H35)&DEC2HEX(I35)&DEC2HEX(J35) -> FFFF | X35: =DEC2HEX(K35)&DEC2HEX(L35)&DEC2HEX(M35)&DEC2HEX(N35) -> FFFF | Y35: =DEC2HEX(O35)&DEC2HEX(P35)&DEC2HEX(Q35)&DEC2HEX(R35) -> FFFF
B36: 31 | C36: 15 | D36: 15 | E36: 15 | F36: 15 | G36: 15 | H36: 15 | I36: 15 | J36: 15 | K36: 15 | L36: 15 | M36: 15 | N36: 15 | O36: 15 | P36: 15 | Q36: 15 | R36: 15 | U36: =B36 -> 31 | V36: =DEC2HEX(C36)&DEC2HEX(D36)&DEC2HEX(E36)&DEC2HEX(F36) -> FFFF | W36: =DEC2HEX(G36)&DEC2HEX(H36)&DEC2HEX(I36)&DEC2HEX(J36) -> FFFF | X36: =DEC2HEX(K36)&DEC2HEX(L36)&DEC2HEX(M36)&DEC2HEX(N36) -> FFFF | Y36: =DEC2HEX(O36)&DEC2HEX(P36)&DEC2HEX(Q36)&DEC2HEX(R36) -> FFFF | AA36: ※重み係数はWD.cで変更できます。
A39: 2.Center-weighted average 1 (Storage to ROM) | U39: =A39 -> 2.Center-weighted average 1 (Storage to ROM)
C40: 0 | D40: 1 | E40: 2 | F40: 3 | G40: 4 | H40: 5 | I40: 6 | J40: 7 | K40: 8 | L40: 9 | M40: 10 | N40: 11 | O40: 12 | P40: 13 | Q40: 14 | R40: 15 | V40: =C40&D40&E40&F40 -> 0123 | W40: =G40&H40&I40&J40 -> 4567 | X40: =K40&L40&M40&N40 -> 891011 | Y40: =O40&P40&Q40&R40 -> 12131415
B41: 0 | C41: 0 | D41: 0 | E41: 0 | F41: 0 | G41: 0 | H41: 0 | I41: 0 | J41: 0 | K41: 0 | L41: 0 | M41: 0 | N41: 0 | O41: 0 | P41: 0 | Q41: 0 | R41: 0 | U41: =B41 -> 0 | V41: =DEC2HEX(C41)&DEC2HEX(D41)&DEC2HEX(E41)&DEC2HEX(F41) -> 0000 | W41: =DEC2HEX(G41)&DEC2HEX(H41)&DEC2HEX(I41)&DEC2HEX(J41) -> 0000 | X41: =DEC2HEX(K41)&DEC2HEX(L41)&DEC2HEX(M41)&DEC2HEX(N41) -> 0000 | Y41: =DEC2HEX(O41)&DEC2HEX(P41)&DEC2HEX(Q41)&DEC2HEX(R41) -> 0000
B42: 1 | C42: 0 | D42: 0 | E42: 0 | F42: 0 | G42: 0 | H42: 0 | I42: 0 | J42: 0 | K42: 0 | L42: 0 | M42: 0 | N42: 0 | O42: 0 | P42: 0 | Q42: 0 | R42: 0 | U42: =B42 -> 1 | V42: =DEC2HEX(C42)&DEC2HEX(D42)&DEC2HEX(E42)&DEC2HEX(F42) -> 0000 | W42: =DEC2HEX(G42)&DEC2HEX(H42)&DEC2HEX(I42)&DEC2HEX(J42) -> 0000 | X42: =DEC2HEX(K42)&DEC2HEX(L42)&DEC2HEX(M42)&DEC2HEX(N42) -> 0000 | Y42: =DEC2HEX(O42)&DEC2HEX(P42)&DEC2HEX(Q42)&DEC2HEX(R42) -> 0000
B43: 2 | C43: 0 | D43: 0 | E43: 0 | F43: 0 | G43: 0 | H43: 0 | I43: 0 | J43: 0 | K43: 0 | L43: 0 | M43: 0 | N43: 0 | O43: 0 | P43: 0 | Q43: 0 | R43: 0 | U43: =B43 -> 2 | V43: =DEC2HEX(C43)&DEC2HEX(D43)&DEC2HEX(E43)&DEC2HEX(F43) -> 0000 | W43: =DEC2HEX(G43)&DEC2HEX(H43)&DEC2HEX(I43)&DEC2HEX(J43) -> 0000 | X43: =DEC2HEX(K43)&DEC2HEX(L43)&DEC2HEX(M43)&DEC2HEX(N43) -> 0000 | Y43: =DEC2HEX(O43)&DEC2HEX(P43)&DEC2HEX(Q43)&DEC2HEX(R43) -> 0000
B44: 3 | C44: 0 | D44: 0 | E44: 0 | F44: 0 | G44: 0 | H44: 0 | I44: 0 | J44: 0 | K44: 0 | L44: 0 | M44: 0 | N44: 0 | O44: 0 | P44: 0 | Q44: 0 | R44: 0 | U44: =B44 -> 3 | V44: =DEC2HEX(C44)&DEC2HEX(D44)&DEC2HEX(E44)&DEC2HEX(F44) -> 0000 | W44: =DEC2HEX(G44)&DEC2HEX(H44)&DEC2HEX(I44)&DEC2HEX(J44) -> 0000 | X44: =DEC2HEX(K44)&DEC2HEX(L44)&DEC2HEX(M44)&DEC2HEX(N44) -> 0000 | Y44: =DEC2HEX(O44)&DEC2HEX(P44)&DEC2HEX(Q44)&DEC2HEX(R44) -> 0000
B45: 4 | C45: 0 | D45: 0 | E45: 0 | F45: 0 | G45: 0 | H45: 0 | I45: 0 | J45: 0 | K45: 0 | L45: 0 | M45: 0 | N45: 0 | O45: 0 | P45: 0 | Q45: 0 | R45: 0 | U45: =B45 -> 4 | V45: =DEC2HEX(C45)&DEC2HEX(D45)&DEC2HEX(E45)&DEC2HEX(F45) -> 0000 | W45: =DEC2HEX(G45)&DEC2HEX(H45)&DEC2HEX(I45)&DEC2HEX(J45) -> 0000 | X45: =DEC2HEX(K45)&DEC2HEX(L45)&DEC2HEX(M45)&DEC2HEX(N45) -> 0000 | Y45: =DEC2HEX(O45)&DEC2HEX(P45)&DEC2HEX(Q45)&DEC2HEX(R45) -> 0000
B46: 5 | C46: 0 | D46: 0 | E46: 0 | F46: 0 | G46: 0 | H46: 0 | I46: 0 | J46: 0 | K46: 0 | L46: 0 | M46: 0 | N46: 0 | O46: 0 | P46: 0 | Q46: 0 | R46: 0 | U46: =B46 -> 5 | V46: =DEC2HEX(C46)&DEC2HEX(D46)&DEC2HEX(E46)&DEC2HEX(F46) -> 0000 | W46: =DEC2HEX(G46)&DEC2HEX(H46)&DEC2HEX(I46)&DEC2HEX(J46) -> 0000 | X46: =DEC2HEX(K46)&DEC2HEX(L46)&DEC2HEX(M46)&DEC2HEX(N46) -> 0000 | Y46: =DEC2HEX(O46)&DEC2HEX(P46)&DEC2HEX(Q46)&DEC2HEX(R46) -> 0000
B47: 6 | C47: 0 | D47: 0 | E47: 0 | F47: 0 | G47: 0 | H47: 0 | I47: 0 | J47: 0 | K47: 0 | L47: 0 | M47: 0 | N47: 0 | O47: 0 | P47: 0 | Q47: 0 | R47: 0 | U47: =B47 -> 6 | V47: =DEC2HEX(C47)&DEC2HEX(D47)&DEC2HEX(E47)&DEC2HEX(F47) -> 0000 | W47: =DEC2HEX(G47)&DEC2HEX(H47)&DEC2HEX(I47)&DEC2HEX(J47) -> 0000 | X47: =DEC2HEX(K47)&DEC2HEX(L47)&DEC2HEX(M47)&DEC2HEX(N47) -> 0000 | Y47: =DEC2HEX(O47)&DEC2HEX(P47)&DEC2HEX(Q47)&DEC2HEX(R47) -> 0000
B48: 7 | C48: 0 | D48: 0 | E48: 0 | F48: 0 | G48: 0 | H48: 0 | I48: 0 | J48: 2 | K48: 2 | L48: 0 | M48: 0 | N48: 0 | O48: 0 | P48: 0 | Q48: 0 | R48: 0 | U48: =B48 -> 7 | V48: =DEC2HEX(C48)&DEC2HEX(D48)&DEC2HEX(E48)&DEC2HEX(F48) -> 0000 | W48: =DEC2HEX(G48)&DEC2HEX(H48)&DEC2HEX(I48)&DEC2HEX(J48) -> 0002 | X48: =DEC2HEX(K48)&DEC2HEX(L48)&DEC2HEX(M48)&DEC2HEX(N48) -> 2000 | Y48: =DEC2HEX(O48)&DEC2HEX(P48)&DEC2HEX(Q48)&DEC2HEX(R48) -> 0000
B49: 8 | C49: 0 | D49: 0 | E49: 0 | F49: 0 | G49: 2 | H49: 2 | I49: 2 | J49: 3 | K49: 3 | L49: 2 | M49: 2 | N49: 2 | O49: 0 | P49: 0 | Q49: 0 | R49: 0 | U49: =B49 -> 8 | V49: =DEC2HEX(C49)&DEC2HEX(D49)&DEC2HEX(E49)&DEC2HEX(F49) -> 0000 | W49: =DEC2HEX(G49)&DEC2HEX(H49)&DEC2HEX(I49)&DEC2HEX(J49) -> 2223 | X49: =DEC2HEX(K49)&DEC2HEX(L49)&DEC2HEX(M49)&DEC2HEX(N49) -> 3222 | Y49: =DEC2HEX(O49)&DEC2HEX(P49)&DEC2HEX(Q49)&DEC2HEX(R49) -> 0000
B50: 9 | C50: 0 | D50: 0 | E50: 0 | F50: 0 | G50: 2 | H50: 2 | I50: 3 | J50: 3 | K50: 3 | L50: 3 | M50: 2 | N50: 2 | O50: 0 | P50: 0 | Q50: 0 | R50: 0 | U50: =B50 -> 9 | V50: =DEC2HEX(C50)&DEC2HEX(D50)&DEC2HEX(E50)&DEC2HEX(F50) -> 0000 | W50: =DEC2HEX(G50)&DEC2HEX(H50)&DEC2HEX(I50)&DEC2HEX(J50) -> 2233 | X50: =DEC2HEX(K50)&DEC2HEX(L50)&DEC2HEX(M50)&DEC2HEX(N50) -> 3322 | Y50: =DEC2HEX(O50)&DEC2HEX(P50)&DEC2HEX(Q50)&DEC2HEX(R50) -> 0000
B51: 10 | C51: 0 | D51: 0 | E51: 0 | F51: 0 | G51: 2 | H51: 3 | I51: 3 | J51: 3 | K51: 3 | L51: 3 | M51: 3 | N51: 2 | O51: 0 | P51: 0 | Q51: 0 | R51: 0 | U51: =B51 -> 10 | V51: =DEC2HEX(C51)&DEC2HEX(D51)&DEC2HEX(E51)&DEC2HEX(F51) -> 0000 | W51: =DEC2HEX(G51)&DEC2HEX(H51)&DEC2HEX(I51)&DEC2HEX(J51) -> 2333 | X51: =DEC2HEX(K51)&DEC2HEX(L51)&DEC2HEX(M51)&DEC2HEX(N51) -> 3332 | Y51: =DEC2HEX(O51)&DEC2HEX(P51)&DEC2HEX(Q51)&DEC2HEX(R51) -> 0000
B52: 11 | C52: 0 | D52: 0 | E52: 0 | F52: 0 | G52: 2 | H52: 3 | I52: 3 | J52: 3 | K52: 3 | L52: 3 | M52: 3 | N52: 2 | O52: 0 | P52: 0 | Q52: 0 | R52: 0 | U52: =B52 -> 11 | V52: =DEC2HEX(C52)&DEC2HEX(D52)&DEC2HEX(E52)&DEC2HEX(F52) -> 0000 | W52: =DEC2HEX(G52)&DEC2HEX(H52)&DEC2HEX(I52)&DEC2HEX(J52) -> 2333 | X52: =DEC2HEX(K52)&DEC2HEX(L52)&DEC2HEX(M52)&DEC2HEX(N52) -> 3332 | Y52: =DEC2HEX(O52)&DEC2HEX(P52)&DEC2HEX(Q52)&DEC2HEX(R52) -> 0000
... B72: 31 | C72: 0 | D72: 0 | E72: 0 | F72: 0 | G72: 0 | H72: 0 | I72: 0 | J72: 0 | K72: 0 | L72: 0 | M72: 0 | N72: 0 | O72: 0 | P72: 0 | Q72: 0 | R72: 0 | U72: =B72 -> 31 | V72: =DEC2HEX(C72)&DEC2HEX(D72)&DEC2HEX(E72)&DEC2HEX(F72) -> 0000 | W72: =DEC2HEX(G72)&DEC2HEX(H72)&DEC2HEX(I72)&DEC2HEX(J72) -> 0000 | X72: =DEC2HEX(K72)&DEC2HEX(L72)&DEC2HEX(M72)&DEC2HEX(N72) -> 0000 | Y72: =DEC2HEX(O72)&DEC2HEX(P72)&DEC2HEX(Q72)&DEC2HEX(R72) -> 0000
A75: 3.Center-weighted average 2(Storage to ROM) | U75: =A75 -> 3.Center-weighted average 2(Storage to ROM)
C76: 0 | D76: 1 | E76: 2 | F76: 3 | G76: 4 | H76: 5 | I76: 6 | J76: 7 | K76: 8 | L76: 9 | M76: 10 | N76: 11 | O76: 12 | P76: 13 | Q76: 14 | R76: 15 | V76: =C76&D76&E76&F76 -> 0123 | W76: =G76&H76&I76&J76 -> 4567 | X76: =K76&L76&M76&N76 -> 891011 | Y76: =O76&P76&Q76&R76 -> 12131415
B77: 0 | C77: 0 | D77: 0 | E77: 0 | F77: 0 | G77: 0 | H77: 0 | I77: 0 | J77: 0 | K77: 0 | L77: 0 | M77: 0 | N77: 0 | O77: 0 | P77: 0 | Q77: 0 | R77: 0 | U77: =B77 -> 0 | V77: =DEC2HEX(C77)&DEC2HEX(D77)&DEC2HEX(E77)&DEC2HEX(F77) -> 0000 | W77: =DEC2HEX(G77)&DEC2HEX(H77)&DEC2HEX(I77)&DEC2HEX(J77) -> 0000 | X77: =DEC2HEX(K77)&DEC2HEX(L77)&DEC2HEX(M77)&DEC2HEX(N77) -> 0000 | Y77: =DEC2HEX(O77)&DEC2HEX(P77)&DEC2HEX(Q77)&DEC2HEX(R77) -> 0000
B78: 1 | C78: 0 | D78: 0 | E78: 0 | F78: 0 | G78: 0 | H78: 0 | I78: 0 | J78: 0 | K78: 0 | L78: 0 | M78: 0 | N78: 0 | O78: 0 | P78: 0 | Q78: 0 | R78: 0 | U78: =B78 -> 1 | V78: =DEC2HEX(C78)&DEC2HEX(D78)&DEC2HEX(E78)&DEC2HEX(F78) -> 0000 | W78: =DEC2HEX(G78)&DEC2HEX(H78)&DEC2HEX(I78)&DEC2HEX(J78) -> 0000 | X78: =DEC2HEX(K78)&DEC2HEX(L78)&DEC2HEX(M78)&DEC2HEX(N78) -> 0000 | Y78: =DEC2HEX(O78)&DEC2HEX(P78)&DEC2HEX(Q78)&DEC2HEX(R78) -> 0000
B79: 2 | C79: 0 | D79: 0 | E79: 0 | F79: 0 | G79: 0 | H79: 0 | I79: 0 | J79: 0 | K79: 0 | L79: 0 | M79: 0 | N79: 0 | O79: 0 | P79: 0 | Q79: 0 | R79: 0 | U79: =B79 -> 2 | V79: =DEC2HEX(C79)&DEC2HEX(D79)&DEC2HEX(E79)&DEC2HEX(F79) -> 0000 | W79: =DEC2HEX(G79)&DEC2HEX(H79)&DEC2HEX(I79)&DEC2HEX(J79) -> 0000 | X79: =DEC2HEX(K79)&DEC2HEX(L79)&DEC2HEX(M79)&DEC2HEX(N79) -> 0000 | Y79: =DEC2HEX(O79)&DEC2HEX(P79)&DEC2HEX(Q79)&DEC2HEX(R79) -> 0000
B80: 3 | C80: 0 | D80: 0 | E80: 0 | F80: 0 | G80: 0 | H80: 0 | I80: 0 | J80: 0 | K80: 0 | L80: 0 | M80: 0 | N80: 0 | O80: 0 | P80: 0 | Q80: 0 | R80: 0 | U80: =B80 -> 3 | V80: =DEC2HEX(C80)&DEC2HEX(D80)&DEC2HEX(E80)&DEC2HEX(F80) -> 0000 | W80: =DEC2HEX(G80)&DEC2HEX(H80)&DEC2HEX(I80)&DEC2HEX(J80) -> 0000 | X80: =DEC2HEX(K80)&DEC2HEX(L80)&DEC2HEX(M80)&DEC2HEX(N80) -> 0000 | Y80: =DEC2HEX(O80)&DEC2HEX(P80)&DEC2HEX(Q80)&DEC2HEX(R80) -> 0000
B81: 4 | C81: 0 | D81: 0 | E81: 0 | F81: 0 | G81: 0 | H81: 0 | I81: 2 | J81: 2 | K81: 2 | L81: 2 | M81: 0 | N81: 0 | O81: 0 | P81: 0 | Q81: 0 | R81: 0 | U81: =B81 -> 4 | V81: =DEC2HEX(C81)&DEC2HEX(D81)&DEC2HEX(E81)&DEC2HEX(F81) -> 0000 | W81: =DEC2HEX(G81)&DEC2HEX(H81)&DEC2HEX(I81)&DEC2HEX(J81) -> 0022 | X81: =DEC2HEX(K81)&DEC2HEX(L81)&DEC2HEX(M81)&DEC2HEX(N81) -> 2200 | Y81: =DEC2HEX(O81)&DEC2HEX(P81)&DEC2HEX(Q81)&DEC2HEX(R81) -> 0000
B82: 5 | C82: 0 | D82: 0 | E82: 0 | F82: 0 | G82: 0 | H82: 0 | I82: 2 | J82: 2 | K82: 2 | L82: 2 | M82: 0 | N82: 0 | O82: 0 | P82: 0 | Q82: 0 | R82: 0 | U82: =B82 -> 5 | V82: =DEC2HEX(C82)&DEC2HEX(D82)&DEC2HEX(E82)&DEC2HEX(F82) -> 0000 | W82: =DEC2HEX(G82)&DEC2HEX(H82)&DEC2HEX(I82)&DEC2HEX(J82) -> 0022 | X82: =DEC2HEX(K82)&DEC2HEX(L82)&DEC2HEX(M82)&DEC2HEX(N82) -> 2200 | Y82: =DEC2HEX(O82)&DEC2HEX(P82)&DEC2HEX(Q82)&DEC2HEX(R82) -> 0000
B83: 6 | C83: 0 | D83: 0 | E83: 0 | F83: 0 | G83: 2 | H83: 2 | I83: 2 | J83: 3 | K83: 3 | L83: 2 | M83: 2 | N83: 2 | O83: 0 | P83: 0 | Q83: 0 | R83: 0 | U83: =B83 -> 6 | V83: =DEC2HEX(C83)&DEC2HEX(D83)&DEC2HEX(E83)&DEC2HEX(F83) -> 0000 | W83: =DEC2HEX(G83)&DEC2HEX(H83)&DEC2HEX(I83)&DEC2HEX(J83) -> 2223 | X83: =DEC2HEX(K83)&DEC2HEX(L83)&DEC2HEX(M83)&DEC2HEX(N83) -> 3222 | Y83: =DEC2HEX(O83)&DEC2HEX(P83)&DEC2HEX(Q83)&DEC2HEX(R83) -> 0000
B84: 7 | C84: 0 | D84: 0 | E84: 0 | F84: 0 | G84: 2 | H84: 2 | I84: 2 | J84: 3 | K84: 3 | L84: 2 | M84: 2 | N84: 2 | O84: 0 | P84: 0 | Q84: 0 | R84: 0 | U84: =B84 -> 7 | V84: =DEC2HEX(C84)&DEC2HEX(D84)&DEC2HEX(E84)&DEC2HEX(F84) -> 0000 | W84: =DEC2HEX(G84)&DEC2HEX(H84)&DEC2HEX(I84)&DEC2HEX(J84) -> 2223 | X84: =DEC2HEX(K84)&DEC2HEX(L84)&DEC2HEX(M84)&DEC2HEX(N84) -> 3222 | Y84: =DEC2HEX(O84)&DEC2HEX(P84)&DEC2HEX(Q84)&DEC2HEX(R84) -> 0000
B85: 8 | C85: 0 | D85: 0 | E85: 0 | F85: 2 | G85: 2 | H85: 3 | I85: 3 | J85: 4 | K85: 4 | L85: 3 | M85: 3 | N85: 2 | O85: 2 | P85: 0 | Q85: 0 | R85: 0 | U85: =B85 -> 8 | V85: =DEC2HEX(C85)&DEC2HEX(D85)&DEC2HEX(E85)&DEC2HEX(F85) -> 0002 | W85: =DEC2HEX(G85)&DEC2HEX(H85)&DEC2HEX(I85)&DEC2HEX(J85) -> 2334 | X85: =DEC2HEX(K85)&DEC2HEX(L85)&DEC2HEX(M85)&DEC2HEX(N85) -> 4332 | Y85: =DEC2HEX(O85)&DEC2HEX(P85)&DEC2HEX(Q85)&DEC2HEX(R85) -> 2000
B86: 9 | C86: 0 | D86: 0 | E86: 0 | F86: 2 | G86: 2 | H86: 3 | I86: 3 | J86: 4 | K86: 4 | L86: 3 | M86: 3 | N86: 2 | O86: 2 | P86: 0 | Q86: 0 | R86: 0 | U86: =B86 -> 9 | V86: =DEC2HEX(C86)&DEC2HEX(D86)&DEC2HEX(E86)&DEC2HEX(F86) -> 0002 | W86: =DEC2HEX(G86)&DEC2HEX(H86)&DEC2HEX(I86)&DEC2HEX(J86) -> 2334 | X86: =DEC2HEX(K86)&DEC2HEX(L86)&DEC2HEX(M86)&DEC2HEX(N86) -> 4332 | Y86: =DEC2HEX(O86)&DEC2HEX(P86)&DEC2HEX(Q86)&DEC2HEX(R86) -> 2000
B87: 10 | C87: 0 | D87: 0 | E87: 0 | F87: 2 | G87: 3 | H87: 4 | I87: 4 | J87: 5 | K87: 5 | L87: 4 | M87: 4 | N87: 3 | O87: 2 | P87: 0 | Q87: 0 | R87: 0 | U87: =B87 -> 10 | V87: =DEC2HEX(C87)&DEC2HEX(D87)&DEC2HEX(E87)&DEC2HEX(F87) -> 0002 | W87: =DEC2HEX(G87)&DEC2HEX(H87)&DEC2HEX(I87)&DEC2HEX(J87) -> 3445 | X87: =DEC2HEX(K87)&DEC2HEX(L87)&DEC2HEX(M87)&DEC2HEX(N87) -> 5443 | Y87: =DEC2HEX(O87)&DEC2HEX(P87)&DEC2HEX(Q87)&DEC2HEX(R87) -> 2000
B88: 11 | C88: 0 | D88: 0 | E88: 2 | F88: 2 | G88: 3 | H88: 4 | I88: 4 | J88: 5 | K88: 5 | L88: 4 | M88: 4 | N88: 3 | O88: 2 | P88: 0 | Q88: 0 | R88: 0 | U88: =B88 -> 11 | V88: =DEC2HEX(C88)&DEC2HEX(D88)&DEC2HEX(E88)&DEC2HEX(F88) -> 0022 | W88: =DEC2HEX(G88)&DEC2HEX(H88)&DEC2HEX(I88)&DEC2HEX(J88) -> 3445 | X88: =DEC2HEX(K88)&DEC2HEX(L88)&DEC2HEX(M88)&DEC2HEX(N88) -> 5443 | Y88: =DEC2HEX(O88)&DEC2HEX(P88)&DEC2HEX(Q88)&DEC2HEX(R88) -> 2000
... B108: 31 | C108: 0 | D108: 0 | E108: 0 | F108: 0 | G108: 0 | H108: 0 | I108: 0 | J108: 0 | K108: 0 | L108: 0 | M108: 0 | N108: 0 | O108: 0 | P108: 0 | Q108: 0 | R108: 0 | U108: =B108 -> 31 | V108: =DEC2HEX(C108)&DEC2HEX(D108)&DEC2HEX(E108)&DEC2HEX(F108) -> 0000 | W108: =DEC2HEX(G108)&DEC2HEX(H108)&DEC2HEX(I108)&DEC2HEX(J108) -> 0000 | X108: =DEC2HEX(K108)&DEC2HEX(L108)&DEC2HEX(M108)&DEC2HEX(N108) -> 0000 | Y108: =DEC2HEX(O108)&DEC2HEX(P108)&DEC2HEX(Q108)&DEC2HEX(R108) -> 0000
A111: 4.Center-weighted average 3 (Storage to ROM) | U111: =A111 -> 4.Center-weighted average 3 (Storage to ROM)
C112: 0 | D112: 1 | E112: 2 | F112: 3 | G112: 4 | H112: 5 | I112: 6 | J112: 7 | K112: 8 | L112: 9 | M112: 10 | N112: 11 | O112: 12 | P112: 13 | Q112: 14 | R112: 15 | V112: =C112&D112&E112&F112 -> 0123 | W112: =G112&H112&I112&J112 -> 4567 | X112: =K112&L112&M112&N112 -> 891011 | Y112: =O112&P112&Q112&R112 -> 12131415
B113: 0 | C113: 2 | D113: 2 | E113: 2 | F113: 2 | G113: 2 | H113: 2 | I113: 2 | J113: 2 | K113: 2 | L113: 2 | M113: 2 | N113: 2 | O113: 2 | P113: 2 | Q113: 2 | R113: 2 | U113: =B113 -> 0 | V113: =DEC2HEX(C113)&DEC2HEX(D113)&DEC2HEX(E113)&DEC2HEX(F113) -> 2222 | W113: =DEC2HEX(G113)&DEC2HEX(H113)&DEC2HEX(I113)&DEC2HEX(J113) -> 2222 | X113: =DEC2HEX(K113)&DEC2HEX(L113)&DEC2HEX(M113)&DEC2HEX(N113) -> 2222 | Y113: =DEC2HEX(O113)&DEC2HEX(P113)&DEC2HEX(Q113)&DEC2HEX(R113) -> 2222
B114: 1 | C114: 2 | D114: 2 | E114: 2 | F114: 2 | G114: 2 | H114: 2 | I114: 2 | J114: 2 | K114: 2 | L114: 2 | M114: 2 | N114: 2 | O114: 2 | P114: 2 | Q114: 2 | R114: 2 | U114: =B114 -> 1 | V114: =DEC2HEX(C114)&DEC2HEX(D114)&DEC2HEX(E114)&DEC2HEX(F114) -> 2222 | W114: =DEC2HEX(G114)&DEC2HEX(H114)&DEC2HEX(I114)&DEC2HEX(J114) -> 2222 | X114: =DEC2HEX(K114)&DEC2HEX(L114)&DEC2HEX(M114)&DEC2HEX(N114) -> 2222 | Y114: =DEC2HEX(O114)&DEC2HEX(P114)&DEC2HEX(Q114)&DEC2HEX(R114) -> 2222
B115: 2 | C115: 2 | D115: 2 | E115: 2 | F115: 2 | G115: 2 | H115: 2 | I115: 2 | J115: 2 | K115: 2 | L115: 2 | M115: 2 | N115: 2 | O115: 2 | P115: 2 | Q115: 2 | R115: 2 | U115: =B115 -> 2 | V115: =DEC2HEX(C115)&DEC2HEX(D115)&DEC2HEX(E115)&DEC2HEX(F115) -> 2222 | W115: =DEC2HEX(G115)&DEC2HEX(H115)&DEC2HEX(I115)&DEC2HEX(J115) -> 2222 | X115: =DEC2HEX(K115)&DEC2HEX(L115)&DEC2HEX(M115)&DEC2HEX(N115) -> 2222 | Y115: =DEC2HEX(O115)&DEC2HEX(P115)&DEC2HEX(Q115)&DEC2HEX(R115) -> 2222
B116: 3 | C116: 2 | D116: 2 | E116: 2 | F116: 2 | G116: 2 | H116: 2 | I116: 2 | J116: 2 | K116: 2 | L116: 2 | M116: 2 | N116: 2 | O116: 2 | P116: 2 | Q116: 2 | R116: 2 | U116: =B116 -> 3 | V116: =DEC2HEX(C116)&DEC2HEX(D116)&DEC2HEX(E116)&DEC2HEX(F116) -> 2222 | W116: =DEC2HEX(G116)&DEC2HEX(H116)&DEC2HEX(I116)&DEC2HEX(J116) -> 2222 | X116: =DEC2HEX(K116)&DEC2HEX(L116)&DEC2HEX(M116)&DEC2HEX(N116) -> 2222 | Y116: =DEC2HEX(O116)&DEC2HEX(P116)&DEC2HEX(Q116)&DEC2HEX(R116) -> 2222
B117: 4 | C117: 2 | D117: 2 | E117: 2 | F117: 2 | G117: 2 | H117: 2 | I117: 2 | J117: 2 | K117: 2 | L117: 2 | M117: 2 | N117: 2 | O117: 2 | P117: 2 | Q117: 2 | R117: 2 | U117: =B117 -> 4 | V117: =DEC2HEX(C117)&DEC2HEX(D117)&DEC2HEX(E117)&DEC2HEX(F117) -> 2222 | W117: =DEC2HEX(G117)&DEC2HEX(H117)&DEC2HEX(I117)&DEC2HEX(J117) -> 2222 | X117: =DEC2HEX(K117)&DEC2HEX(L117)&DEC2HEX(M117)&DEC2HEX(N117) -> 2222 | Y117: =DEC2HEX(O117)&DEC2HEX(P117)&DEC2HEX(Q117)&DEC2HEX(R117) -> 2222
B118: 5 | C118: 2 | D118: 2 | E118: 2 | F118: 2 | G118: 2 | H118: 2 | I118: 2 | J118: 2 | K118: 2 | L118: 2 | M118: 2 | N118: 2 | O118: 2 | P118: 2 | Q118: 2 | R118: 2 | U118: =B118 -> 5 | V118: =DEC2HEX(C118)&DEC2HEX(D118)&DEC2HEX(E118)&DEC2HEX(F118) -> 2222 | W118: =DEC2HEX(G118)&DEC2HEX(H118)&DEC2HEX(I118)&DEC2HEX(J118) -> 2222 | X118: =DEC2HEX(K118)&DEC2HEX(L118)&DEC2HEX(M118)&DEC2HEX(N118) -> 2222 | Y118: =DEC2HEX(O118)&DEC2HEX(P118)&DEC2HEX(Q118)&DEC2HEX(R118) -> 2222
B119: 6 | C119: 2 | D119: 2 | E119: 2 | F119: 2 | G119: 2 | H119: 2 | I119: 2 | J119: 2 | K119: 2 | L119: 2 | M119: 2 | N119: 2 | O119: 2 | P119: 2 | Q119: 2 | R119: 2 | U119: =B119 -> 6 | V119: =DEC2HEX(C119)&DEC2HEX(D119)&DEC2HEX(E119)&DEC2HEX(F119) -> 2222 | W119: =DEC2HEX(G119)&DEC2HEX(H119)&DEC2HEX(I119)&DEC2HEX(J119) -> 2222 | X119: =DEC2HEX(K119)&DEC2HEX(L119)&DEC2HEX(M119)&DEC2HEX(N119) -> 2222 | Y119: =DEC2HEX(O119)&DEC2HEX(P119)&DEC2HEX(Q119)&DEC2HEX(R119) -> 2222
B120: 7 | C120: 2 | D120: 2 | E120: 2 | F120: 2 | G120: 2 | H120: 2 | I120: 2 | J120: 2 | K120: 2 | L120: 2 | M120: 2 | N120: 2 | O120: 2 | P120: 2 | Q120: 2 | R120: 2 | U120: =B120 -> 7 | V120: =DEC2HEX(C120)&DEC2HEX(D120)&DEC2HEX(E120)&DEC2HEX(F120) -> 2222 | W120: =DEC2HEX(G120)&DEC2HEX(H120)&DEC2HEX(I120)&DEC2HEX(J120) -> 2222 | X120: =DEC2HEX(K120)&DEC2HEX(L120)&DEC2HEX(M120)&DEC2HEX(N120) -> 2222 | Y120: =DEC2HEX(O120)&DEC2HEX(P120)&DEC2HEX(Q120)&DEC2HEX(R120) -> 2222
B121: 8 | C121: 2 | D121: 2 | E121: 2 | F121: 2 | G121: 2 | H121: 2 | I121: 2 | J121: 2 | K121: 2 | L121: 2 | M121: 2 | N121: 2 | O121: 2 | P121: 2 | Q121: 2 | R121: 2 | U121: =B121 -> 8 | V121: =DEC2HEX(C121)&DEC2HEX(D121)&DEC2HEX(E121)&DEC2HEX(F121) -> 2222 | W121: =DEC2HEX(G121)&DEC2HEX(H121)&DEC2HEX(I121)&DEC2HEX(J121) -> 2222 | X121: =DEC2HEX(K121)&DEC2HEX(L121)&DEC2HEX(M121)&DEC2HEX(N121) -> 2222 | Y121: =DEC2HEX(O121)&DEC2HEX(P121)&DEC2HEX(Q121)&DEC2HEX(R121) -> 2222
B122: 9 | C122: 2 | D122: 2 | E122: 2 | F122: 2 | G122: 2 | H122: 2 | I122: 2 | J122: 2 | K122: 2 | L122: 2 | M122: 2 | N122: 2 | O122: 2 | P122: 2 | Q122: 2 | R122: 2 | U122: =B122 -> 9 | V122: =DEC2HEX(C122)&DEC2HEX(D122)&DEC2HEX(E122)&DEC2HEX(F122) -> 2222 | W122: =DEC2HEX(G122)&DEC2HEX(H122)&DEC2HEX(I122)&DEC2HEX(J122) -> 2222 | X122: =DEC2HEX(K122)&DEC2HEX(L122)&DEC2HEX(M122)&DEC2HEX(N122) -> 2222 | Y122: =DEC2HEX(O122)&DEC2HEX(P122)&DEC2HEX(Q122)&DEC2HEX(R122) -> 2222
B123: 10 | C123: 2 | D123: 2 | E123: 2 | F123: 2 | G123: 2 | H123: 2 | I123: 3 | J123: 3 | K123: 3 | L123: 3 | M123: 2 | N123: 2 | O123: 2 | P123: 2 | Q123: 2 | R123: 2 | U123: =B123 -> 10 | V123: =DEC2HEX(C123)&DEC2HEX(D123)&DEC2HEX(E123)&DEC2HEX(F123) -> 2222 | W123: =DEC2HEX(G123)&DEC2HEX(H123)&DEC2HEX(I123)&DEC2HEX(J123) -> 2233 | X123: =DEC2HEX(K123)&DEC2HEX(L123)&DEC2HEX(M123)&DEC2HEX(N123) -> 3322 | Y123: =DEC2HEX(O123)&DEC2HEX(P123)&DEC2HEX(Q123)&DEC2HEX(R123) -> 2222
B124: 11 | C124: 2 | D124: 2 | E124: 2 | F124: 2 | G124: 2 | H124: 2 | I124: 3 | J124: 3 | K124: 3 | L124: 3 | M124: 2 | N124: 2 | O124: 2 | P124: 2 | Q124: 2 | R124: 2 | U124: =B124 -> 11 | V124: =DEC2HEX(C124)&DEC2HEX(D124)&DEC2HEX(E124)&DEC2HEX(F124) -> 2222 | W124: =DEC2HEX(G124)&DEC2HEX(H124)&DEC2HEX(I124)&DEC2HEX(J124) -> 2233 | X124: =DEC2HEX(K124)&DEC2HEX(L124)&DEC2HEX(M124)&DEC2HEX(N124) -> 3322 | Y124: =DEC2HEX(O124)&DEC2HEX(P124)&DEC2HEX(Q124)&DEC2HEX(R124) -> 2222
... B144: 31 | C144: 2 | D144: 2 | E144: 2 | F144: 2 | G144: 2 | H144: 2 | I144: 2 | J144: 2 | K144: 2 | L144: 2 | M144: 2 | N144: 2 | O144: 2 | P144: 2 | Q144: 2 | R144: 2 | U144: =B144 -> 31 | V144: =DEC2HEX(C144)&DEC2HEX(D144)&DEC2HEX(E144)&DEC2HEX(F144) -> 2222 | W144: =DEC2HEX(G144)&DEC2HEX(H144)&DEC2HEX(I144)&DEC2HEX(J144) -> 2222 | X144: =DEC2HEX(K144)&DEC2HEX(L144)&DEC2HEX(M144)&DEC2HEX(N144) -> 2222 | Y144: =DEC2HEX(O144)&DEC2HEX(P144)&DEC2HEX(Q144)&DEC2HEX(R144) -> 2222
A147: 5.Spot 1 (Storage to ROM) | U147: =A147 -> 5.Spot 1 (Storage to ROM)
C148: 0 | D148: 1 | E148: 2 | F148: 3 | G148: 4 | H148: 5 | I148: 6 | J148: 7 | K148: 8 | L148: 9 | M148: 10 | N148: 11 | O148: 12 | P148: 13 | Q148: 14 | R148: 15 | V148: =C148&D148&E148&F148 -> 0123 | W148: =G148&H148&I148&J148 -> 4567 | X148: =K148&L148&M148&N148 -> 891011 | Y148: =O148&P148&Q148&R148 -> 12131415
B149: 0 | C149: 0 | D149: 0 | E149: 0 | F149: 0 | G149: 0 | H149: 0 | I149: 0 | J149: 0 | K149: 0 | L149: 0 | M149: 0 | N149: 0 | O149: 0 | P149: 0 | Q149: 0 | R149: 0 | U149: =B149 -> 0 | V149: =DEC2HEX(C149)&DEC2HEX(D149)&DEC2HEX(E149)&DEC2HEX(F149) -> 0000 | W149: =DEC2HEX(G149)&DEC2HEX(H149)&DEC2HEX(I149)&DEC2HEX(J149) -> 0000 | X149: =DEC2HEX(K149)&DEC2HEX(L149)&DEC2HEX(M149)&DEC2HEX(N149) -> 0000 | Y149: =DEC2HEX(O149)&DEC2HEX(P149)&DEC2HEX(Q149)&DEC2HEX(R149) -> 0000
B150: 1 | C150: 0 | D150: 0 | E150: 0 | F150: 0 | G150: 0 | H150: 0 | I150: 0 | J150: 0 | K150: 0 | L150: 0 | M150: 0 | N150: 0 | O150: 0 | P150: 0 | Q150: 0 | R150: 0 | U150: =B150 -> 1 | V150: =DEC2HEX(C150)&DEC2HEX(D150)&DEC2HEX(E150)&DEC2HEX(F150) -> 0000 | W150: =DEC2HEX(G150)&DEC2HEX(H150)&DEC2HEX(I150)&DEC2HEX(J150) -> 0000 | X150: =DEC2HEX(K150)&DEC2HEX(L150)&DEC2HEX(M150)&DEC2HEX(N150) -> 0000 | Y150: =DEC2HEX(O150)&DEC2HEX(P150)&DEC2HEX(Q150)&DEC2HEX(R150) -> 0000
B151: 2 | C151: 0 | D151: 0 | E151: 0 | F151: 0 | G151: 0 | H151: 0 | I151: 0 | J151: 0 | K151: 0 | L151: 0 | M151: 0 | N151: 0 | O151: 0 | P151: 0 | Q151: 0 | R151: 0 | U151: =B151 -> 2 | V151: =DEC2HEX(C151)&DEC2HEX(D151)&DEC2HEX(E151)&DEC2HEX(F151) -> 0000 | W151: =DEC2HEX(G151)&DEC2HEX(H151)&DEC2HEX(I151)&DEC2HEX(J151) -> 0000 | X151: =DEC2HEX(K151)&DEC2HEX(L151)&DEC2HEX(M151)&DEC2HEX(N151) -> 0000 | Y151: =DEC2HEX(O151)&DEC2HEX(P151)&DEC2HEX(Q151)&DEC2HEX(R151) -> 0000
B152: 3 | C152: 0 | D152: 0 | E152: 0 | F152: 0 | G152: 0 | H152: 0 | I152: 0 | J152: 0 | K152: 0 | L152: 0 | M152: 0 | N152: 0 | O152: 0 | P152: 0 | Q152: 0 | R152: 0 | U152: =B152 -> 3 | V152: =DEC2HEX(C152)&DEC2HEX(D152)&DEC2HEX(E152)&DEC2HEX(F152) -> 0000 | W152: =DEC2HEX(G152)&DEC2HEX(H152)&DEC2HEX(I152)&DEC2HEX(J152) -> 0000 | X152: =DEC2HEX(K152)&DEC2HEX(L152)&DEC2HEX(M152)&DEC2HEX(N152) -> 0000 | Y152: =DEC2HEX(O152)&DEC2HEX(P152)&DEC2HEX(Q152)&DEC2HEX(R152) -> 0000
B153: 4 | C153: 0 | D153: 0 | E153: 0 | F153: 0 | G153: 0 | H153: 0 | I153: 0 | J153: 0 | K153: 0 | L153: 0 | M153: 0 | N153: 0 | O153: 0 | P153: 0 | Q153: 0 | R153: 0 | U153: =B153 -> 4 | V153: =DEC2HEX(C153)&DEC2HEX(D153)&DEC2HEX(E153)&DEC2HEX(F153) -> 0000 | W153: =DEC2HEX(G153)&DEC2HEX(H153)&DEC2HEX(I153)&DEC2HEX(J153) -> 0000 | X153: =DEC2HEX(K153)&DEC2HEX(L153)&DEC2HEX(M153)&DEC2HEX(N153) -> 0000 | Y153: =DEC2HEX(O153)&DEC2HEX(P153)&DEC2HEX(Q153)&DEC2HEX(R153) -> 0000
B154: 5 | C154: 0 | D154: 0 | E154: 0 | F154: 0 | G154: 0 | H154: 0 | I154: 0 | J154: 0 | K154: 0 | L154: 0 | M154: 0 | N154: 0 | O154: 0 | P154: 0 | Q154: 0 | R154: 0 | U154: =B154 -> 5 | V154: =DEC2HEX(C154)&DEC2HEX(D154)&DEC2HEX(E154)&DEC2HEX(F154) -> 0000 | W154: =DEC2HEX(G154)&DEC2HEX(H154)&DEC2HEX(I154)&DEC2HEX(J154) -> 0000 | X154: =DEC2HEX(K154)&DEC2HEX(L154)&DEC2HEX(M154)&DEC2HEX(N154) -> 0000 | Y154: =DEC2HEX(O154)&DEC2HEX(P154)&DEC2HEX(Q154)&DEC2HEX(R154) -> 0000
B155: 6 | C155: 0 | D155: 0 | E155: 0 | F155: 0 | G155: 0 | H155: 0 | I155: 0 | J155: 0 | K155: 0 | L155: 0 | M155: 0 | N155: 0 | O155: 0 | P155: 0 | Q155: 0 | R155: 0 | U155: =B155 -> 6 | V155: =DEC2HEX(C155)&DEC2HEX(D155)&DEC2HEX(E155)&DEC2HEX(F155) -> 0000 | W155: =DEC2HEX(G155)&DEC2HEX(H155)&DEC2HEX(I155)&DEC2HEX(J155) -> 0000 | X155: =DEC2HEX(K155)&DEC2HEX(L155)&DEC2HEX(M155)&DEC2HEX(N155) -> 0000 | Y155: =DEC2HEX(O155)&DEC2HEX(P155)&DEC2HEX(Q155)&DEC2HEX(R155) -> 0000
B156: 7 | C156: 0 | D156: 0 | E156: 0 | F156: 0 | G156: 0 | H156: 0 | I156: 0 | J156: 0 | K156: 0 | L156: 0 | M156: 0 | N156: 0 | O156: 0 | P156: 0 | Q156: 0 | R156: 0 | U156: =B156 -> 7 | V156: =DEC2HEX(C156)&DEC2HEX(D156)&DEC2HEX(E156)&DEC2HEX(F156) -> 0000 | W156: =DEC2HEX(G156)&DEC2HEX(H156)&DEC2HEX(I156)&DEC2HEX(J156) -> 0000 | X156: =DEC2HEX(K156)&DEC2HEX(L156)&DEC2HEX(M156)&DEC2HEX(N156) -> 0000 | Y156: =DEC2HEX(O156)&DEC2HEX(P156)&DEC2HEX(Q156)&DEC2HEX(R156) -> 0000
B157: 8 | C157: 0 | D157: 0 | E157: 0 | F157: 0 | G157: 0 | H157: 0 | I157: 0 | J157: 0 | K157: 0 | L157: 0 | M157: 0 | N157: 0 | O157: 0 | P157: 0 | Q157: 0 | R157: 0 | U157: =B157 -> 8 | V157: =DEC2HEX(C157)&DEC2HEX(D157)&DEC2HEX(E157)&DEC2HEX(F157) -> 0000 | W157: =DEC2HEX(G157)&DEC2HEX(H157)&DEC2HEX(I157)&DEC2HEX(J157) -> 0000 | X157: =DEC2HEX(K157)&DEC2HEX(L157)&DEC2HEX(M157)&DEC2HEX(N157) -> 0000 | Y157: =DEC2HEX(O157)&DEC2HEX(P157)&DEC2HEX(Q157)&DEC2HEX(R157) -> 0000
B158: 9 | C158: 0 | D158: 0 | E158: 0 | F158: 0 | G158: 0 | H158: 0 | I158: 0 | J158: 0 | K158: 0 | L158: 0 | M158: 0 | N158: 0 | O158: 0 | P158: 0 | Q158: 0 | R158: 0 | U158: =B158 -> 9 | V158: =DEC2HEX(C158)&DEC2HEX(D158)&DEC2HEX(E158)&DEC2HEX(F158) -> 0000 | W158: =DEC2HEX(G158)&DEC2HEX(H158)&DEC2HEX(I158)&DEC2HEX(J158) -> 0000 | X158: =DEC2HEX(K158)&DEC2HEX(L158)&DEC2HEX(M158)&DEC2HEX(N158) -> 0000 | Y158: =DEC2HEX(O158)&DEC2HEX(P158)&DEC2HEX(Q158)&DEC2HEX(R158) -> 0000
B159: 10 | C159: 0 | D159: 0 | E159: 0 | F159: 0 | G159: 0 | H159: 0 | I159: 0 | J159: 0 | K159: 0 | L159: 0 | M159: 0 | N159: 0 | O159: 0 | P159: 0 | Q159: 0 | R159: 0 | U159: =B159 -> 10 | V159: =DEC2HEX(C159)&DEC2HEX(D159)&DEC2HEX(E159)&DEC2HEX(F159) -> 0000 | W159: =DEC2HEX(G159)&DEC2HEX(H159)&DEC2HEX(I159)&DEC2HEX(J159) -> 0000 | X159: =DEC2HEX(K159)&DEC2HEX(L159)&DEC2HEX(M159)&DEC2HEX(N159) -> 0000 | Y159: =DEC2HEX(O159)&DEC2HEX(P159)&DEC2HEX(Q159)&DEC2HEX(R159) -> 0000
B160: 11 | C160: 0 | D160: 0 | E160: 0 | F160: 0 | G160: 0 | H160: 0 | I160: 0 | J160: 0 | K160: 0 | L160: 0 | M160: 0 | N160: 0 | O160: 0 | P160: 0 | Q160: 0 | R160: 0 | U160: =B160 -> 11 | V160: =DEC2HEX(C160)&DEC2HEX(D160)&DEC2HEX(E160)&DEC2HEX(F160) -> 0000 | W160: =DEC2HEX(G160)&DEC2HEX(H160)&DEC2HEX(I160)&DEC2HEX(J160) -> 0000 | X160: =DEC2HEX(K160)&DEC2HEX(L160)&DEC2HEX(M160)&DEC2HEX(N160) -> 0000 | Y160: =DEC2HEX(O160)&DEC2HEX(P160)&DEC2HEX(Q160)&DEC2HEX(R160) -> 0000
... B180: 31 | C180: 0 | D180: 0 | E180: 0 | F180: 0 | G180: 0 | H180: 0 | I180: 0 | J180: 0 | K180: 0 | L180: 0 | M180: 0 | N180: 0 | O180: 0 | P180: 0 | Q180: 0 | R180: 0 | U180: =B180 -> 31 | V180: =DEC2HEX(C180)&DEC2HEX(D180)&DEC2HEX(E180)&DEC2HEX(F180) -> 0000 | W180: =DEC2HEX(G180)&DEC2HEX(H180)&DEC2HEX(I180)&DEC2HEX(J180) -> 0000 | X180: =DEC2HEX(K180)&DEC2HEX(L180)&DEC2HEX(M180)&DEC2HEX(N180) -> 0000 | Y180: =DEC2HEX(O180)&DEC2HEX(P180)&DEC2HEX(Q180)&DEC2HEX(R180) -> 0000
A183: 6.Spot 2 (Storage to ROM) | U183: =A183 -> 6.Spot 2 (Storage to ROM)
C184: 0 | D184: 1 | E184: 2 | F184: 3 | G184: 4 | H184: 5 | I184: 6 | J184: 7 | K184: 8 | L184: 9 | M184: 10 | N184: 11 | O184: 12 | P184: 13 | Q184: 14 | R184: 15 | V184: =C184&D184&E184&F184 -> 0123 | W184: =G184&H184&I184&J184 -> 4567 | X184: =K184&L184&M184&N184 -> 891011 | Y184: =O184&P184&Q184&R184 -> 12131415
B185: 0 | C185: 0 | D185: 0 | E185: 0 | F185: 0 | G185: 0 | H185: 0 | I185: 0 | J185: 0 | K185: 0 | L185: 0 | M185: 0 | N185: 0 | O185: 0 | P185: 0 | Q185: 0 | R185: 0 | U185: =B185 -> 0 | V185: =DEC2HEX(C185)&DEC2HEX(D185)&DEC2HEX(E185)&DEC2HEX(F185) -> 0000 | W185: =DEC2HEX(G185)&DEC2HEX(H185)&DEC2HEX(I185)&DEC2HEX(J185) -> 0000 | X185: =DEC2HEX(K185)&DEC2HEX(L185)&DEC2HEX(M185)&DEC2HEX(N185) -> 0000 | Y185: =DEC2HEX(O185)&DEC2HEX(P185)&DEC2HEX(Q185)&DEC2HEX(R185) -> 0000
B186: 1 | C186: 0 | D186: 0 | E186: 0 | F186: 0 | G186: 0 | H186: 0 | I186: 0 | J186: 0 | K186: 0 | L186: 0 | M186: 0 | N186: 0 | O186: 0 | P186: 0 | Q186: 0 | R186: 0 | U186: =B186 -> 1 | V186: =DEC2HEX(C186)&DEC2HEX(D186)&DEC2HEX(E186)&DEC2HEX(F186) -> 0000 | W186: =DEC2HEX(G186)&DEC2HEX(H186)&DEC2HEX(I186)&DEC2HEX(J186) -> 0000 | X186: =DEC2HEX(K186)&DEC2HEX(L186)&DEC2HEX(M186)&DEC2HEX(N186) -> 0000 | Y186: =DEC2HEX(O186)&DEC2HEX(P186)&DEC2HEX(Q186)&DEC2HEX(R186) -> 0000
B187: 2 | C187: 0 | D187: 0 | E187: 0 | F187: 0 | G187: 0 | H187: 0 | I187: 0 | J187: 0 | K187: 0 | L187: 0 | M187: 0 | N187: 0 | O187: 0 | P187: 0 | Q187: 0 | R187: 0 | U187: =B187 -> 2 | V187: =DEC2HEX(C187)&DEC2HEX(D187)&DEC2HEX(E187)&DEC2HEX(F187) -> 0000 | W187: =DEC2HEX(G187)&DEC2HEX(H187)&DEC2HEX(I187)&DEC2HEX(J187) -> 0000 | X187: =DEC2HEX(K187)&DEC2HEX(L187)&DEC2HEX(M187)&DEC2HEX(N187) -> 0000 | Y187: =DEC2HEX(O187)&DEC2HEX(P187)&DEC2HEX(Q187)&DEC2HEX(R187) -> 0000
B188: 3 | C188: 0 | D188: 0 | E188: 0 | F188: 0 | G188: 0 | H188: 0 | I188: 0 | J188: 0 | K188: 0 | L188: 0 | M188: 0 | N188: 0 | O188: 0 | P188: 0 | Q188: 0 | R188: 0 | U188: =B188 -> 3 | V188: =DEC2HEX(C188)&DEC2HEX(D188)&DEC2HEX(E188)&DEC2HEX(F188) -> 0000 | W188: =DEC2HEX(G188)&DEC2HEX(H188)&DEC2HEX(I188)&DEC2HEX(J188) -> 0000 | X188: =DEC2HEX(K188)&DEC2HEX(L188)&DEC2HEX(M188)&DEC2HEX(N188) -> 0000 | Y188: =DEC2HEX(O188)&DEC2HEX(P188)&DEC2HEX(Q188)&DEC2HEX(R188) -> 0000
B189: 4 | C189: 0 | D189: 0 | E189: 0 | F189: 0 | G189: 0 | H189: 0 | I189: 0 | J189: 0 | K189: 0 | L189: 0 | M189: 0 | N189: 0 | O189: 0 | P189: 0 | Q189: 0 | R189: 0 | U189: =B189 -> 4 | V189: =DEC2HEX(C189)&DEC2HEX(D189)&DEC2HEX(E189)&DEC2HEX(F189) -> 0000 | W189: =DEC2HEX(G189)&DEC2HEX(H189)&DEC2HEX(I189)&DEC2HEX(J189) -> 0000 | X189: =DEC2HEX(K189)&DEC2HEX(L189)&DEC2HEX(M189)&DEC2HEX(N189) -> 0000 | Y189: =DEC2HEX(O189)&DEC2HEX(P189)&DEC2HEX(Q189)&DEC2HEX(R189) -> 0000
...

Sheet AE_w_WORK
B2: Don't change the this sheet becouse of work area.
D4: 1 | E4: 2 | F4: 3 | G4: 4 | H4: 5 | I4: 6 | J4: 7 | K4: 8 | L4: 9 | M4: 10 | N4: 11 | O4: 12 | P4: 13
A5: No | B5: 縦 | C5: 横
A6: 1 | B6: 0 | C6: 1 | D6: =VLOOKUP(B6,AE_weight!$U$4:$Y$36,C6+1) -> FFFF | E6: =VLOOKUP(B6,AE_weight!$U$40:$Y$72,C6+1) -> 0000 | F6: =VLOOKUP(B6,AE_weight!$U$76:$Y$108,C6+1) -> 0000 | G6: =VLOOKUP(B6,AE_weight!$U$112:$Y$144,C6+1) -> 2222 | H6: =VLOOKUP(B6,AE_weight!$U$149:$Y$180,C6+1) -> 0000 | I6: =VLOOKUP(B6,AE_weight!$U$185:$Y$216,C6+1) -> 0000 | J6: =VLOOKUP(B6,AE_weight!$U$221:$Y$252,C6+1) -> 0000 | K6: =VLOOKUP(B6,AE_weight!$U$257:$Y$288,C6+1) -> 0000 | L6: =VLOOKUP(B6,AE_weight!$U$293:$Y$324,C6+1) -> 0000 | M6: =VLOOKUP(B6,AE_weight!$U$329:$Y$360,C6+1) -> 0000 | N6: =VLOOKUP(B6,AE_weight!$U$365:$Y$396,C6+1) -> 0000 | O6: =VLOOKUP(B6,AE_weight!$U$401:$Y$432,C6+1) -> 0112 | P6: =VLOOKUP(B6,AE_weight!$U$437:$Y$468,C6+1) -> 0000
A7: =A6+1 -> 2 | B7: =B6 -> 0 | C7: 2 | D7: =VLOOKUP(B7,AE_weight!$U$4:$Y$36,C7+1) -> FFFF | E7: =VLOOKUP(B7,AE_weight!$U$40:$Y$72,C7+1) -> 0000 | F7: =VLOOKUP(B7,AE_weight!$U$76:$Y$108,C7+1) -> 0000 | G7: =VLOOKUP(B7,AE_weight!$U$112:$Y$144,C7+1) -> 2222 | H7: =VLOOKUP(B7,AE_weight!$U$149:$Y$180,C7+1) -> 0000 | I7: =VLOOKUP(B7,AE_weight!$U$185:$Y$216,C7+1) -> 0000 | J7: =VLOOKUP(B7,AE_weight!$U$221:$Y$252,C7+1) -> 0000 | K7: =VLOOKUP(B7,AE_weight!$U$257:$Y$288,C7+1) -> 0000 | L7: =VLOOKUP(B7,AE_weight!$U$293:$Y$324,C7+1) -> 0000 | M7: =VLOOKUP(B7,AE_weight!$U$329:$Y$360,C7+1) -> 0000 | N7: =VLOOKUP(B7,AE_weight!$U$365:$Y$396,C7+1) -> 0000 | O7: =VLOOKUP(B7,AE_weight!$U$401:$Y$432,C7+1) -> 3334 | P7: =VLOOKUP(B7,AE_weight!$U$437:$Y$468,C7+1) -> 0000
A8: =A7+1 -> 3 | B8: =B7 -> 0 | C8: 3 | D8: =VLOOKUP(B8,AE_weight!$U$4:$Y$36,C8+1) -> FFFF | E8: =VLOOKUP(B8,AE_weight!$U$40:$Y$72,C8+1) -> 0000 | F8: =VLOOKUP(B8,AE_weight!$U$76:$Y$108,C8+1) -> 0000 | G8: =VLOOKUP(B8,AE_weight!$U$112:$Y$144,C8+1) -> 2222 | H8: =VLOOKUP(B8,AE_weight!$U$149:$Y$180,C8+1) -> 0000 | I8: =VLOOKUP(B8,AE_weight!$U$185:$Y$216,C8+1) -> 0000 | J8: =VLOOKUP(B8,AE_weight!$U$221:$Y$252,C8+1) -> 0000 | K8: =VLOOKUP(B8,AE_weight!$U$257:$Y$288,C8+1) -> 0000 | L8: =VLOOKUP(B8,AE_weight!$U$293:$Y$324,C8+1) -> 0000 | M8: =VLOOKUP(B8,AE_weight!$U$329:$Y$360,C8+1) -> 0000 | N8: =VLOOKUP(B8,AE_weight!$U$365:$Y$396,C8+1) -> 0000 | O8: =VLOOKUP(B8,AE_weight!$U$401:$Y$432,C8+1) -> 4333 | P8: =VLOOKUP(B8,AE_weight!$U$437:$Y$468,C8+1) -> 0000
A9: =A8+1 -> 4 | B9: =B8 -> 0 | C9: 4 | D9: =VLOOKUP(B9,AE_weight!$U$4:$Y$36,C9+1) -> FFFF | E9: =VLOOKUP(B9,AE_weight!$U$40:$Y$72,C9+1) -> 0000 | F9: =VLOOKUP(B9,AE_weight!$U$76:$Y$108,C9+1) -> 0000 | G9: =VLOOKUP(B9,AE_weight!$U$112:$Y$144,C9+1) -> 2222 | H9: =VLOOKUP(B9,AE_weight!$U$149:$Y$180,C9+1) -> 0000 | I9: =VLOOKUP(B9,AE_weight!$U$185:$Y$216,C9+1) -> 0000 | J9: =VLOOKUP(B9,AE_weight!$U$221:$Y$252,C9+1) -> 0000 | K9: =VLOOKUP(B9,AE_weight!$U$257:$Y$288,C9+1) -> 0000 | L9: =VLOOKUP(B9,AE_weight!$U$293:$Y$324,C9+1) -> 0000 | M9: =VLOOKUP(B9,AE_weight!$U$329:$Y$360,C9+1) -> 0000 | N9: =VLOOKUP(B9,AE_weight!$U$365:$Y$396,C9+1) -> 0000 | O9: =VLOOKUP(B9,AE_weight!$U$401:$Y$432,C9+1) -> 2110 | P9: =VLOOKUP(B9,AE_weight!$U$437:$Y$468,C9+1) -> 0000
A10: =A9+1 -> 5 | B10: =B6+1 -> 1 | C10: 1 | D10: =VLOOKUP(B10,AE_weight!$U$4:$Y$36,C10+1) -> FFFF | E10: =VLOOKUP(B10,AE_weight!$U$40:$Y$72,C10+1) -> 0000 | F10: =VLOOKUP(B10,AE_weight!$U$76:$Y$108,C10+1) -> 0000 | G10: =VLOOKUP(B10,AE_weight!$U$112:$Y$144,C10+1) -> 2222 | H10: =VLOOKUP(B10,AE_weight!$U$149:$Y$180,C10+1) -> 0000 | I10: =VLOOKUP(B10,AE_weight!$U$185:$Y$216,C10+1) -> 0000 | J10: =VLOOKUP(B10,AE_weight!$U$221:$Y$252,C10+1) -> 0000 | K10: =VLOOKUP(B10,AE_weight!$U$257:$Y$288,C10+1) -> 0000 | L10: =VLOOKUP(B10,AE_weight!$U$293:$Y$324,C10+1) -> 0000 | M10: =VLOOKUP(B10,AE_weight!$U$329:$Y$360,C10+1) -> 0000 | N10: =VLOOKUP(B10,AE_weight!$U$365:$Y$396,C10+1) -> 0000 | O10: =VLOOKUP(B10,AE_weight!$U$401:$Y$432,C10+1) -> 0112 | P10: =VLOOKUP(B10,AE_weight!$U$437:$Y$468,C10+1) -> 0000
A11: =A10+1 -> 6 | B11: =B10 -> 1 | C11: 2 | D11: =VLOOKUP(B11,AE_weight!$U$4:$Y$36,C11+1) -> FFFF | E11: =VLOOKUP(B11,AE_weight!$U$40:$Y$72,C11+1) -> 0000 | F11: =VLOOKUP(B11,AE_weight!$U$76:$Y$108,C11+1) -> 0000 | G11: =VLOOKUP(B11,AE_weight!$U$112:$Y$144,C11+1) -> 2222 | H11: =VLOOKUP(B11,AE_weight!$U$149:$Y$180,C11+1) -> 0000 | I11: =VLOOKUP(B11,AE_weight!$U$185:$Y$216,C11+1) -> 0000 | J11: =VLOOKUP(B11,AE_weight!$U$221:$Y$252,C11+1) -> 0000 | K11: =VLOOKUP(B11,AE_weight!$U$257:$Y$288,C11+1) -> 0000 | L11: =VLOOKUP(B11,AE_weight!$U$293:$Y$324,C11+1) -> 0000 | M11: =VLOOKUP(B11,AE_weight!$U$329:$Y$360,C11+1) -> 0000 | N11: =VLOOKUP(B11,AE_weight!$U$365:$Y$396,C11+1) -> 0000 | O11: =VLOOKUP(B11,AE_weight!$U$401:$Y$432,C11+1) -> 3344 | P11: =VLOOKUP(B11,AE_weight!$U$437:$Y$468,C11+1) -> 0000
A12: =A11+1 -> 7 | B12: =B11 -> 1 | C12: 3 | D12: =VLOOKUP(B12,AE_weight!$U$4:$Y$36,C12+1) -> FFFF | E12: =VLOOKUP(B12,AE_weight!$U$40:$Y$72,C12+1) -> 0000 | F12: =VLOOKUP(B12,AE_weight!$U$76:$Y$108,C12+1) -> 0000 | G12: =VLOOKUP(B12,AE_weight!$U$112:$Y$144,C12+1) -> 2222 | H12: =VLOOKUP(B12,AE_weight!$U$149:$Y$180,C12+1) -> 0000 | I12: =VLOOKUP(B12,AE_weight!$U$185:$Y$216,C12+1) -> 0000 | J12: =VLOOKUP(B12,AE_weight!$U$221:$Y$252,C12+1) -> 0000 | K12: =VLOOKUP(B12,AE_weight!$U$257:$Y$288,C12+1) -> 0000 | L12: =VLOOKUP(B12,AE_weight!$U$293:$Y$324,C12+1) -> 0000 | M12: =VLOOKUP(B12,AE_weight!$U$329:$Y$360,C12+1) -> 0000 | N12: =VLOOKUP(B12,AE_weight!$U$365:$Y$396,C12+1) -> 0000 | O12: =VLOOKUP(B12,AE_weight!$U$401:$Y$432,C12+1) -> 4433 | P12: =VLOOKUP(B12,AE_weight!$U$437:$Y$468,C12+1) -> 0000
A13: =A12+1 -> 8 | B13: =B12 -> 1 | C13: 4 | D13: =VLOOKUP(B13,AE_weight!$U$4:$Y$36,C13+1) -> FFFF | E13: =VLOOKUP(B13,AE_weight!$U$40:$Y$72,C13+1) -> 0000 | F13: =VLOOKUP(B13,AE_weight!$U$76:$Y$108,C13+1) -> 0000 | G13: =VLOOKUP(B13,AE_weight!$U$112:$Y$144,C13+1) -> 2222 | H13: =VLOOKUP(B13,AE_weight!$U$149:$Y$180,C13+1) -> 0000 | I13: =VLOOKUP(B13,AE_weight!$U$185:$Y$216,C13+1) -> 0000 | J13: =VLOOKUP(B13,AE_weight!$U$221:$Y$252,C13+1) -> 0000 | K13: =VLOOKUP(B13,AE_weight!$U$257:$Y$288,C13+1) -> 0000 | L13: =VLOOKUP(B13,AE_weight!$U$293:$Y$324,C13+1) -> 0000 | M13: =VLOOKUP(B13,AE_weight!$U$329:$Y$360,C13+1) -> 0000 | N13: =VLOOKUP(B13,AE_weight!$U$365:$Y$396,C13+1) -> 0000 | O13: =VLOOKUP(B13,AE_weight!$U$401:$Y$432,C13+1) -> 2110 | P13: =VLOOKUP(B13,AE_weight!$U$437:$Y$468,C13+1) -> 0000
A14: =A13+1 -> 9 | B14: =B10+1 -> 2 | C14: 1 | D14: =VLOOKUP(B14,AE_weight!$U$4:$Y$36,C14+1) -> FFFF | E14: =VLOOKUP(B14,AE_weight!$U$40:$Y$72,C14+1) -> 0000 | F14: =VLOOKUP(B14,AE_weight!$U$76:$Y$108,C14+1) -> 0000 | G14: =VLOOKUP(B14,AE_weight!$U$112:$Y$144,C14+1) -> 2222 | H14: =VLOOKUP(B14,AE_weight!$U$149:$Y$180,C14+1) -> 0000 | I14: =VLOOKUP(B14,AE_weight!$U$185:$Y$216,C14+1) -> 0000 | J14: =VLOOKUP(B14,AE_weight!$U$221:$Y$252,C14+1) -> 0000 | K14: =VLOOKUP(B14,AE_weight!$U$257:$Y$288,C14+1) -> 0000 | L14: =VLOOKUP(B14,AE_weight!$U$293:$Y$324,C14+1) -> 0000 | M14: =VLOOKUP(B14,AE_weight!$U$329:$Y$360,C14+1) -> 0000 | N14: =VLOOKUP(B14,AE_weight!$U$365:$Y$396,C14+1) -> 0000 | O14: =VLOOKUP(B14,AE_weight!$U$401:$Y$432,C14+1) -> 0112 | P14: =VLOOKUP(B14,AE_weight!$U$437:$Y$468,C14+1) -> 1111
A15: =A14+1 -> 10 | B15: =B14 -> 2 | C15: 2 | D15: =VLOOKUP(B15,AE_weight!$U$4:$Y$36,C15+1) -> FFFF | E15: =VLOOKUP(B15,AE_weight!$U$40:$Y$72,C15+1) -> 0000 | F15: =VLOOKUP(B15,AE_weight!$U$76:$Y$108,C15+1) -> 0000 | G15: =VLOOKUP(B15,AE_weight!$U$112:$Y$144,C15+1) -> 2222 | H15: =VLOOKUP(B15,AE_weight!$U$149:$Y$180,C15+1) -> 0000 | I15: =VLOOKUP(B15,AE_weight!$U$185:$Y$216,C15+1) -> 0000 | J15: =VLOOKUP(B15,AE_weight!$U$221:$Y$252,C15+1) -> 0000 | K15: =VLOOKUP(B15,AE_weight!$U$257:$Y$288,C15+1) -> 0000 | L15: =VLOOKUP(B15,AE_weight!$U$293:$Y$324,C15+1) -> 0000 | M15: =VLOOKUP(B15,AE_weight!$U$329:$Y$360,C15+1) -> 0000 | N15: =VLOOKUP(B15,AE_weight!$U$365:$Y$396,C15+1) -> 0011 | O15: =VLOOKUP(B15,AE_weight!$U$401:$Y$432,C15+1) -> 3344 | P15: =VLOOKUP(B15,AE_weight!$U$437:$Y$468,C15+1) -> 1111
A16: =A15+1 -> 11 | B16: =B15 -> 2 | C16: 3 | D16: =VLOOKUP(B16,AE_weight!$U$4:$Y$36,C16+1) -> FFFF | E16: =VLOOKUP(B16,AE_weight!$U$40:$Y$72,C16+1) -> 0000 | F16: =VLOOKUP(B16,AE_weight!$U$76:$Y$108,C16+1) -> 0000 | G16: =VLOOKUP(B16,AE_weight!$U$112:$Y$144,C16+1) -> 2222 | H16: =VLOOKUP(B16,AE_weight!$U$149:$Y$180,C16+1) -> 0000 | I16: =VLOOKUP(B16,AE_weight!$U$185:$Y$216,C16+1) -> 0000 | J16: =VLOOKUP(B16,AE_weight!$U$221:$Y$252,C16+1) -> 0000 | K16: =VLOOKUP(B16,AE_weight!$U$257:$Y$288,C16+1) -> 0000 | L16: =VLOOKUP(B16,AE_weight!$U$293:$Y$324,C16+1) -> 0000 | M16: =VLOOKUP(B16,AE_weight!$U$329:$Y$360,C16+1) -> 0000 | N16: =VLOOKUP(B16,AE_weight!$U$365:$Y$396,C16+1) -> 1111 | O16: =VLOOKUP(B16,AE_weight!$U$401:$Y$432,C16+1) -> 4433 | P16: =VLOOKUP(B16,AE_weight!$U$437:$Y$468,C16+1) -> 1100
A17: =A16+1 -> 12 | B17: =B16 -> 2 | C17: 4 | D17: =VLOOKUP(B17,AE_weight!$U$4:$Y$36,C17+1) -> FFFF | E17: =VLOOKUP(B17,AE_weight!$U$40:$Y$72,C17+1) -> 0000 | F17: =VLOOKUP(B17,AE_weight!$U$76:$Y$108,C17+1) -> 0000 | G17: =VLOOKUP(B17,AE_weight!$U$112:$Y$144,C17+1) -> 2222 | H17: =VLOOKUP(B17,AE_weight!$U$149:$Y$180,C17+1) -> 0000 | I17: =VLOOKUP(B17,AE_weight!$U$185:$Y$216,C17+1) -> 0000 | J17: =VLOOKUP(B17,AE_weight!$U$221:$Y$252,C17+1) -> 0000 | K17: =VLOOKUP(B17,AE_weight!$U$257:$Y$288,C17+1) -> 0000 | L17: =VLOOKUP(B17,AE_weight!$U$293:$Y$324,C17+1) -> 0000 | M17: =VLOOKUP(B17,AE_weight!$U$329:$Y$360,C17+1) -> 0000 | N17: =VLOOKUP(B17,AE_weight!$U$365:$Y$396,C17+1) -> 1111 | O17: =VLOOKUP(B17,AE_weight!$U$401:$Y$432,C17+1) -> 2110 | P17: =VLOOKUP(B17,AE_weight!$U$437:$Y$468,C17+1) -> 0000
A18: =A17+1 -> 13 | B18: =B14+1 -> 3 | C18: 1 | D18: =VLOOKUP(B18,AE_weight!$U$4:$Y$36,C18+1) -> FFFF | E18: =VLOOKUP(B18,AE_weight!$U$40:$Y$72,C18+1) -> 0000 | F18: =VLOOKUP(B18,AE_weight!$U$76:$Y$108,C18+1) -> 0000 | G18: =VLOOKUP(B18,AE_weight!$U$112:$Y$144,C18+1) -> 2222 | H18: =VLOOKUP(B18,AE_weight!$U$149:$Y$180,C18+1) -> 0000 | I18: =VLOOKUP(B18,AE_weight!$U$185:$Y$216,C18+1) -> 0000 | J18: =VLOOKUP(B18,AE_weight!$U$221:$Y$252,C18+1) -> 0000 | K18: =VLOOKUP(B18,AE_weight!$U$257:$Y$288,C18+1) -> 0000 | L18: =VLOOKUP(B18,AE_weight!$U$293:$Y$324,C18+1) -> 0000 | M18: =VLOOKUP(B18,AE_weight!$U$329:$Y$360,C18+1) -> 0000 | N18: =VLOOKUP(B18,AE_weight!$U$365:$Y$396,C18+1) -> 0000 | O18: =VLOOKUP(B18,AE_weight!$U$401:$Y$432,C18+1) -> 0112 | P18: =VLOOKUP(B18,AE_weight!$U$437:$Y$468,C18+1) -> 1111
A19: =A18+1 -> 14 | B19: =B18 -> 3 | C19: 2 | D19: =VLOOKUP(B19,AE_weight!$U$4:$Y$36,C19+1) -> FFFF | E19: =VLOOKUP(B19,AE_weight!$U$40:$Y$72,C19+1) -> 0000 | F19: =VLOOKUP(B19,AE_weight!$U$76:$Y$108,C19+1) -> 0000 | G19: =VLOOKUP(B19,AE_weight!$U$112:$Y$144,C19+1) -> 2222 | H19: =VLOOKUP(B19,AE_weight!$U$149:$Y$180,C19+1) -> 0000 | I19: =VLOOKUP(B19,AE_weight!$U$185:$Y$216,C19+1) -> 0000 | J19: =VLOOKUP(B19,AE_weight!$U$221:$Y$252,C19+1) -> 0000 | K19: =VLOOKUP(B19,AE_weight!$U$257:$Y$288,C19+1) -> 0000 | L19: =VLOOKUP(B19,AE_weight!$U$293:$Y$324,C19+1) -> 0000 | M19: =VLOOKUP(B19,AE_weight!$U$329:$Y$360,C19+1) -> 0011 | N19: =VLOOKUP(B19,AE_weight!$U$365:$Y$396,C19+1) -> 0111 | O19: =VLOOKUP(B19,AE_weight!$U$401:$Y$432,C19+1) -> 3444 | P19: =VLOOKUP(B19,AE_weight!$U$437:$Y$468,C19+1) -> 1111
A20: =A19+1 -> 15 | B20: =B19 -> 3 | C20: 3 | D20: =VLOOKUP(B20,AE_weight!$U$4:$Y$36,C20+1) -> FFFF | E20: =VLOOKUP(B20,AE_weight!$U$40:$Y$72,C20+1) -> 0000 | F20: =VLOOKUP(B20,AE_weight!$U$76:$Y$108,C20+1) -> 0000 | G20: =VLOOKUP(B20,AE_weight!$U$112:$Y$144,C20+1) -> 2222 | H20: =VLOOKUP(B20,AE_weight!$U$149:$Y$180,C20+1) -> 0000 | I20: =VLOOKUP(B20,AE_weight!$U$185:$Y$216,C20+1) -> 0000 | J20: =VLOOKUP(B20,AE_weight!$U$221:$Y$252,C20+1) -> 0000 | K20: =VLOOKUP(B20,AE_weight!$U$257:$Y$288,C20+1) -> 0000 | L20: =VLOOKUP(B20,AE_weight!$U$293:$Y$324,C20+1) -> 0000 | M20: =VLOOKUP(B20,AE_weight!$U$329:$Y$360,C20+1) -> 1100 | N20: =VLOOKUP(B20,AE_weight!$U$365:$Y$396,C20+1) -> 1111 | O20: =VLOOKUP(B20,AE_weight!$U$401:$Y$432,C20+1) -> 4443 | P20: =VLOOKUP(B20,AE_weight!$U$437:$Y$468,C20+1) -> 1110
A21: =A20+1 -> 16 | B21: =B20 -> 3 | C21: 4 | D21: =VLOOKUP(B21,AE_weight!$U$4:$Y$36,C21+1) -> FFFF | E21: =VLOOKUP(B21,AE_weight!$U$40:$Y$72,C21+1) -> 0000 | F21: =VLOOKUP(B21,AE_weight!$U$76:$Y$108,C21+1) -> 0000 | G21: =VLOOKUP(B21,AE_weight!$U$112:$Y$144,C21+1) -> 2222 | H21: =VLOOKUP(B21,AE_weight!$U$149:$Y$180,C21+1) -> 0000 | I21: =VLOOKUP(B21,AE_weight!$U$185:$Y$216,C21+1) -> 0000 | J21: =VLOOKUP(B21,AE_weight!$U$221:$Y$252,C21+1) -> 0000 | K21: =VLOOKUP(B21,AE_weight!$U$257:$Y$288,C21+1) -> 0000 | L21: =VLOOKUP(B21,AE_weight!$U$293:$Y$324,C21+1) -> 0000 | M21: =VLOOKUP(B21,AE_weight!$U$329:$Y$360,C21+1) -> 0000 | N21: =VLOOKUP(B21,AE_weight!$U$365:$Y$396,C21+1) -> 1111 | O21: =VLOOKUP(B21,AE_weight!$U$401:$Y$432,C21+1) -> 2110 | P21: =VLOOKUP(B21,AE_weight!$U$437:$Y$468,C21+1) -> 0000
A22: =A21+1 -> 17 | B22: =B18+1 -> 4 | C22: 1 | D22: =VLOOKUP(B22,AE_weight!$U$4:$Y$36,C22+1) -> FFFF | E22: =VLOOKUP(B22,AE_weight!$U$40:$Y$72,C22+1) -> 0000 | F22: =VLOOKUP(B22,AE_weight!$U$76:$Y$108,C22+1) -> 0000 | G22: =VLOOKUP(B22,AE_weight!$U$112:$Y$144,C22+1) -> 2222 | H22: =VLOOKUP(B22,AE_weight!$U$149:$Y$180,C22+1) -> 0000 | I22: =VLOOKUP(B22,AE_weight!$U$185:$Y$216,C22+1) -> 0000 | J22: =VLOOKUP(B22,AE_weight!$U$221:$Y$252,C22+1) -> 0000 | K22: =VLOOKUP(B22,AE_weight!$U$257:$Y$288,C22+1) -> 0000 | L22: =VLOOKUP(B22,AE_weight!$U$293:$Y$324,C22+1) -> 0000 | M22: =VLOOKUP(B22,AE_weight!$U$329:$Y$360,C22+1) -> 0000 | N22: =VLOOKUP(B22,AE_weight!$U$365:$Y$396,C22+1) -> 0000 | O22: =VLOOKUP(B22,AE_weight!$U$401:$Y$432,C22+1) -> 0112 | P22: =VLOOKUP(B22,AE_weight!$U$437:$Y$468,C22+1) -> 1112
A23: =A22+1 -> 18 | B23: =B22 -> 4 | C23: 2 | D23: =VLOOKUP(B23,AE_weight!$U$4:$Y$36,C23+1) -> FFFF | E23: =VLOOKUP(B23,AE_weight!$U$40:$Y$72,C23+1) -> 0000 | F23: =VLOOKUP(B23,AE_weight!$U$76:$Y$108,C23+1) -> 0022 | G23: =VLOOKUP(B23,AE_weight!$U$112:$Y$144,C23+1) -> 2222 | H23: =VLOOKUP(B23,AE_weight!$U$149:$Y$180,C23+1) -> 0000 | I23: =VLOOKUP(B23,AE_weight!$U$185:$Y$216,C23+1) -> 0000 | J23: =VLOOKUP(B23,AE_weight!$U$221:$Y$252,C23+1) -> 0000 | K23: =VLOOKUP(B23,AE_weight!$U$257:$Y$288,C23+1) -> 0000 | L23: =VLOOKUP(B23,AE_weight!$U$293:$Y$324,C23+1) -> 0000 | M23: =VLOOKUP(B23,AE_weight!$U$329:$Y$360,C23+1) -> 0111 | N23: =VLOOKUP(B23,AE_weight!$U$365:$Y$396,C23+1) -> 1122 | O23: =VLOOKUP(B23,AE_weight!$U$401:$Y$432,C23+1) -> 3445 | P23: =VLOOKUP(B23,AE_weight!$U$437:$Y$468,C23+1) -> 2222
A24: =A23+1 -> 19 | B24: =B23 -> 4 | C24: 3 | D24: =VLOOKUP(B24,AE_weight!$U$4:$Y$36,C24+1) -> FFFF | E24: =VLOOKUP(B24,AE_weight!$U$40:$Y$72,C24+1) -> 0000 | F24: =VLOOKUP(B24,AE_weight!$U$76:$Y$108,C24+1) -> 2200 | G24: =VLOOKUP(B24,AE_weight!$U$112:$Y$144,C24+1) -> 2222 | H24: =VLOOKUP(B24,AE_weight!$U$149:$Y$180,C24+1) -> 0000 | I24: =VLOOKUP(B24,AE_weight!$U$185:$Y$216,C24+1) -> 0000 | J24: =VLOOKUP(B24,AE_weight!$U$221:$Y$252,C24+1) -> 0000 | K24: =VLOOKUP(B24,AE_weight!$U$257:$Y$288,C24+1) -> 0000 | L24: =VLOOKUP(B24,AE_weight!$U$293:$Y$324,C24+1) -> 0000 | M24: =VLOOKUP(B24,AE_weight!$U$329:$Y$360,C24+1) -> 1110 | N24: =VLOOKUP(B24,AE_weight!$U$365:$Y$396,C24+1) -> 2222 | O24: =VLOOKUP(B24,AE_weight!$U$401:$Y$432,C24+1) -> 5443 | P24: =VLOOKUP(B24,AE_weight!$U$437:$Y$468,C24+1) -> 2211
A25: =A24+1 -> 20 | B25: =B24 -> 4 | C25: 4 | D25: =VLOOKUP(B25,AE_weight!$U$4:$Y$36,C25+1) -> FFFF | E25: =VLOOKUP(B25,AE_weight!$U$40:$Y$72,C25+1) -> 0000 | F25: =VLOOKUP(B25,AE_weight!$U$76:$Y$108,C25+1) -> 0000 | G25: =VLOOKUP(B25,AE_weight!$U$112:$Y$144,C25+1) -> 2222 | H25: =VLOOKUP(B25,AE_weight!$U$149:$Y$180,C25+1) -> 0000 | I25: =VLOOKUP(B25,AE_weight!$U$185:$Y$216,C25+1) -> 0000 | J25: =VLOOKUP(B25,AE_weight!$U$221:$Y$252,C25+1) -> 0000 | K25: =VLOOKUP(B25,AE_weight!$U$257:$Y$288,C25+1) -> 0000 | L25: =VLOOKUP(B25,AE_weight!$U$293:$Y$324,C25+1) -> 0000 | M25: =VLOOKUP(B25,AE_weight!$U$329:$Y$360,C25+1) -> 0000 | N25: =VLOOKUP(B25,AE_weight!$U$365:$Y$396,C25+1) -> 2111 | O25: =VLOOKUP(B25,AE_weight!$U$401:$Y$432,C25+1) -> 2110 | P25: =VLOOKUP(B25,AE_weight!$U$437:$Y$468,C25+1) -> 0000
A26: =A25+1 -> 21 | B26: =B22+1 -> 5 | C26: 1 | D26: =VLOOKUP(B26,AE_weight!$U$4:$Y$36,C26+1) -> FFFF | E26: =VLOOKUP(B26,AE_weight!$U$40:$Y$72,C26+1) -> 0000 | F26: =VLOOKUP(B26,AE_weight!$U$76:$Y$108,C26+1) -> 0000 | G26: =VLOOKUP(B26,AE_weight!$U$112:$Y$144,C26+1) -> 2222 | H26: =VLOOKUP(B26,AE_weight!$U$149:$Y$180,C26+1) -> 0000 | I26: =VLOOKUP(B26,AE_weight!$U$185:$Y$216,C26+1) -> 0000 | J26: =VLOOKUP(B26,AE_weight!$U$221:$Y$252,C26+1) -> 0000 | K26: =VLOOKUP(B26,AE_weight!$U$257:$Y$288,C26+1) -> 0000 | L26: =VLOOKUP(B26,AE_weight!$U$293:$Y$324,C26+1) -> 0000 | M26: =VLOOKUP(B26,AE_weight!$U$329:$Y$360,C26+1) -> 0000 | N26: =VLOOKUP(B26,AE_weight!$U$365:$Y$396,C26+1) -> 0000 | O26: =VLOOKUP(B26,AE_weight!$U$401:$Y$432,C26+1) -> 0112 | P26: =VLOOKUP(B26,AE_weight!$U$437:$Y$468,C26+1) -> 2222
A27: =A26+1 -> 22 | B27: =B26 -> 5 | C27: 2 | D27: =VLOOKUP(B27,AE_weight!$U$4:$Y$36,C27+1) -> FFFF | E27: =VLOOKUP(B27,AE_weight!$U$40:$Y$72,C27+1) -> 0000 | F27: =VLOOKUP(B27,AE_weight!$U$76:$Y$108,C27+1) -> 0022 | G27: =VLOOKUP(B27,AE_weight!$U$112:$Y$144,C27+1) -> 2222 | H27: =VLOOKUP(B27,AE_weight!$U$149:$Y$180,C27+1) -> 0000 | I27: =VLOOKUP(B27,AE_weight!$U$185:$Y$216,C27+1) -> 0000 | J27: =VLOOKUP(B27,AE_weight!$U$221:$Y$252,C27+1) -> 0000 | K27: =VLOOKUP(B27,AE_weight!$U$257:$Y$288,C27+1) -> 0001 | L27: =VLOOKUP(B27,AE_weight!$U$293:$Y$324,C27+1) -> 0000 | M27: =VLOOKUP(B27,AE_weight!$U$329:$Y$360,C27+1) -> 1122 | N27: =VLOOKUP(B27,AE_weight!$U$365:$Y$396,C27+1) -> 1222 | O27: =VLOOKUP(B27,AE_weight!$U$401:$Y$432,C27+1) -> 3455 | P27: =VLOOKUP(B27,AE_weight!$U$437:$Y$468,C27+1) -> 2222
A28: =A27+1 -> 23 | B28: =B27 -> 5 | C28: 3 | D28: =VLOOKUP(B28,AE_weight!$U$4:$Y$36,C28+1) -> FFFF | E28: =VLOOKUP(B28,AE_weight!$U$40:$Y$72,C28+1) -> 0000 | F28: =VLOOKUP(B28,AE_weight!$U$76:$Y$108,C28+1) -> 2200 | G28: =VLOOKUP(B28,AE_weight!$U$112:$Y$144,C28+1) -> 2222 | H28: =VLOOKUP(B28,AE_weight!$U$149:$Y$180,C28+1) -> 0000 | I28: =VLOOKUP(B28,AE_weight!$U$185:$Y$216,C28+1) -> 0000 | J28: =VLOOKUP(B28,AE_weight!$U$221:$Y$252,C28+1) -> 0000 | K28: =VLOOKUP(B28,AE_weight!$U$257:$Y$288,C28+1) -> 1000 | L28: =VLOOKUP(B28,AE_weight!$U$293:$Y$324,C28+1) -> 0000 | M28: =VLOOKUP(B28,AE_weight!$U$329:$Y$360,C28+1) -> 2211 | N28: =VLOOKUP(B28,AE_weight!$U$365:$Y$396,C28+1) -> 2222 | O28: =VLOOKUP(B28,AE_weight!$U$401:$Y$432,C28+1) -> 5543 | P28: =VLOOKUP(B28,AE_weight!$U$437:$Y$468,C28+1) -> 2221
A29: =A28+1 -> 24 | B29: =B28 -> 5 | C29: 4 | D29: =VLOOKUP(B29,AE_weight!$U$4:$Y$36,C29+1) -> FFFF | E29: =VLOOKUP(B29,AE_weight!$U$40:$Y$72,C29+1) -> 0000 | F29: =VLOOKUP(B29,AE_weight!$U$76:$Y$108,C29+1) -> 0000 | G29: =VLOOKUP(B29,AE_weight!$U$112:$Y$144,C29+1) -> 2222 | H29: =VLOOKUP(B29,AE_weight!$U$149:$Y$180,C29+1) -> 0000 | I29: =VLOOKUP(B29,AE_weight!$U$185:$Y$216,C29+1) -> 0000 | J29: =VLOOKUP(B29,AE_weight!$U$221:$Y$252,C29+1) -> 0000 | K29: =VLOOKUP(B29,AE_weight!$U$257:$Y$288,C29+1) -> 0000 | L29: =VLOOKUP(B29,AE_weight!$U$293:$Y$324,C29+1) -> 0000 | M29: =VLOOKUP(B29,AE_weight!$U$329:$Y$360,C29+1) -> 0000 | N29: =VLOOKUP(B29,AE_weight!$U$365:$Y$396,C29+1) -> 2222 | O29: =VLOOKUP(B29,AE_weight!$U$401:$Y$432,C29+1) -> 2110 | P29: =VLOOKUP(B29,AE_weight!$U$437:$Y$468,C29+1) -> 0000
A30: =A29+1 -> 25 | B30: =B26+1 -> 6 | C30: 1 | D30: =VLOOKUP(B30,AE_weight!$U$4:$Y$36,C30+1) -> FFFF | E30: =VLOOKUP(B30,AE_weight!$U$40:$Y$72,C30+1) -> 0000 | F30: =VLOOKUP(B30,AE_weight!$U$76:$Y$108,C30+1) -> 0000 | G30: =VLOOKUP(B30,AE_weight!$U$112:$Y$144,C30+1) -> 2222 | H30: =VLOOKUP(B30,AE_weight!$U$149:$Y$180,C30+1) -> 0000 | I30: =VLOOKUP(B30,AE_weight!$U$185:$Y$216,C30+1) -> 0000 | J30: =VLOOKUP(B30,AE_weight!$U$221:$Y$252,C30+1) -> 0000 | K30: =VLOOKUP(B30,AE_weight!$U$257:$Y$288,C30+1) -> 0000 | L30: =VLOOKUP(B30,AE_weight!$U$293:$Y$324,C30+1) -> 0000 | M30: =VLOOKUP(B30,AE_weight!$U$329:$Y$360,C30+1) -> 0001 | N30: =VLOOKUP(B30,AE_weight!$U$365:$Y$396,C30+1) -> 0001 | O30: =VLOOKUP(B30,AE_weight!$U$401:$Y$432,C30+1) -> 0112 | P30: =VLOOKUP(B30,AE_weight!$U$437:$Y$468,C30+1) -> 2223
A31: =A30+1 -> 26 | B31: =B30 -> 6 | C31: 2 | D31: =VLOOKUP(B31,AE_weight!$U$4:$Y$36,C31+1) -> FFFF | E31: =VLOOKUP(B31,AE_weight!$U$40:$Y$72,C31+1) -> 0000 | F31: =VLOOKUP(B31,AE_weight!$U$76:$Y$108,C31+1) -> 2223 | G31: =VLOOKUP(B31,AE_weight!$U$112:$Y$144,C31+1) -> 2222 | H31: =VLOOKUP(B31,AE_weight!$U$149:$Y$180,C31+1) -> 0000 | I31: =VLOOKUP(B31,AE_weight!$U$185:$Y$216,C31+1) -> 0000 | J31: =VLOOKUP(B31,AE_weight!$U$221:$Y$252,C31+1) -> 0007 | K31: =VLOOKUP(B31,AE_weight!$U$257:$Y$288,C31+1) -> 0000 | L31: =VLOOKUP(B31,AE_weight!$U$293:$Y$324,C31+1) -> 0000 | M31: =VLOOKUP(B31,AE_weight!$U$329:$Y$360,C31+1) -> 1222 | N31: =VLOOKUP(B31,AE_weight!$U$365:$Y$396,C31+1) -> 2223 | O31: =VLOOKUP(B31,AE_weight!$U$401:$Y$432,C31+1) -> 3455 | P31: =VLOOKUP(B31,AE_weight!$U$437:$Y$468,C31+1) -> 3333
A32: =A31+1 -> 27 | B32: =B31 -> 6 | C32: 3 | D32: =VLOOKUP(B32,AE_weight!$U$4:$Y$36,C32+1) -> FFFF | E32: =VLOOKUP(B32,AE_weight!$U$40:$Y$72,C32+1) -> 0000 | F32: =VLOOKUP(B32,AE_weight!$U$76:$Y$108,C32+1) -> 3222 | G32: =VLOOKUP(B32,AE_weight!$U$112:$Y$144,C32+1) -> 2222 | H32: =VLOOKUP(B32,AE_weight!$U$149:$Y$180,C32+1) -> 0000 | I32: =VLOOKUP(B32,AE_weight!$U$185:$Y$216,C32+1) -> 0000 | J32: =VLOOKUP(B32,AE_weight!$U$221:$Y$252,C32+1) -> 7000 | K32: =VLOOKUP(B32,AE_weight!$U$257:$Y$288,C32+1) -> 0000 | L32: =VLOOKUP(B32,AE_weight!$U$293:$Y$324,C32+1) -> 0000 | M32: =VLOOKUP(B32,AE_weight!$U$329:$Y$360,C32+1) -> 2221 | N32: =VLOOKUP(B32,AE_weight!$U$365:$Y$396,C32+1) -> 3333 | O32: =VLOOKUP(B32,AE_weight!$U$401:$Y$432,C32+1) -> 5543 | P32: =VLOOKUP(B32,AE_weight!$U$437:$Y$468,C32+1) -> 3222
A33: =A32+1 -> 28 | B33: =B32 -> 6 | C33: 4 | D33: =VLOOKUP(B33,AE_weight!$U$4:$Y$36,C33+1) -> FFFF | E33: =VLOOKUP(B33,AE_weight!$U$40:$Y$72,C33+1) -> 0000 | F33: =VLOOKUP(B33,AE_weight!$U$76:$Y$108,C33+1) -> 0000 | G33: =VLOOKUP(B33,AE_weight!$U$112:$Y$144,C33+1) -> 2222 | H33: =VLOOKUP(B33,AE_weight!$U$149:$Y$180,C33+1) -> 0000 | I33: =VLOOKUP(B33,AE_weight!$U$185:$Y$216,C33+1) -> 0000 | J33: =VLOOKUP(B33,AE_weight!$U$221:$Y$252,C33+1) -> 0000 | K33: =VLOOKUP(B33,AE_weight!$U$257:$Y$288,C33+1) -> 0000 | L33: =VLOOKUP(B33,AE_weight!$U$293:$Y$324,C33+1) -> 0000 | M33: =VLOOKUP(B33,AE_weight!$U$329:$Y$360,C33+1) -> 1000 | N33: =VLOOKUP(B33,AE_weight!$U$365:$Y$396,C33+1) -> 3222 | O33: =VLOOKUP(B33,AE_weight!$U$401:$Y$432,C33+1) -> 2110 | P33: =VLOOKUP(B33,AE_weight!$U$437:$Y$468,C33+1) -> 1000
A34: =A33+1 -> 29 | B34: =B30+1 -> 7 | C34: 1 | D34: =VLOOKUP(B34,AE_weight!$U$4:$Y$36,C34+1) -> FFFF | E34: =VLOOKUP(B34,AE_weight!$U$40:$Y$72,C34+1) -> 0000 | F34: =VLOOKUP(B34,AE_weight!$U$76:$Y$108,C34+1) -> 0000 | G34: =VLOOKUP(B34,AE_weight!$U$112:$Y$144,C34+1) -> 2222 | H34: =VLOOKUP(B34,AE_weight!$U$149:$Y$180,C34+1) -> 0000 | I34: =VLOOKUP(B34,AE_weight!$U$185:$Y$216,C34+1) -> 0000 | J34: =VLOOKUP(B34,AE_weight!$U$221:$Y$252,C34+1) -> 0000 | K34: =VLOOKUP(B34,AE_weight!$U$257:$Y$288,C34+1) -> 0000 | L34: =VLOOKUP(B34,AE_weight!$U$293:$Y$324,C34+1) -> 0000 | M34: =VLOOKUP(B34,AE_weight!$U$329:$Y$360,C34+1) -> 0001 | N34: =VLOOKUP(B34,AE_weight!$U$365:$Y$396,C34+1) -> 0001 | O34: =VLOOKUP(B34,AE_weight!$U$401:$Y$432,C34+1) -> 0123 | P34: =VLOOKUP(B34,AE_weight!$U$437:$Y$468,C34+1) -> 3333
A35: =A34+1 -> 30 | B35: =B34 -> 7 | C35: 2 | D35: =VLOOKUP(B35,AE_weight!$U$4:$Y$36,C35+1) -> FFFF | E35: =VLOOKUP(B35,AE_weight!$U$40:$Y$72,C35+1) -> 0002 | F35: =VLOOKUP(B35,AE_weight!$U$76:$Y$108,C35+1) -> 2223 | G35: =VLOOKUP(B35,AE_weight!$U$112:$Y$144,C35+1) -> 2222 | H35: =VLOOKUP(B35,AE_weight!$U$149:$Y$180,C35+1) -> 0000 | I35: =VLOOKUP(B35,AE_weight!$U$185:$Y$216,C35+1) -> 0000 | J35: =VLOOKUP(B35,AE_weight!$U$221:$Y$252,C35+1) -> 0007 | K35: =VLOOKUP(B35,AE_weight!$U$257:$Y$288,C35+1) -> 0010 | L35: =VLOOKUP(B35,AE_weight!$U$293:$Y$324,C35+1) -> 0000 | M35: =VLOOKUP(B35,AE_weight!$U$329:$Y$360,C35+1) -> 2223 | N35: =VLOOKUP(B35,AE_weight!$U$365:$Y$396,C35+1) -> 2233 | O35: =VLOOKUP(B35,AE_weight!$U$401:$Y$432,C35+1) -> 3455 | P35: =VLOOKUP(B35,AE_weight!$U$437:$Y$468,C35+1) -> 3333
A36: =A35+1 -> 31 | B36: =B35 -> 7 | C36: 3 | D36: =VLOOKUP(B36,AE_weight!$U$4:$Y$36,C36+1) -> FFFF | E36: =VLOOKUP(B36,AE_weight!$U$40:$Y$72,C36+1) -> 2000 | F36: =VLOOKUP(B36,AE_weight!$U$76:$Y$108,C36+1) -> 3222 | G36: =VLOOKUP(B36,AE_weight!$U$112:$Y$144,C36+1) -> 2222 | H36: =VLOOKUP(B36,AE_weight!$U$149:$Y$180,C36+1) -> 0000 | I36: =VLOOKUP(B36,AE_weight!$U$185:$Y$216,C36+1) -> 0000 | J36: =VLOOKUP(B36,AE_weight!$U$221:$Y$252,C36+1) -> 7000 | K36: =VLOOKUP(B36,AE_weight!$U$257:$Y$288,C36+1) -> 0100 | L36: =VLOOKUP(B36,AE_weight!$U$293:$Y$324,C36+1) -> 0000 | M36: =VLOOKUP(B36,AE_weight!$U$329:$Y$360,C36+1) -> 3222 | N36: =VLOOKUP(B36,AE_weight!$U$365:$Y$396,C36+1) -> 3333 | O36: =VLOOKUP(B36,AE_weight!$U$401:$Y$432,C36+1) -> 5543 | P36: =VLOOKUP(B36,AE_weight!$U$437:$Y$468,C36+1) -> 3322
A37: =A36+1 -> 32 | B37: =B36 -> 7 | C37: 4 | D37: =VLOOKUP(B37,AE_weight!$U$4:$Y$36,C37+1) -> FFFF | E37: =VLOOKUP(B37,AE_weight!$U$40:$Y$72,C37+1) -> 0000 | F37: =VLOOKUP(B37,AE_weight!$U$76:$Y$108,C37+1) -> 0000 | G37: =VLOOKUP(B37,AE_weight!$U$112:$Y$144,C37+1) -> 2222 | H37: =VLOOKUP(B37,AE_weight!$U$149:$Y$180,C37+1) -> 0000 | I37: =VLOOKUP(B37,AE_weight!$U$185:$Y$216,C37+1) -> 0000 | J37: =VLOOKUP(B37,AE_weight!$U$221:$Y$252,C37+1) -> 0000 | K37: =VLOOKUP(B37,AE_weight!$U$257:$Y$288,C37+1) -> 0000 | L37: =VLOOKUP(B37,AE_weight!$U$293:$Y$324,C37+1) -> 0000 | M37: =VLOOKUP(B37,AE_weight!$U$329:$Y$360,C37+1) -> 1000 | N37: =VLOOKUP(B37,AE_weight!$U$365:$Y$396,C37+1) -> 3333 | O37: =VLOOKUP(B37,AE_weight!$U$401:$Y$432,C37+1) -> 3210 | P37: =VLOOKUP(B37,AE_weight!$U$437:$Y$468,C37+1) -> 1000
A38: =A37+1 -> 33 | B38: =B34+1 -> 8 | C38: 1 | D38: =VLOOKUP(B38,AE_weight!$U$4:$Y$36,C38+1) -> FFFF | E38: =VLOOKUP(B38,AE_weight!$U$40:$Y$72,C38+1) -> 0000 | F38: =VLOOKUP(B38,AE_weight!$U$76:$Y$108,C38+1) -> 0002 | G38: =VLOOKUP(B38,AE_weight!$U$112:$Y$144,C38+1) -> 2222 | H38: =VLOOKUP(B38,AE_weight!$U$149:$Y$180,C38+1) -> 0000 | I38: =VLOOKUP(B38,AE_weight!$U$185:$Y$216,C38+1) -> 0000 | J38: =VLOOKUP(B38,AE_weight!$U$221:$Y$252,C38+1) -> 0000 | K38: =VLOOKUP(B38,AE_weight!$U$257:$Y$288,C38+1) -> 0000 | L38: =VLOOKUP(B38,AE_weight!$U$293:$Y$324,C38+1) -> 0000 | M38: =VLOOKUP(B38,AE_weight!$U$329:$Y$360,C38+1) -> 0011 | N38: =VLOOKUP(B38,AE_weight!$U$365:$Y$396,C38+1) -> 0012 | O38: =VLOOKUP(B38,AE_weight!$U$401:$Y$432,C38+1) -> 0123 | P38: =VLOOKUP(B38,AE_weight!$U$437:$Y$468,C38+1) -> 3333
A39: =A38+1 -> 34 | B39: =B38 -> 8 | C39: 2 | D39: =VLOOKUP(B39,AE_weight!$U$4:$Y$36,C39+1) -> FFFF | E39: =VLOOKUP(B39,AE_weight!$U$40:$Y$72,C39+1) -> 2223 | F39: =VLOOKUP(B39,AE_weight!$U$76:$Y$108,C39+1) -> 2334 | G39: =VLOOKUP(B39,AE_weight!$U$112:$Y$144,C39+1) -> 2222 | H39: =VLOOKUP(B39,AE_weight!$U$149:$Y$180,C39+1) -> 0000 | I39: =VLOOKUP(B39,AE_weight!$U$185:$Y$216,C39+1) -> 0000 | J39: =VLOOKUP(B39,AE_weight!$U$221:$Y$252,C39+1) -> 0777 | K39: =VLOOKUP(B39,AE_weight!$U$257:$Y$288,C39+1) -> 0000 | L39: =VLOOKUP(B39,AE_weight!$U$293:$Y$324,C39+1) -> 0000 | M39: =VLOOKUP(B39,AE_weight!$U$329:$Y$360,C39+1) -> 2233 | N39: =VLOOKUP(B39,AE_weight!$U$365:$Y$396,C39+1) -> 2334 | O39: =VLOOKUP(B39,AE_weight!$U$401:$Y$432,C39+1) -> 3556 | P39: =VLOOKUP(B39,AE_weight!$U$437:$Y$468,C39+1) -> 4444
A40: =A39+1 -> 35 | B40: =B39 -> 8 | C40: 3 | D40: =VLOOKUP(B40,AE_weight!$U$4:$Y$36,C40+1) -> FFFF | E40: =VLOOKUP(B40,AE_weight!$U$40:$Y$72,C40+1) -> 3222 | F40: =VLOOKUP(B40,AE_weight!$U$76:$Y$108,C40+1) -> 4332 | G40: =VLOOKUP(B40,AE_weight!$U$112:$Y$144,C40+1) -> 2222 | H40: =VLOOKUP(B40,AE_weight!$U$149:$Y$180,C40+1) -> 0000 | I40: =VLOOKUP(B40,AE_weight!$U$185:$Y$216,C40+1) -> 0000 | J40: =VLOOKUP(B40,AE_weight!$U$221:$Y$252,C40+1) -> 7770 | K40: =VLOOKUP(B40,AE_weight!$U$257:$Y$288,C40+1) -> 0000 | L40: =VLOOKUP(B40,AE_weight!$U$293:$Y$324,C40+1) -> 0000 | M40: =VLOOKUP(B40,AE_weight!$U$329:$Y$360,C40+1) -> 3322 | N40: =VLOOKUP(B40,AE_weight!$U$365:$Y$396,C40+1) -> 4444 | O40: =VLOOKUP(B40,AE_weight!$U$401:$Y$432,C40+1) -> 6553 | P40: =VLOOKUP(B40,AE_weight!$U$437:$Y$468,C40+1) -> 4332
A41: =A40+1 -> 36 | B41: =B40 -> 8 | C41: 4 | D41: =VLOOKUP(B41,AE_weight!$U$4:$Y$36,C41+1) -> FFFF | E41: =VLOOKUP(B41,AE_weight!$U$40:$Y$72,C41+1) -> 0000 | F41: =VLOOKUP(B41,AE_weight!$U$76:$Y$108,C41+1) -> 2000 | G41: =VLOOKUP(B41,AE_weight!$U$112:$Y$144,C41+1) -> 2222 | H41: =VLOOKUP(B41,AE_weight!$U$149:$Y$180,C41+1) -> 0000 | I41: =VLOOKUP(B41,AE_weight!$U$185:$Y$216,C41+1) -> 0000 | J41: =VLOOKUP(B41,AE_weight!$U$221:$Y$252,C41+1) -> 0000 | K41: =VLOOKUP(B41,AE_weight!$U$257:$Y$288,C41+1) -> 0000 | L41: =VLOOKUP(B41,AE_weight!$U$293:$Y$324,C41+1) -> 0000 | M41: =VLOOKUP(B41,AE_weight!$U$329:$Y$360,C41+1) -> 1100 | N41: =VLOOKUP(B41,AE_weight!$U$365:$Y$396,C41+1) -> 3333 | O41: =VLOOKUP(B41,AE_weight!$U$401:$Y$432,C41+1) -> 3210 | P41: =VLOOKUP(B41,AE_weight!$U$437:$Y$468,C41+1) -> 2100
A42: =A41+1 -> 37 | B42: =B38+1 -> 9 | C42: 1 | D42: =VLOOKUP(B42,AE_weight!$U$4:$Y$36,C42+1) -> FFFF | E42: =VLOOKUP(B42,AE_weight!$U$40:$Y$72,C42+1) -> 0000 | F42: =VLOOKUP(B42,AE_weight!$U$76:$Y$108,C42+1) -> 0002 | G42: =VLOOKUP(B42,AE_weight!$U$112:$Y$144,C42+1) -> 2222 | H42: =VLOOKUP(B42,AE_weight!$U$149:$Y$180,C42+1) -> 0000 | I42: =VLOOKUP(B42,AE_weight!$U$185:$Y$216,C42+1) -> 0000 | J42: =VLOOKUP(B42,AE_weight!$U$221:$Y$252,C42+1) -> 0000 | K42: =VLOOKUP(B42,AE_weight!$U$257:$Y$288,C42+1) -> 0000 | L42: =VLOOKUP(B42,AE_weight!$U$293:$Y$324,C42+1) -> 0000 | M42: =VLOOKUP(B42,AE_weight!$U$329:$Y$360,C42+1) -> 0012 | N42: =VLOOKUP(B42,AE_weight!$U$365:$Y$396,C42+1) -> 0012 | O42: =VLOOKUP(B42,AE_weight!$U$401:$Y$432,C42+1) -> 0123 | P42: =VLOOKUP(B42,AE_weight!$U$437:$Y$468,C42+1) -> 3334
A43: =A42+1 -> 38 | B43: =B42 -> 9 | C43: 2 | D43: =VLOOKUP(B43,AE_weight!$U$4:$Y$36,C43+1) -> FFFF | E43: =VLOOKUP(B43,AE_weight!$U$40:$Y$72,C43+1) -> 2233 | F43: =VLOOKUP(B43,AE_weight!$U$76:$Y$108,C43+1) -> 2334 | G43: =VLOOKUP(B43,AE_weight!$U$112:$Y$144,C43+1) -> 2222 | H43: =VLOOKUP(B43,AE_weight!$U$149:$Y$180,C43+1) -> 0000 | I43: =VLOOKUP(B43,AE_weight!$U$185:$Y$216,C43+1) -> 0000 | J43: =VLOOKUP(B43,AE_weight!$U$221:$Y$252,C43+1) -> 0777 | K43: =VLOOKUP(B43,AE_weight!$U$257:$Y$288,C43+1) -> 0101 | L43: =VLOOKUP(B43,AE_weight!$U$293:$Y$324,C43+1) -> 0000 | M43: =VLOOKUP(B43,AE_weight!$U$329:$Y$360,C43+1) -> 2334 | N43: =VLOOKUP(B43,AE_weight!$U$365:$Y$396,C43+1) -> 3344 | O43: =VLOOKUP(B43,AE_weight!$U$401:$Y$432,C43+1) -> 4556 | P43: =VLOOKUP(B43,AE_weight!$U$437:$Y$468,C43+1) -> 4444
A44: =A43+1 -> 39 | B44: =B43 -> 9 | C44: 3 | D44: =VLOOKUP(B44,AE_weight!$U$4:$Y$36,C44+1) -> FFFF | E44: =VLOOKUP(B44,AE_weight!$U$40:$Y$72,C44+1) -> 3322 | F44: =VLOOKUP(B44,AE_weight!$U$76:$Y$108,C44+1) -> 4332 | G44: =VLOOKUP(B44,AE_weight!$U$112:$Y$144,C44+1) -> 2222 | H44: =VLOOKUP(B44,AE_weight!$U$149:$Y$180,C44+1) -> 0000 | I44: =VLOOKUP(B44,AE_weight!$U$185:$Y$216,C44+1) -> 0000 | J44: =VLOOKUP(B44,AE_weight!$U$221:$Y$252,C44+1) -> 7770 | K44: =VLOOKUP(B44,AE_weight!$U$257:$Y$288,C44+1) -> 1010 | L44: =VLOOKUP(B44,AE_weight!$U$293:$Y$324,C44+1) -> 0000 | M44: =VLOOKUP(B44,AE_weight!$U$329:$Y$360,C44+1) -> 4332 | N44: =VLOOKUP(B44,AE_weight!$U$365:$Y$396,C44+1) -> 4444 | O44: =VLOOKUP(B44,AE_weight!$U$401:$Y$432,C44+1) -> 6554 | P44: =VLOOKUP(B44,AE_weight!$U$437:$Y$468,C44+1) -> 4433
A45: =A44+1 -> 40 | B45: =B44 -> 9 | C45: 4 | D45: =VLOOKUP(B45,AE_weight!$U$4:$Y$36,C45+1) -> FFFF | E45: =VLOOKUP(B45,AE_weight!$U$40:$Y$72,C45+1) -> 0000 | F45: =VLOOKUP(B45,AE_weight!$U$76:$Y$108,C45+1) -> 2000 | G45: =VLOOKUP(B45,AE_weight!$U$112:$Y$144,C45+1) -> 2222 | H45: =VLOOKUP(B45,AE_weight!$U$149:$Y$180,C45+1) -> 0000 | I45: =VLOOKUP(B45,AE_weight!$U$185:$Y$216,C45+1) -> 0000 | J45: =VLOOKUP(B45,AE_weight!$U$221:$Y$252,C45+1) -> 0000 | K45: =VLOOKUP(B45,AE_weight!$U$257:$Y$288,C45+1) -> 0000 | L45: =VLOOKUP(B45,AE_weight!$U$293:$Y$324,C45+1) -> 0000 | M45: =VLOOKUP(B45,AE_weight!$U$329:$Y$360,C45+1) -> 2100 | N45: =VLOOKUP(B45,AE_weight!$U$365:$Y$396,C45+1) -> 4333 | O45: =VLOOKUP(B45,AE_weight!$U$401:$Y$432,C45+1) -> 3210 | P45: =VLOOKUP(B45,AE_weight!$U$437:$Y$468,C45+1) -> 2100
A46: =A45+1 -> 41 | B46: =B42+1 -> 10 | C46: 1 | D46: =VLOOKUP(B46,AE_weight!$U$4:$Y$36,C46+1) -> FFFF | E46: =VLOOKUP(B46,AE_weight!$U$40:$Y$72,C46+1) -> 0000 | F46: =VLOOKUP(B46,AE_weight!$U$76:$Y$108,C46+1) -> 0002 | G46: =VLOOKUP(B46,AE_weight!$U$112:$Y$144,C46+1) -> 2222 | H46: =VLOOKUP(B46,AE_weight!$U$149:$Y$180,C46+1) -> 0000 | I46: =VLOOKUP(B46,AE_weight!$U$185:$Y$216,C46+1) -> 0000 | J46: =VLOOKUP(B46,AE_weight!$U$221:$Y$252,C46+1) -> 0000 | K46: =VLOOKUP(B46,AE_weight!$U$257:$Y$288,C46+1) -> 0000 | L46: =VLOOKUP(B46,AE_weight!$U$293:$Y$324,C46+1) -> 0000 | M46: =VLOOKUP(B46,AE_weight!$U$329:$Y$360,C46+1) -> 0012 | N46: =VLOOKUP(B46,AE_weight!$U$365:$Y$396,C46+1) -> 0122 | O46: =VLOOKUP(B46,AE_weight!$U$401:$Y$432,C46+1) -> 0123 | P46: =VLOOKUP(B46,AE_weight!$U$437:$Y$468,C46+1) -> 3344
A47: =A46+1 -> 42 | B47: =B46 -> 10 | C47: 2 | D47: =VLOOKUP(B47,AE_weight!$U$4:$Y$36,C47+1) -> FFFF | E47: =VLOOKUP(B47,AE_weight!$U$40:$Y$72,C47+1) -> 2333 | F47: =VLOOKUP(B47,AE_weight!$U$76:$Y$108,C47+1) -> 3445 | G47: =VLOOKUP(B47,AE_weight!$U$112:$Y$144,C47+1) -> 2233 | H47: =VLOOKUP(B47,AE_weight!$U$149:$Y$180,C47+1) -> 0000 | I47: =VLOOKUP(B47,AE_weight!$U$185:$Y$216,C47+1) -> 00DD | J47: =VLOOKUP(B47,AE_weight!$U$221:$Y$252,C47+1) -> 77BB | K47: =VLOOKUP(B47,AE_weight!$U$257:$Y$288,C47+1) -> 0000 | L47: =VLOOKUP(B47,AE_weight!$U$293:$Y$324,C47+1) -> 0000 | M47: =VLOOKUP(B47,AE_weight!$U$329:$Y$360,C47+1) -> 3345 | N47: =VLOOKUP(B47,AE_weight!$U$365:$Y$396,C47+1) -> 3445 | O47: =VLOOKUP(B47,AE_weight!$U$401:$Y$432,C47+1) -> 4556 | P47: =VLOOKUP(B47,AE_weight!$U$437:$Y$468,C47+1) -> 4555
A48: =A47+1 -> 43 | B48: =B47 -> 10 | C48: 3 | D48: =VLOOKUP(B48,AE_weight!$U$4:$Y$36,C48+1) -> FFFF | E48: =VLOOKUP(B48,AE_weight!$U$40:$Y$72,C48+1) -> 3332 | F48: =VLOOKUP(B48,AE_weight!$U$76:$Y$108,C48+1) -> 5443 | G48: =VLOOKUP(B48,AE_weight!$U$112:$Y$144,C48+1) -> 3322 | H48: =VLOOKUP(B48,AE_weight!$U$149:$Y$180,C48+1) -> 0000 | I48: =VLOOKUP(B48,AE_weight!$U$185:$Y$216,C48+1) -> DD00 | J48: =VLOOKUP(B48,AE_weight!$U$221:$Y$252,C48+1) -> BB77 | K48: =VLOOKUP(B48,AE_weight!$U$257:$Y$288,C48+1) -> 0000 | L48: =VLOOKUP(B48,AE_weight!$U$293:$Y$324,C48+1) -> 0000 | M48: =VLOOKUP(B48,AE_weight!$U$329:$Y$360,C48+1) -> 5433 | N48: =VLOOKUP(B48,AE_weight!$U$365:$Y$396,C48+1) -> 5554 | O48: =VLOOKUP(B48,AE_weight!$U$401:$Y$432,C48+1) -> 6554 | P48: =VLOOKUP(B48,AE_weight!$U$437:$Y$468,C48+1) -> 5443
A49: =A48+1 -> 44 | B49: =B48 -> 10 | C49: 4 | D49: =VLOOKUP(B49,AE_weight!$U$4:$Y$36,C49+1) -> FFFF | E49: =VLOOKUP(B49,AE_weight!$U$40:$Y$72,C49+1) -> 0000 | F49: =VLOOKUP(B49,AE_weight!$U$76:$Y$108,C49+1) -> 2000 | G49: =VLOOKUP(B49,AE_weight!$U$112:$Y$144,C49+1) -> 2222 | H49: =VLOOKUP(B49,AE_weight!$U$149:$Y$180,C49+1) -> 0000 | I49: =VLOOKUP(B49,AE_weight!$U$185:$Y$216,C49+1) -> 0000 | J49: =VLOOKUP(B49,AE_weight!$U$221:$Y$252,C49+1) -> 0000 | K49: =VLOOKUP(B49,AE_weight!$U$257:$Y$288,C49+1) -> 0000 | L49: =VLOOKUP(B49,AE_weight!$U$293:$Y$324,C49+1) -> 0000 | M49: =VLOOKUP(B49,AE_weight!$U$329:$Y$360,C49+1) -> 2100 | N49: =VLOOKUP(B49,AE_weight!$U$365:$Y$396,C49+1) -> 4433 | O49: =VLOOKUP(B49,AE_weight!$U$401:$Y$432,C49+1) -> 3210 | P49: =VLOOKUP(B49,AE_weight!$U$437:$Y$468,C49+1) -> 2210
A50: =A49+1 -> 45 | B50: =B46+1 -> 11 | C50: 1 | D50: =VLOOKUP(B50,AE_weight!$U$4:$Y$36,C50+1) -> FFFF | E50: =VLOOKUP(B50,AE_weight!$U$40:$Y$72,C50+1) -> 0000 | F50: =VLOOKUP(B50,AE_weight!$U$76:$Y$108,C50+1) -> 0022 | G50: =VLOOKUP(B50,AE_weight!$U$112:$Y$144,C50+1) -> 2222 | H50: =VLOOKUP(B50,AE_weight!$U$149:$Y$180,C50+1) -> 0000 | I50: =VLOOKUP(B50,AE_weight!$U$185:$Y$216,C50+1) -> 0000 | J50: =VLOOKUP(B50,AE_weight!$U$221:$Y$252,C50+1) -> 0000 | K50: =VLOOKUP(B50,AE_weight!$U$257:$Y$288,C50+1) -> 0000 | L50: =VLOOKUP(B50,AE_weight!$U$293:$Y$324,C50+1) -> 0000 | M50: =VLOOKUP(B50,AE_weight!$U$329:$Y$360,C50+1) -> 0122 | N50: =VLOOKUP(B50,AE_weight!$U$365:$Y$396,C50+1) -> 0123 | O50: =VLOOKUP(B50,AE_weight!$U$401:$Y$432,C50+1) -> 0123 | P50: =VLOOKUP(B50,AE_weight!$U$437:$Y$468,C50+1) -> 3444
A51: =A50+1 -> 46 | B51: =B50 -> 11 | C51: 2 | D51: =VLOOKUP(B51,AE_weight!$U$4:$Y$36,C51+1) -> FFFF | E51: =VLOOKUP(B51,AE_weight!$U$40:$Y$72,C51+1) -> 2333 | F51: =VLOOKUP(B51,AE_weight!$U$76:$Y$108,C51+1) -> 3445 | G51: =VLOOKUP(B51,AE_weight!$U$112:$Y$144,C51+1) -> 2233 | H51: =VLOOKUP(B51,AE_weight!$U$149:$Y$180,C51+1) -> 0000 | I51: =VLOOKUP(B51,AE_weight!$U$185:$Y$216,C51+1) -> 00DD | J51: =VLOOKUP(B51,AE_weight!$U$221:$Y$252,C51+1) -> 77BB | K51: =VLOOKUP(B51,AE_weight!$U$257:$Y$288,C51+1) -> 1010 | L51: =VLOOKUP(B51,AE_weight!$U$293:$Y$324,C51+1) -> 0010 | M51: =VLOOKUP(B51,AE_weight!$U$329:$Y$360,C51+1) -> 3455 | N51: =VLOOKUP(B51,AE_weight!$U$365:$Y$396,C51+1) -> 3455 | O51: =VLOOKUP(B51,AE_weight!$U$401:$Y$432,C51+1) -> 4566 | P51: =VLOOKUP(B51,AE_weight!$U$437:$Y$468,C51+1) -> 5555
A52: =A51+1 -> 47 | B52: =B51 -> 11 | C52: 3 | D52: =VLOOKUP(B52,AE_weight!$U$4:$Y$36,C52+1) -> FFFF | E52: =VLOOKUP(B52,AE_weight!$U$40:$Y$72,C52+1) -> 3332 | F52: =VLOOKUP(B52,AE_weight!$U$76:$Y$108,C52+1) -> 5443 | G52: =VLOOKUP(B52,AE_weight!$U$112:$Y$144,C52+1) -> 3322 | H52: =VLOOKUP(B52,AE_weight!$U$149:$Y$180,C52+1) -> 0000 | I52: =VLOOKUP(B52,AE_weight!$U$185:$Y$216,C52+1) -> DD00 | J52: =VLOOKUP(B52,AE_weight!$U$221:$Y$252,C52+1) -> BB77 | K52: =VLOOKUP(B52,AE_weight!$U$257:$Y$288,C52+1) -> 0101 | L52: =VLOOKUP(B52,AE_weight!$U$293:$Y$324,C52+1) -> 0100 | M52: =VLOOKUP(B52,AE_weight!$U$329:$Y$360,C52+1) -> 5543 | N52: =VLOOKUP(B52,AE_weight!$U$365:$Y$396,C52+1) -> 5555 | O52: =VLOOKUP(B52,AE_weight!$U$401:$Y$432,C52+1) -> 6654 | P52: =VLOOKUP(B52,AE_weight!$U$437:$Y$468,C52+1) -> 5543
A53: =A52+1 -> 48 | B53: =B52 -> 11 | C53: 4 | D53: =VLOOKUP(B53,AE_weight!$U$4:$Y$36,C53+1) -> FFFF | E53: =VLOOKUP(B53,AE_weight!$U$40:$Y$72,C53+1) -> 0000 | F53: =VLOOKUP(B53,AE_weight!$U$76:$Y$108,C53+1) -> 2000 | G53: =VLOOKUP(B53,AE_weight!$U$112:$Y$144,C53+1) -> 2222 | H53: =VLOOKUP(B53,AE_weight!$U$149:$Y$180,C53+1) -> 0000 | I53: =VLOOKUP(B53,AE_weight!$U$185:$Y$216,C53+1) -> 0000 | J53: =VLOOKUP(B53,AE_weight!$U$221:$Y$252,C53+1) -> 0000 | K53: =VLOOKUP(B53,AE_weight!$U$257:$Y$288,C53+1) -> 0000 | L53: =VLOOKUP(B53,AE_weight!$U$293:$Y$324,C53+1) -> 0000 | M53: =VLOOKUP(B53,AE_weight!$U$329:$Y$360,C53+1) -> 2210 | N53: =VLOOKUP(B53,AE_weight!$U$365:$Y$396,C53+1) -> 4443 | O53: =VLOOKUP(B53,AE_weight!$U$401:$Y$432,C53+1) -> 3210 | P53: =VLOOKUP(B53,AE_weight!$U$437:$Y$468,C53+1) -> 3210
A54: =A53+1 -> 49 | B54: =B50+1 -> 12 | C54: 1 | D54: =VLOOKUP(B54,AE_weight!$U$4:$Y$36,C54+1) -> FFFF | E54: =VLOOKUP(B54,AE_weight!$U$40:$Y$72,C54+1) -> 0000 | F54: =VLOOKUP(B54,AE_weight!$U$76:$Y$108,C54+1) -> 0023 | G54: =VLOOKUP(B54,AE_weight!$U$112:$Y$144,C54+1) -> 2222 | H54: =VLOOKUP(B54,AE_weight!$U$149:$Y$180,C54+1) -> 0000 | I54: =VLOOKUP(B54,AE_weight!$U$185:$Y$216,C54+1) -> 0000 | J54: =VLOOKUP(B54,AE_weight!$U$221:$Y$252,C54+1) -> 0000 | K54: =VLOOKUP(B54,AE_weight!$U$257:$Y$288,C54+1) -> 0000 | L54: =VLOOKUP(B54,AE_weight!$U$293:$Y$324,C54+1) -> 0000 | M54: =VLOOKUP(B54,AE_weight!$U$329:$Y$360,C54+1) -> 0123 | N54: =VLOOKUP(B54,AE_weight!$U$365:$Y$396,C54+1) -> 0123 | O54: =VLOOKUP(B54,AE_weight!$U$401:$Y$432,C54+1) -> 0123 | P54: =VLOOKUP(B54,AE_weight!$U$437:$Y$468,C54+1) -> 3445
A55: =A54+1 -> 50 | B55: =B54 -> 12 | C55: 2 | D55: =VLOOKUP(B55,AE_weight!$U$4:$Y$36,C55+1) -> FFFF | E55: =VLOOKUP(B55,AE_weight!$U$40:$Y$72,C55+1) -> 2333 | F55: =VLOOKUP(B55,AE_weight!$U$76:$Y$108,C55+1) -> 34DD | G55: =VLOOKUP(B55,AE_weight!$U$112:$Y$144,C55+1) -> 2355 | H55: =VLOOKUP(B55,AE_weight!$U$149:$Y$180,C55+1) -> 0000 | I55: =VLOOKUP(B55,AE_weight!$U$185:$Y$216,C55+1) -> 0DDF | J55: =VLOOKUP(B55,AE_weight!$U$221:$Y$252,C55+1) -> 7BDD | K55: =VLOOKUP(B55,AE_weight!$U$257:$Y$288,C55+1) -> 0000 | L55: =VLOOKUP(B55,AE_weight!$U$293:$Y$324,C55+1) -> 0000 | M55: =VLOOKUP(B55,AE_weight!$U$329:$Y$360,C55+1) -> 3555 | N55: =VLOOKUP(B55,AE_weight!$U$365:$Y$396,C55+1) -> 4556 | O55: =VLOOKUP(B55,AE_weight!$U$401:$Y$432,C55+1) -> 4566 | P55: =VLOOKUP(B55,AE_weight!$U$437:$Y$468,C55+1) -> 5566
A56: =A55+1 -> 51 | B56: =B55 -> 12 | C56: 3 | D56: =VLOOKUP(B56,AE_weight!$U$4:$Y$36,C56+1) -> FFFF | E56: =VLOOKUP(B56,AE_weight!$U$40:$Y$72,C56+1) -> 3332 | F56: =VLOOKUP(B56,AE_weight!$U$76:$Y$108,C56+1) -> DD43 | G56: =VLOOKUP(B56,AE_weight!$U$112:$Y$144,C56+1) -> 5532 | H56: =VLOOKUP(B56,AE_weight!$U$149:$Y$180,C56+1) -> 0000 | I56: =VLOOKUP(B56,AE_weight!$U$185:$Y$216,C56+1) -> FDD0 | J56: =VLOOKUP(B56,AE_weight!$U$221:$Y$252,C56+1) -> DDB7 | K56: =VLOOKUP(B56,AE_weight!$U$257:$Y$288,C56+1) -> 0000 | L56: =VLOOKUP(B56,AE_weight!$U$293:$Y$324,C56+1) -> 0000 | M56: =VLOOKUP(B56,AE_weight!$U$329:$Y$360,C56+1) -> 5553 | N56: =VLOOKUP(B56,AE_weight!$U$365:$Y$396,C56+1) -> 6655 | O56: =VLOOKUP(B56,AE_weight!$U$401:$Y$432,C56+1) -> 6654 | P56: =VLOOKUP(B56,AE_weight!$U$437:$Y$468,C56+1) -> 6554
A57: =A56+1 -> 52 | B57: =B56 -> 12 | C57: 4 | D57: =VLOOKUP(B57,AE_weight!$U$4:$Y$36,C57+1) -> FFFF | E57: =VLOOKUP(B57,AE_weight!$U$40:$Y$72,C57+1) -> 0000 | F57: =VLOOKUP(B57,AE_weight!$U$76:$Y$108,C57+1) -> 3200 | G57: =VLOOKUP(B57,AE_weight!$U$112:$Y$144,C57+1) -> 2222 | H57: =VLOOKUP(B57,AE_weight!$U$149:$Y$180,C57+1) -> 0000 | I57: =VLOOKUP(B57,AE_weight!$U$185:$Y$216,C57+1) -> 0000 | J57: =VLOOKUP(B57,AE_weight!$U$221:$Y$252,C57+1) -> 0000 | K57: =VLOOKUP(B57,AE_weight!$U$257:$Y$288,C57+1) -> 0000 | L57: =VLOOKUP(B57,AE_weight!$U$293:$Y$324,C57+1) -> 0000 | M57: =VLOOKUP(B57,AE_weight!$U$329:$Y$360,C57+1) -> 3210 | N57: =VLOOKUP(B57,AE_weight!$U$365:$Y$396,C57+1) -> 5443 | O57: =VLOOKUP(B57,AE_weight!$U$401:$Y$432,C57+1) -> 3210 | P57: =VLOOKUP(B57,AE_weight!$U$437:$Y$468,C57+1) -> 3210
A58: =A57+1 -> 53 | B58: =B54+1 -> 13 | C58: 1 | D58: =VLOOKUP(B58,AE_weight!$U$4:$Y$36,C58+1) -> FFFF | E58: =VLOOKUP(B58,AE_weight!$U$40:$Y$72,C58+1) -> 0002 | F58: =VLOOKUP(B58,AE_weight!$U$76:$Y$108,C58+1) -> 0023 | G58: =VLOOKUP(B58,AE_weight!$U$112:$Y$144,C58+1) -> 2222 | H58: =VLOOKUP(B58,AE_weight!$U$149:$Y$180,C58+1) -> 0000 | I58: =VLOOKUP(B58,AE_weight!$U$185:$Y$216,C58+1) -> 0000 | J58: =VLOOKUP(B58,AE_weight!$U$221:$Y$252,C58+1) -> 0000 | K58: =VLOOKUP(B58,AE_weight!$U$257:$Y$288,C58+1) -> 0001 | L58: =VLOOKUP(B58,AE_weight!$U$293:$Y$324,C58+1) -> 0000 | M58: =VLOOKUP(B58,AE_weight!$U$329:$Y$360,C58+1) -> 0123 | N58: =VLOOKUP(B58,AE_weight!$U$365:$Y$396,C58+1) -> 0123 | O58: =VLOOKUP(B58,AE_weight!$U$401:$Y$432,C58+1) -> 0123 | P58: =VLOOKUP(B58,AE_weight!$U$437:$Y$468,C58+1) -> 4455
A59: =A58+1 -> 54 | B59: =B58 -> 13 | C59: 2 | D59: =VLOOKUP(B59,AE_weight!$U$4:$Y$36,C59+1) -> FFFF | E59: =VLOOKUP(B59,AE_weight!$U$40:$Y$72,C59+1) -> 3333 | F59: =VLOOKUP(B59,AE_weight!$U$76:$Y$108,C59+1) -> 34DD | G59: =VLOOKUP(B59,AE_weight!$U$112:$Y$144,C59+1) -> 2355 | H59: =VLOOKUP(B59,AE_weight!$U$149:$Y$180,C59+1) -> 0000 | I59: =VLOOKUP(B59,AE_weight!$U$185:$Y$216,C59+1) -> 0DDF | J59: =VLOOKUP(B59,AE_weight!$U$221:$Y$252,C59+1) -> 7BDD | K59: =VLOOKUP(B59,AE_weight!$U$257:$Y$288,C59+1) -> 0101 | L59: =VLOOKUP(B59,AE_weight!$U$293:$Y$324,C59+1) -> 0000 | M59: =VLOOKUP(B59,AE_weight!$U$329:$Y$360,C59+1) -> 4556 | N59: =VLOOKUP(B59,AE_weight!$U$365:$Y$396,C59+1) -> 4556 | O59: =VLOOKUP(B59,AE_weight!$U$401:$Y$432,C59+1) -> 4566 | P59: =VLOOKUP(B59,AE_weight!$U$437:$Y$468,C59+1) -> 5666
A60: =A59+1 -> 55 | B60: =B59 -> 13 | C60: 3 | D60: =VLOOKUP(B60,AE_weight!$U$4:$Y$36,C60+1) -> FFFF | E60: =VLOOKUP(B60,AE_weight!$U$40:$Y$72,C60+1) -> 3333 | F60: =VLOOKUP(B60,AE_weight!$U$76:$Y$108,C60+1) -> DD43 | G60: =VLOOKUP(B60,AE_weight!$U$112:$Y$144,C60+1) -> 5532 | H60: =VLOOKUP(B60,AE_weight!$U$149:$Y$180,C60+1) -> 0000 | I60: =VLOOKUP(B60,AE_weight!$U$185:$Y$216,C60+1) -> FDD0 | J60: =VLOOKUP(B60,AE_weight!$U$221:$Y$252,C60+1) -> DDB7 | K60: =VLOOKUP(B60,AE_weight!$U$257:$Y$288,C60+1) -> 1010 | L60: =VLOOKUP(B60,AE_weight!$U$293:$Y$324,C60+1) -> 0000 | M60: =VLOOKUP(B60,AE_weight!$U$329:$Y$360,C60+1) -> 6554 | N60: =VLOOKUP(B60,AE_weight!$U$365:$Y$396,C60+1) -> 6665 | O60: =VLOOKUP(B60,AE_weight!$U$401:$Y$432,C60+1) -> 6654 | P60: =VLOOKUP(B60,AE_weight!$U$437:$Y$468,C60+1) -> 6554
A61: =A60+1 -> 56 | B61: =B60 -> 13 | C61: 4 | D61: =VLOOKUP(B61,AE_weight!$U$4:$Y$36,C61+1) -> FFFF | E61: =VLOOKUP(B61,AE_weight!$U$40:$Y$72,C61+1) -> 2000 | F61: =VLOOKUP(B61,AE_weight!$U$76:$Y$108,C61+1) -> 3200 | G61: =VLOOKUP(B61,AE_weight!$U$112:$Y$144,C61+1) -> 2222 | H61: =VLOOKUP(B61,AE_weight!$U$149:$Y$180,C61+1) -> 0000 | I61: =VLOOKUP(B61,AE_weight!$U$185:$Y$216,C61+1) -> 0000 | J61: =VLOOKUP(B61,AE_weight!$U$221:$Y$252,C61+1) -> 0000 | K61: =VLOOKUP(B61,AE_weight!$U$257:$Y$288,C61+1) -> 1000 | L61: =VLOOKUP(B61,AE_weight!$U$293:$Y$324,C61+1) -> 0000 | M61: =VLOOKUP(B61,AE_weight!$U$329:$Y$360,C61+1) -> 3210 | N61: =VLOOKUP(B61,AE_weight!$U$365:$Y$396,C61+1) -> 5544 | O61: =VLOOKUP(B61,AE_weight!$U$401:$Y$432,C61+1) -> 3210 | P61: =VLOOKUP(B61,AE_weight!$U$437:$Y$468,C61+1) -> 3210
A62: =A61+1 -> 57 | B62: =B58+1 -> 14 | C62: 1 | D62: =VLOOKUP(B62,AE_weight!$U$4:$Y$36,C62+1) -> FFFF | E62: =VLOOKUP(B62,AE_weight!$U$40:$Y$72,C62+1) -> 0002 | F62: =VLOOKUP(B62,AE_weight!$U$76:$Y$108,C62+1) -> 0023 | G62: =VLOOKUP(B62,AE_weight!$U$112:$Y$144,C62+1) -> 2222 | H62: =VLOOKUP(B62,AE_weight!$U$149:$Y$180,C62+1) -> 0000 | I62: =VLOOKUP(B62,AE_weight!$U$185:$Y$216,C62+1) -> 0000 | J62: =VLOOKUP(B62,AE_weight!$U$221:$Y$252,C62+1) -> 0007 | K62: =VLOOKUP(B62,AE_weight!$U$257:$Y$288,C62+1) -> 0000 | L62: =VLOOKUP(B62,AE_weight!$U$293:$Y$324,C62+1) -> 0000 | M62: =VLOOKUP(B62,AE_weight!$U$329:$Y$360,C62+1) -> 0123 | N62: =VLOOKUP(B62,AE_weight!$U$365:$Y$396,C62+1) -> 0123 | O62: =VLOOKUP(B62,AE_weight!$U$401:$Y$432,C62+1) -> 0123 | P62: =VLOOKUP(B62,AE_weight!$U$437:$Y$468,C62+1) -> 4455
A63: =A62+1 -> 58 | B63: =B62 -> 14 | C63: 2 | D63: =VLOOKUP(B63,AE_weight!$U$4:$Y$36,C63+1) -> FFFF | E63: =VLOOKUP(B63,AE_weight!$U$40:$Y$72,C63+1) -> 3333 | F63: =VLOOKUP(B63,AE_weight!$U$76:$Y$108,C63+1) -> 45DD | G63: =VLOOKUP(B63,AE_weight!$U$112:$Y$144,C63+1) -> 2355 | H63: =VLOOKUP(B63,AE_weight!$U$149:$Y$180,C63+1) -> 000F | I63: =VLOOKUP(B63,AE_weight!$U$185:$Y$216,C63+1) -> 0DFF | J63: =VLOOKUP(B63,AE_weight!$U$221:$Y$252,C63+1) -> 7BDF | K63: =VLOOKUP(B63,AE_weight!$U$257:$Y$288,C63+1) -> 0000 | L63: =VLOOKUP(B63,AE_weight!$U$293:$Y$324,C63+1) -> 0000 | M63: =VLOOKUP(B63,AE_weight!$U$329:$Y$360,C63+1) -> 4566 | N63: =VLOOKUP(B63,AE_weight!$U$365:$Y$396,C63+1) -> 4566 | O63: =VLOOKUP(B63,AE_weight!$U$401:$Y$432,C63+1) -> 4566 | P63: =VLOOKUP(B63,AE_weight!$U$437:$Y$468,C63+1) -> 6666
A64: =A63+1 -> 59 | B64: =B63 -> 14 | C64: 3 | D64: =VLOOKUP(B64,AE_weight!$U$4:$Y$36,C64+1) -> FFFF | E64: =VLOOKUP(B64,AE_weight!$U$40:$Y$72,C64+1) -> 3333 | F64: =VLOOKUP(B64,AE_weight!$U$76:$Y$108,C64+1) -> DD54 | G64: =VLOOKUP(B64,AE_weight!$U$112:$Y$144,C64+1) -> 5532 | H64: =VLOOKUP(B64,AE_weight!$U$149:$Y$180,C64+1) -> F000 | I64: =VLOOKUP(B64,AE_weight!$U$185:$Y$216,C64+1) -> FFD0 | J64: =VLOOKUP(B64,AE_weight!$U$221:$Y$252,C64+1) -> FDB7 | K64: =VLOOKUP(B64,AE_weight!$U$257:$Y$288,C64+1) -> 0000 | L64: =VLOOKUP(B64,AE_weight!$U$293:$Y$324,C64+1) -> 0000 | M64: =VLOOKUP(B64,AE_weight!$U$329:$Y$360,C64+1) -> 6654 | N64: =VLOOKUP(B64,AE_weight!$U$365:$Y$396,C64+1) -> 6666 | O64: =VLOOKUP(B64,AE_weight!$U$401:$Y$432,C64+1) -> 6654 | P64: =VLOOKUP(B64,AE_weight!$U$437:$Y$468,C64+1) -> 6654
A65: =A64+1 -> 60 | B65: =B64 -> 14 | C65: 4 | D65: =VLOOKUP(B65,AE_weight!$U$4:$Y$36,C65+1) -> FFFF | E65: =VLOOKUP(B65,AE_weight!$U$40:$Y$72,C65+1) -> 2000 | F65: =VLOOKUP(B65,AE_weight!$U$76:$Y$108,C65+1) -> 3200 | G65: =VLOOKUP(B65,AE_weight!$U$112:$Y$144,C65+1) -> 2222 | H65: =VLOOKUP(B65,AE_weight!$U$149:$Y$180,C65+1) -> 0000 | I65: =VLOOKUP(B65,AE_weight!$U$185:$Y$216,C65+1) -> 0000 | J65: =VLOOKUP(B65,AE_weight!$U$221:$Y$252,C65+1) -> 7000 | K65: =VLOOKUP(B65,AE_weight!$U$257:$Y$288,C65+1) -> 0000 | L65: =VLOOKUP(B65,AE_weight!$U$293:$Y$324,C65+1) -> 0000 | M65: =VLOOKUP(B65,AE_weight!$U$329:$Y$360,C65+1) -> 3210 | N65: =VLOOKUP(B65,AE_weight!$U$365:$Y$396,C65+1) -> 5544 | O65: =VLOOKUP(B65,AE_weight!$U$401:$Y$432,C65+1) -> 3210 | P65: =VLOOKUP(B65,AE_weight!$U$437:$Y$468,C65+1) -> 3210
A66: =A65+1 -> 61 | B66: =B62+1 -> 15 | C66: 1 | D66: =VLOOKUP(B66,AE_weight!$U$4:$Y$36,C66+1) -> FFFF | E66: =VLOOKUP(B66,AE_weight!$U$40:$Y$72,C66+1) -> 0002 | F66: =VLOOKUP(B66,AE_weight!$U$76:$Y$108,C66+1) -> 0023 | G66: =VLOOKUP(B66,AE_weight!$U$112:$Y$144,C66+1) -> 2222 | H66: =VLOOKUP(B66,AE_weight!$U$149:$Y$180,C66+1) -> 0000 | I66: =VLOOKUP(B66,AE_weight!$U$185:$Y$216,C66+1) -> 0000 | J66: =VLOOKUP(B66,AE_weight!$U$221:$Y$252,C66+1) -> 0007 | K66: =VLOOKUP(B66,AE_weight!$U$257:$Y$288,C66+1) -> 0010 | L66: =VLOOKUP(B66,AE_weight!$U$293:$Y$324,C66+1) -> 0000 | M66: =VLOOKUP(B66,AE_weight!$U$329:$Y$360,C66+1) -> 0123 | N66: =VLOOKUP(B66,AE_weight!$U$365:$Y$396,C66+1) -> 0123 | O66: =VLOOKUP(B66,AE_weight!$U$401:$Y$432,C66+1) -> 0123 | P66: =VLOOKUP(B66,AE_weight!$U$437:$Y$468,C66+1) -> 4455
A67: =A66+1 -> 62 | B67: =B66 -> 15 | C67: 2 | D67: =VLOOKUP(B67,AE_weight!$U$4:$Y$36,C67+1) -> FFFF | E67: =VLOOKUP(B67,AE_weight!$U$40:$Y$72,C67+1) -> 3333 | F67: =VLOOKUP(B67,AE_weight!$U$76:$Y$108,C67+1) -> 45DD | G67: =VLOOKUP(B67,AE_weight!$U$112:$Y$144,C67+1) -> 2355 | H67: =VLOOKUP(B67,AE_weight!$U$149:$Y$180,C67+1) -> 000F | I67: =VLOOKUP(B67,AE_weight!$U$185:$Y$216,C67+1) -> 0DFF | J67: =VLOOKUP(B67,AE_weight!$U$221:$Y$252,C67+1) -> 7BDF | K67: =VLOOKUP(B67,AE_weight!$U$257:$Y$288,C67+1) -> 1010 | L67: =VLOOKUP(B67,AE_weight!$U$293:$Y$324,C67+1) -> 1000 | M67: =VLOOKUP(B67,AE_weight!$U$329:$Y$360,C67+1) -> 4566 | N67: =VLOOKUP(B67,AE_weight!$U$365:$Y$396,C67+1) -> 4566 | O67: =VLOOKUP(B67,AE_weight!$U$401:$Y$432,C67+1) -> 4566 | P67: =VLOOKUP(B67,AE_weight!$U$437:$Y$468,C67+1) -> 6666
A68: =A67+1 -> 63 | B68: =B67 -> 15 | C68: 3 | D68: =VLOOKUP(B68,AE_weight!$U$4:$Y$36,C68+1) -> FFFF | E68: =VLOOKUP(B68,AE_weight!$U$40:$Y$72,C68+1) -> 3333 | F68: =VLOOKUP(B68,AE_weight!$U$76:$Y$108,C68+1) -> DD54 | G68: =VLOOKUP(B68,AE_weight!$U$112:$Y$144,C68+1) -> 5532 | H68: =VLOOKUP(B68,AE_weight!$U$149:$Y$180,C68+1) -> F000 | I68: =VLOOKUP(B68,AE_weight!$U$185:$Y$216,C68+1) -> FFD0 | J68: =VLOOKUP(B68,AE_weight!$U$221:$Y$252,C68+1) -> FDB7 | K68: =VLOOKUP(B68,AE_weight!$U$257:$Y$288,C68+1) -> 0101 | L68: =VLOOKUP(B68,AE_weight!$U$293:$Y$324,C68+1) -> 0001 | M68: =VLOOKUP(B68,AE_weight!$U$329:$Y$360,C68+1) -> 6654 | N68: =VLOOKUP(B68,AE_weight!$U$365:$Y$396,C68+1) -> 6666 | O68: =VLOOKUP(B68,AE_weight!$U$401:$Y$432,C68+1) -> 6654 | P68: =VLOOKUP(B68,AE_weight!$U$437:$Y$468,C68+1) -> 6654
A69: =A68+1 -> 64 | B69: =B68 -> 15 | C69: 4 | D69: =VLOOKUP(B69,AE_weight!$U$4:$Y$36,C69+1) -> FFFF | E69: =VLOOKUP(B69,AE_weight!$U$40:$Y$72,C69+1) -> 2000 | F69: =VLOOKUP(B69,AE_weight!$U$76:$Y$108,C69+1) -> 3200 | G69: =VLOOKUP(B69,AE_weight!$U$112:$Y$144,C69+1) -> 2222 | H69: =VLOOKUP(B69,AE_weight!$U$149:$Y$180,C69+1) -> 0000 | I69: =VLOOKUP(B69,AE_weight!$U$185:$Y$216,C69+1) -> 0000 | J69: =VLOOKUP(B69,AE_weight!$U$221:$Y$252,C69+1) -> 7000 | K69: =VLOOKUP(B69,AE_weight!$U$257:$Y$288,C69+1) -> 0100 | L69: =VLOOKUP(B69,AE_weight!$U$293:$Y$324,C69+1) -> 0000 | M69: =VLOOKUP(B69,AE_weight!$U$329:$Y$360,C69+1) -> 3210 | N69: =VLOOKUP(B69,AE_weight!$U$365:$Y$396,C69+1) -> 5544 | O69: =VLOOKUP(B69,AE_weight!$U$401:$Y$432,C69+1) -> 3210 | P69: =VLOOKUP(B69,AE_weight!$U$437:$Y$468,C69+1) -> 3210
A70: =A69+1 -> 65 | B70: =B66+1 -> 16 | C70: 1 | D70: =VLOOKUP(B70,AE_weight!$U$4:$Y$36,C70+1) -> FFFF | E70: =VLOOKUP(B70,AE_weight!$U$40:$Y$72,C70+1) -> 0002 | F70: =VLOOKUP(B70,AE_weight!$U$76:$Y$108,C70+1) -> 0023 | G70: =VLOOKUP(B70,AE_weight!$U$112:$Y$144,C70+1) -> 2222 | H70: =VLOOKUP(B70,AE_weight!$U$149:$Y$180,C70+1) -> 0000 | I70: =VLOOKUP(B70,AE_weight!$U$185:$Y$216,C70+1) -> 0000 | J70: =VLOOKUP(B70,AE_weight!$U$221:$Y$252,C70+1) -> 0007 | K70: =VLOOKUP(B70,AE_weight!$U$257:$Y$288,C70+1) -> 0000 | L70: =VLOOKUP(B70,AE_weight!$U$293:$Y$324,C70+1) -> 0000 | M70: =VLOOKUP(B70,AE_weight!$U$329:$Y$360,C70+1) -> 0123 | N70: =VLOOKUP(B70,AE_weight!$U$365:$Y$396,C70+1) -> 0123 | O70: =VLOOKUP(B70,AE_weight!$U$401:$Y$432,C70+1) -> 0123 | P70: =VLOOKUP(B70,AE_weight!$U$437:$Y$468,C70+1) -> 4455
A71: =A70+1 -> 66 | B71: =B70 -> 16 | C71: 2 | D71: =VLOOKUP(B71,AE_weight!$U$4:$Y$36,C71+1) -> FFFF | E71: =VLOOKUP(B71,AE_weight!$U$40:$Y$72,C71+1) -> 3333 | F71: =VLOOKUP(B71,AE_weight!$U$76:$Y$108,C71+1) -> 45DD | G71: =VLOOKUP(B71,AE_weight!$U$112:$Y$144,C71+1) -> 2355 | H71: =VLOOKUP(B71,AE_weight!$U$149:$Y$180,C71+1) -> 000F | I71: =VLOOKUP(B71,AE_weight!$U$185:$Y$216,C71+1) -> 0DFF | J71: =VLOOKUP(B71,AE_weight!$U$221:$Y$252,C71+1) -> 7BDF | K71: =VLOOKUP(B71,AE_weight!$U$257:$Y$288,C71+1) -> 0000 | L71: =VLOOKUP(B71,AE_weight!$U$293:$Y$324,C71+1) -> 0000 | M71: =VLOOKUP(B71,AE_weight!$U$329:$Y$360,C71+1) -> 4566 | N71: =VLOOKUP(B71,AE_weight!$U$365:$Y$396,C71+1) -> 4566 | O71: =VLOOKUP(B71,AE_weight!$U$401:$Y$432,C71+1) -> 4566 | P71: =VLOOKUP(B71,AE_weight!$U$437:$Y$468,C71+1) -> 6666
A72: =A71+1 -> 67 | B72: =B71 -> 16 | C72: 3 | D72: =VLOOKUP(B72,AE_weight!$U$4:$Y$36,C72+1) -> FFFF | E72: =VLOOKUP(B72,AE_weight!$U$40:$Y$72,C72+1) -> 3333 | F72: =VLOOKUP(B72,AE_weight!$U$76:$Y$108,C72+1) -> DD54 | G72: =VLOOKUP(B72,AE_weight!$U$112:$Y$144,C72+1) -> 5532 | H72: =VLOOKUP(B72,AE_weight!$U$149:$Y$180,C72+1) -> F000 | I72: =VLOOKUP(B72,AE_weight!$U$185:$Y$216,C72+1) -> FFD0 | J72: =VLOOKUP(B72,AE_weight!$U$221:$Y$252,C72+1) -> FDB7 | K72: =VLOOKUP(B72,AE_weight!$U$257:$Y$288,C72+1) -> 0000 | L72: =VLOOKUP(B72,AE_weight!$U$293:$Y$324,C72+1) -> 0000 | M72: =VLOOKUP(B72,AE_weight!$U$329:$Y$360,C72+1) -> 6654 | N72: =VLOOKUP(B72,AE_weight!$U$365:$Y$396,C72+1) -> 6666 | O72: =VLOOKUP(B72,AE_weight!$U$401:$Y$432,C72+1) -> 6654 | P72: =VLOOKUP(B72,AE_weight!$U$437:$Y$468,C72+1) -> 6654
A73: =A72+1 -> 68 | B73: =B72 -> 16 | C73: 4 | D73: =VLOOKUP(B73,AE_weight!$U$4:$Y$36,C73+1) -> FFFF | E73: =VLOOKUP(B73,AE_weight!$U$40:$Y$72,C73+1) -> 2000 | F73: =VLOOKUP(B73,AE_weight!$U$76:$Y$108,C73+1) -> 3200 | G73: =VLOOKUP(B73,AE_weight!$U$112:$Y$144,C73+1) -> 2222 | H73: =VLOOKUP(B73,AE_weight!$U$149:$Y$180,C73+1) -> 0000 | I73: =VLOOKUP(B73,AE_weight!$U$185:$Y$216,C73+1) -> 0000 | J73: =VLOOKUP(B73,AE_weight!$U$221:$Y$252,C73+1) -> 7000 | K73: =VLOOKUP(B73,AE_weight!$U$257:$Y$288,C73+1) -> 0000 | L73: =VLOOKUP(B73,AE_weight!$U$293:$Y$324,C73+1) -> 0000 | M73: =VLOOKUP(B73,AE_weight!$U$329:$Y$360,C73+1) -> 3210 | N73: =VLOOKUP(B73,AE_weight!$U$365:$Y$396,C73+1) -> 5544 | O73: =VLOOKUP(B73,AE_weight!$U$401:$Y$432,C73+1) -> 3210 | P73: =VLOOKUP(B73,AE_weight!$U$437:$Y$468,C73+1) -> 3210
A74: =A73+1 -> 69 | B74: =B70+1 -> 17 | C74: 1 | D74: =VLOOKUP(B74,AE_weight!$U$4:$Y$36,C74+1) -> FFFF | E74: =VLOOKUP(B74,AE_weight!$U$40:$Y$72,C74+1) -> 0002 | F74: =VLOOKUP(B74,AE_weight!$U$76:$Y$108,C74+1) -> 0023 | G74: =VLOOKUP(B74,AE_weight!$U$112:$Y$144,C74+1) -> 2222 | H74: =VLOOKUP(B74,AE_weight!$U$149:$Y$180,C74+1) -> 0000 | I74: =VLOOKUP(B74,AE_weight!$U$185:$Y$216,C74+1) -> 0000 | J74: =VLOOKUP(B74,AE_weight!$U$221:$Y$252,C74+1) -> 0007 | K74: =VLOOKUP(B74,AE_weight!$U$257:$Y$288,C74+1) -> 0001 | L74: =VLOOKUP(B74,AE_weight!$U$293:$Y$324,C74+1) -> 0000 | M74: =VLOOKUP(B74,AE_weight!$U$329:$Y$360,C74+1) -> 0123 | N74: =VLOOKUP(B74,AE_weight!$U$365:$Y$396,C74+1) -> 0123 | O74: =VLOOKUP(B74,AE_weight!$U$401:$Y$432,C74+1) -> 0123 | P74: =VLOOKUP(B74,AE_weight!$U$437:$Y$468,C74+1) -> 4455
A75: =A74+1 -> 70 | B75: =B74 -> 17 | C75: 2 | D75: =VLOOKUP(B75,AE_weight!$U$4:$Y$36,C75+1) -> FFFF | E75: =VLOOKUP(B75,AE_weight!$U$40:$Y$72,C75+1) -> 3333 | F75: =VLOOKUP(B75,AE_weight!$U$76:$Y$108,C75+1) -> 45DD | G75: =VLOOKUP(B75,AE_weight!$U$112:$Y$144,C75+1) -> 2355 | H75: =VLOOKUP(B75,AE_weight!$U$149:$Y$180,C75+1) -> 000F | I75: =VLOOKUP(B75,AE_weight!$U$185:$Y$216,C75+1) -> 0DFF | J75: =VLOOKUP(B75,AE_weight!$U$221:$Y$252,C75+1) -> 7BDF | K75: =VLOOKUP(B75,AE_weight!$U$257:$Y$288,C75+1) -> 0101 | L75: =VLOOKUP(B75,AE_weight!$U$293:$Y$324,C75+1) -> 0000 | M75: =VLOOKUP(B75,AE_weight!$U$329:$Y$360,C75+1) -> 4566 | N75: =VLOOKUP(B75,AE_weight!$U$365:$Y$396,C75+1) -> 4566 | O75: =VLOOKUP(B75,AE_weight!$U$401:$Y$432,C75+1) -> 4566 | P75: =VLOOKUP(B75,AE_weight!$U$437:$Y$468,C75+1) -> 6666
A76: =A75+1 -> 71 | B76: =B75 -> 17 | C76: 3 | D76: =VLOOKUP(B76,AE_weight!$U$4:$Y$36,C76+1) -> FFFF | E76: =VLOOKUP(B76,AE_weight!$U$40:$Y$72,C76+1) -> 3333 | F76: =VLOOKUP(B76,AE_weight!$U$76:$Y$108,C76+1) -> DD54 | G76: =VLOOKUP(B76,AE_weight!$U$112:$Y$144,C76+1) -> 5532 | H76: =VLOOKUP(B76,AE_weight!$U$149:$Y$180,C76+1) -> F000 | I76: =VLOOKUP(B76,AE_weight!$U$185:$Y$216,C76+1) -> FFD0 | J76: =VLOOKUP(B76,AE_weight!$U$221:$Y$252,C76+1) -> FDB7 | K76: =VLOOKUP(B76,AE_weight!$U$257:$Y$288,C76+1) -> 1010 | L76: =VLOOKUP(B76,AE_weight!$U$293:$Y$324,C76+1) -> 0000 | M76: =VLOOKUP(B76,AE_weight!$U$329:$Y$360,C76+1) -> 6654 | N76: =VLOOKUP(B76,AE_weight!$U$365:$Y$396,C76+1) -> 6666 | O76: =VLOOKUP(B76,AE_weight!$U$401:$Y$432,C76+1) -> 6654 | P76: =VLOOKUP(B76,AE_weight!$U$437:$Y$468,C76+1) -> 6654
A77: =A76+1 -> 72 | B77: =B76 -> 17 | C77: 4 | D77: =VLOOKUP(B77,AE_weight!$U$4:$Y$36,C77+1) -> FFFF | E77: =VLOOKUP(B77,AE_weight!$U$40:$Y$72,C77+1) -> 2000 | F77: =VLOOKUP(B77,AE_weight!$U$76:$Y$108,C77+1) -> 3200 | G77: =VLOOKUP(B77,AE_weight!$U$112:$Y$144,C77+1) -> 2222 | H77: =VLOOKUP(B77,AE_weight!$U$149:$Y$180,C77+1) -> 0000 | I77: =VLOOKUP(B77,AE_weight!$U$185:$Y$216,C77+1) -> 0000 | J77: =VLOOKUP(B77,AE_weight!$U$221:$Y$252,C77+1) -> 7000 | K77: =VLOOKUP(B77,AE_weight!$U$257:$Y$288,C77+1) -> 1000 | L77: =VLOOKUP(B77,AE_weight!$U$293:$Y$324,C77+1) -> 0000 | M77: =VLOOKUP(B77,AE_weight!$U$329:$Y$360,C77+1) -> 3210 | N77: =VLOOKUP(B77,AE_weight!$U$365:$Y$396,C77+1) -> 5544 | O77: =VLOOKUP(B77,AE_weight!$U$401:$Y$432,C77+1) -> 3210 | P77: =VLOOKUP(B77,AE_weight!$U$437:$Y$468,C77+1) -> 3210
A78: =A77+1 -> 73 | B78: =B74+1 -> 18 | C78: 1 | D78: =VLOOKUP(B78,AE_weight!$U$4:$Y$36,C78+1) -> FFFF | E78: =VLOOKUP(B78,AE_weight!$U$40:$Y$72,C78+1) -> 0002 | F78: =VLOOKUP(B78,AE_weight!$U$76:$Y$108,C78+1) -> 0023 | G78: =VLOOKUP(B78,AE_weight!$U$112:$Y$144,C78+1) -> 2222 | H78: =VLOOKUP(B78,AE_weight!$U$149:$Y$180,C78+1) -> 0000 | I78: =VLOOKUP(B78,AE_weight!$U$185:$Y$216,C78+1) -> 0000 | J78: =VLOOKUP(B78,AE_weight!$U$221:$Y$252,C78+1) -> 0000 | K78: =VLOOKUP(B78,AE_weight!$U$257:$Y$288,C78+1) -> 0000 | L78: =VLOOKUP(B78,AE_weight!$U$293:$Y$324,C78+1) -> 0000 | M78: =VLOOKUP(B78,AE_weight!$U$329:$Y$360,C78+1) -> 0123 | N78: =VLOOKUP(B78,AE_weight!$U$365:$Y$396,C78+1) -> 0123 | O78: =VLOOKUP(B78,AE_weight!$U$401:$Y$432,C78+1) -> 0123 | P78: =VLOOKUP(B78,AE_weight!$U$437:$Y$468,C78+1) -> 4455
A79: =A78+1 -> 74 | B79: =B78 -> 18 | C79: 2 | D79: =VLOOKUP(B79,AE_weight!$U$4:$Y$36,C79+1) -> FFFF | E79: =VLOOKUP(B79,AE_weight!$U$40:$Y$72,C79+1) -> 3333 | F79: =VLOOKUP(B79,AE_weight!$U$76:$Y$108,C79+1) -> 3466 | G79: =VLOOKUP(B79,AE_weight!$U$112:$Y$144,C79+1) -> 2355 | H79: =VLOOKUP(B79,AE_weight!$U$149:$Y$180,C79+1) -> 0000 | I79: =VLOOKUP(B79,AE_weight!$U$185:$Y$216,C79+1) -> 0DDF | J79: =VLOOKUP(B79,AE_weight!$U$221:$Y$252,C79+1) -> 7BDD | K79: =VLOOKUP(B79,AE_weight!$U$257:$Y$288,C79+1) -> 0000 | L79: =VLOOKUP(B79,AE_weight!$U$293:$Y$324,C79+1) -> 0000 | M79: =VLOOKUP(B79,AE_weight!$U$329:$Y$360,C79+1) -> 4566 | N79: =VLOOKUP(B79,AE_weight!$U$365:$Y$396,C79+1) -> 4556 | O79: =VLOOKUP(B79,AE_weight!$U$401:$Y$432,C79+1) -> 4556 | P79: =VLOOKUP(B79,AE_weight!$U$437:$Y$468,C79+1) -> 5666
A80: =A79+1 -> 75 | B80: =B79 -> 18 | C80: 3 | D80: =VLOOKUP(B80,AE_weight!$U$4:$Y$36,C80+1) -> FFFF | E80: =VLOOKUP(B80,AE_weight!$U$40:$Y$72,C80+1) -> 3333 | F80: =VLOOKUP(B80,AE_weight!$U$76:$Y$108,C80+1) -> 6643 | G80: =VLOOKUP(B80,AE_weight!$U$112:$Y$144,C80+1) -> 5532 | H80: =VLOOKUP(B80,AE_weight!$U$149:$Y$180,C80+1) -> 0000 | I80: =VLOOKUP(B80,AE_weight!$U$185:$Y$216,C80+1) -> FDD0 | J80: =VLOOKUP(B80,AE_weight!$U$221:$Y$252,C80+1) -> DDB7 | K80: =VLOOKUP(B80,AE_weight!$U$257:$Y$288,C80+1) -> 0000 | L80: =VLOOKUP(B80,AE_weight!$U$293:$Y$324,C80+1) -> 0000 | M80: =VLOOKUP(B80,AE_weight!$U$329:$Y$360,C80+1) -> 6654 | N80: =VLOOKUP(B80,AE_weight!$U$365:$Y$396,C80+1) -> 6665 | O80: =VLOOKUP(B80,AE_weight!$U$401:$Y$432,C80+1) -> 6554 | P80: =VLOOKUP(B80,AE_weight!$U$437:$Y$468,C80+1) -> 6554
A81: =A80+1 -> 76 | B81: =B80 -> 18 | C81: 4 | D81: =VLOOKUP(B81,AE_weight!$U$4:$Y$36,C81+1) -> FFFF | E81: =VLOOKUP(B81,AE_weight!$U$40:$Y$72,C81+1) -> 2000 | F81: =VLOOKUP(B81,AE_weight!$U$76:$Y$108,C81+1) -> 3200 | G81: =VLOOKUP(B81,AE_weight!$U$112:$Y$144,C81+1) -> 2222 | H81: =VLOOKUP(B81,AE_weight!$U$149:$Y$180,C81+1) -> 0000 | I81: =VLOOKUP(B81,AE_weight!$U$185:$Y$216,C81+1) -> 0000 | J81: =VLOOKUP(B81,AE_weight!$U$221:$Y$252,C81+1) -> 0000 | K81: =VLOOKUP(B81,AE_weight!$U$257:$Y$288,C81+1) -> 0000 | L81: =VLOOKUP(B81,AE_weight!$U$293:$Y$324,C81+1) -> 0000 | M81: =VLOOKUP(B81,AE_weight!$U$329:$Y$360,C81+1) -> 3210 | N81: =VLOOKUP(B81,AE_weight!$U$365:$Y$396,C81+1) -> 5544 | O81: =VLOOKUP(B81,AE_weight!$U$401:$Y$432,C81+1) -> 3210 | P81: =VLOOKUP(B81,AE_weight!$U$437:$Y$468,C81+1) -> 3210
A82: =A81+1 -> 77 | B82: =B78+1 -> 19 | C82: 1 | D82: =VLOOKUP(B82,AE_weight!$U$4:$Y$36,C82+1) -> FFFF | E82: =VLOOKUP(B82,AE_weight!$U$40:$Y$72,C82+1) -> 0000 | F82: =VLOOKUP(B82,AE_weight!$U$76:$Y$108,C82+1) -> 0023 | G82: =VLOOKUP(B82,AE_weight!$U$112:$Y$144,C82+1) -> 2222 | H82: =VLOOKUP(B82,AE_weight!$U$149:$Y$180,C82+1) -> 0000 | I82: =VLOOKUP(B82,AE_weight!$U$185:$Y$216,C82+1) -> 0000 | J82: =VLOOKUP(B82,AE_weight!$U$221:$Y$252,C82+1) -> 0000 | K82: =VLOOKUP(B82,AE_weight!$U$257:$Y$288,C82+1) -> 0010 | L82: =VLOOKUP(B82,AE_weight!$U$293:$Y$324,C82+1) -> 0010 | M82: =VLOOKUP(B82,AE_weight!$U$329:$Y$360,C82+1) -> 0123 | N82: =VLOOKUP(B82,AE_weight!$U$365:$Y$396,C82+1) -> 0123 | O82: =VLOOKUP(B82,AE_weight!$U$401:$Y$432,C82+1) -> 0123 | P82: =VLOOKUP(B82,AE_weight!$U$437:$Y$468,C82+1) -> 3445
A83: =A82+1 -> 78 | B83: =B82 -> 19 | C83: 2 | D83: =VLOOKUP(B83,AE_weight!$U$4:$Y$36,C83+1) -> FFFF | E83: =VLOOKUP(B83,AE_weight!$U$40:$Y$72,C83+1) -> 2333 | F83: =VLOOKUP(B83,AE_weight!$U$76:$Y$108,C83+1) -> 3466 | G83: =VLOOKUP(B83,AE_weight!$U$112:$Y$144,C83+1) -> 2355 | H83: =VLOOKUP(B83,AE_weight!$U$149:$Y$180,C83+1) -> 0000 | I83: =VLOOKUP(B83,AE_weight!$U$185:$Y$216,C83+1) -> 0DDF | J83: =VLOOKUP(B83,AE_weight!$U$221:$Y$252,C83+1) -> 7BDD | K83: =VLOOKUP(B83,AE_weight!$U$257:$Y$288,C83+1) -> 1010 | L83: =VLOOKUP(B83,AE_weight!$U$293:$Y$324,C83+1) -> 0010 | M83: =VLOOKUP(B83,AE_weight!$U$329:$Y$360,C83+1) -> 4566 | N83: =VLOOKUP(B83,AE_weight!$U$365:$Y$396,C83+1) -> 4556 | O83: =VLOOKUP(B83,AE_weight!$U$401:$Y$432,C83+1) -> 3555 | P83: =VLOOKUP(B83,AE_weight!$U$437:$Y$468,C83+1) -> 5566
A84: =A83+1 -> 79 | B84: =B83 -> 19 | C84: 3 | D84: =VLOOKUP(B84,AE_weight!$U$4:$Y$36,C84+1) -> FFFF | E84: =VLOOKUP(B84,AE_weight!$U$40:$Y$72,C84+1) -> 3332 | F84: =VLOOKUP(B84,AE_weight!$U$76:$Y$108,C84+1) -> 6643 | G84: =VLOOKUP(B84,AE_weight!$U$112:$Y$144,C84+1) -> 5532 | H84: =VLOOKUP(B84,AE_weight!$U$149:$Y$180,C84+1) -> 0000 | I84: =VLOOKUP(B84,AE_weight!$U$185:$Y$216,C84+1) -> FDD0 | J84: =VLOOKUP(B84,AE_weight!$U$221:$Y$252,C84+1) -> DDB7 | K84: =VLOOKUP(B84,AE_weight!$U$257:$Y$288,C84+1) -> 0101 | L84: =VLOOKUP(B84,AE_weight!$U$293:$Y$324,C84+1) -> 0100 | M84: =VLOOKUP(B84,AE_weight!$U$329:$Y$360,C84+1) -> 6654 | N84: =VLOOKUP(B84,AE_weight!$U$365:$Y$396,C84+1) -> 6655 | O84: =VLOOKUP(B84,AE_weight!$U$401:$Y$432,C84+1) -> 5553 | P84: =VLOOKUP(B84,AE_weight!$U$437:$Y$468,C84+1) -> 6554
A85: =A84+1 -> 80 | B85: =B84 -> 19 | C85: 4 | D85: =VLOOKUP(B85,AE_weight!$U$4:$Y$36,C85+1) -> FFFF | E85: =VLOOKUP(B85,AE_weight!$U$40:$Y$72,C85+1) -> 0000 | F85: =VLOOKUP(B85,AE_weight!$U$76:$Y$108,C85+1) -> 3200 | G85: =VLOOKUP(B85,AE_weight!$U$112:$Y$144,C85+1) -> 2222 | H85: =VLOOKUP(B85,AE_weight!$U$149:$Y$180,C85+1) -> 0000 | I85: =VLOOKUP(B85,AE_weight!$U$185:$Y$216,C85+1) -> 0000 | J85: =VLOOKUP(B85,AE_weight!$U$221:$Y$252,C85+1) -> 0000 | K85: =VLOOKUP(B85,AE_weight!$U$257:$Y$288,C85+1) -> 0100 | L85: =VLOOKUP(B85,AE_weight!$U$293:$Y$324,C85+1) -> 0100 | M85: =VLOOKUP(B85,AE_weight!$U$329:$Y$360,C85+1) -> 3210 | N85: =VLOOKUP(B85,AE_weight!$U$365:$Y$396,C85+1) -> 5443 | O85: =VLOOKUP(B85,AE_weight!$U$401:$Y$432,C85+1) -> 3210 | P85: =VLOOKUP(B85,AE_weight!$U$437:$Y$468,C85+1) -> 3210
A86: =A85+1 -> 81 | B86: =B82+1 -> 20 | C86: 1 | D86: =VLOOKUP(B86,AE_weight!$U$4:$Y$36,C86+1) -> FFFF | E86: =VLOOKUP(B86,AE_weight!$U$40:$Y$72,C86+1) -> 0000 | F86: =VLOOKUP(B86,AE_weight!$U$76:$Y$108,C86+1) -> 0002 | G86: =VLOOKUP(B86,AE_weight!$U$112:$Y$144,C86+1) -> 2222 | H86: =VLOOKUP(B86,AE_weight!$U$149:$Y$180,C86+1) -> 0000 | I86: =VLOOKUP(B86,AE_weight!$U$185:$Y$216,C86+1) -> 0000 | J86: =VLOOKUP(B86,AE_weight!$U$221:$Y$252,C86+1) -> 0000 | K86: =VLOOKUP(B86,AE_weight!$U$257:$Y$288,C86+1) -> 0000 | L86: =VLOOKUP(B86,AE_weight!$U$293:$Y$324,C86+1) -> 0000 | M86: =VLOOKUP(B86,AE_weight!$U$329:$Y$360,C86+1) -> 0123 | N86: =VLOOKUP(B86,AE_weight!$U$365:$Y$396,C86+1) -> 0123 | O86: =VLOOKUP(B86,AE_weight!$U$401:$Y$432,C86+1) -> 0122 | P86: =VLOOKUP(B86,AE_weight!$U$437:$Y$468,C86+1) -> 3444
A87: =A86+1 -> 82 | B87: =B86 -> 20 | C87: 2 | D87: =VLOOKUP(B87,AE_weight!$U$4:$Y$36,C87+1) -> FFFF | E87: =VLOOKUP(B87,AE_weight!$U$40:$Y$72,C87+1) -> 2333 | F87: =VLOOKUP(B87,AE_weight!$U$76:$Y$108,C87+1) -> 3455 | G87: =VLOOKUP(B87,AE_weight!$U$112:$Y$144,C87+1) -> 2233 | H87: =VLOOKUP(B87,AE_weight!$U$149:$Y$180,C87+1) -> 0000 | I87: =VLOOKUP(B87,AE_weight!$U$185:$Y$216,C87+1) -> 00DD | J87: =VLOOKUP(B87,AE_weight!$U$221:$Y$252,C87+1) -> 77BB | K87: =VLOOKUP(B87,AE_weight!$U$257:$Y$288,C87+1) -> 0000 | L87: =VLOOKUP(B87,AE_weight!$U$293:$Y$324,C87+1) -> 0000 | M87: =VLOOKUP(B87,AE_weight!$U$329:$Y$360,C87+1) -> 4566 | N87: =VLOOKUP(B87,AE_weight!$U$365:$Y$396,C87+1) -> 3455 | O87: =VLOOKUP(B87,AE_weight!$U$401:$Y$432,C87+1) -> 3455 | P87: =VLOOKUP(B87,AE_weight!$U$437:$Y$468,C87+1) -> 5555
A88: =A87+1 -> 83 | B88: =B87 -> 20 | C88: 3 | D88: =VLOOKUP(B88,AE_weight!$U$4:$Y$36,C88+1) -> FFFF | E88: =VLOOKUP(B88,AE_weight!$U$40:$Y$72,C88+1) -> 3332 | F88: =VLOOKUP(B88,AE_weight!$U$76:$Y$108,C88+1) -> 5543 | G88: =VLOOKUP(B88,AE_weight!$U$112:$Y$144,C88+1) -> 3322 | H88: =VLOOKUP(B88,AE_weight!$U$149:$Y$180,C88+1) -> 0000 | I88: =VLOOKUP(B88,AE_weight!$U$185:$Y$216,C88+1) -> DD00 | J88: =VLOOKUP(B88,AE_weight!$U$221:$Y$252,C88+1) -> BB77 | K88: =VLOOKUP(B88,AE_weight!$U$257:$Y$288,C88+1) -> 0000 | L88: =VLOOKUP(B88,AE_weight!$U$293:$Y$324,C88+1) -> 0000 | M88: =VLOOKUP(B88,AE_weight!$U$329:$Y$360,C88+1) -> 6654 | N88: =VLOOKUP(B88,AE_weight!$U$365:$Y$396,C88+1) -> 5555 | O88: =VLOOKUP(B88,AE_weight!$U$401:$Y$432,C88+1) -> 5543 | P88: =VLOOKUP(B88,AE_weight!$U$437:$Y$468,C88+1) -> 5543
A89: =A88+1 -> 84 | B89: =B88 -> 20 | C89: 4 | D89: =VLOOKUP(B89,AE_weight!$U$4:$Y$36,C89+1) -> FFFF | E89: =VLOOKUP(B89,AE_weight!$U$40:$Y$72,C89+1) -> 0000 | F89: =VLOOKUP(B89,AE_weight!$U$76:$Y$108,C89+1) -> 2000 | G89: =VLOOKUP(B89,AE_weight!$U$112:$Y$144,C89+1) -> 2222 | H89: =VLOOKUP(B89,AE_weight!$U$149:$Y$180,C89+1) -> 0000 | I89: =VLOOKUP(B89,AE_weight!$U$185:$Y$216,C89+1) -> 0000 | J89: =VLOOKUP(B89,AE_weight!$U$221:$Y$252,C89+1) -> 0000 | K89: =VLOOKUP(B89,AE_weight!$U$257:$Y$288,C89+1) -> 0000 | L89: =VLOOKUP(B89,AE_weight!$U$293:$Y$324,C89+1) -> 0000 | M89: =VLOOKUP(B89,AE_weight!$U$329:$Y$360,C89+1) -> 3210 | N89: =VLOOKUP(B89,AE_weight!$U$365:$Y$396,C89+1) -> 4443 | O89: =VLOOKUP(B89,AE_weight!$U$401:$Y$432,C89+1) -> 2210 | P89: =VLOOKUP(B89,AE_weight!$U$437:$Y$468,C89+1) -> 3210
A90: =A89+1 -> 85 | B90: =B86+1 -> 21 | C90: 1 | D90: =VLOOKUP(B90,AE_weight!$U$4:$Y$36,C90+1) -> FFFF | E90: =VLOOKUP(B90,AE_weight!$U$40:$Y$72,C90+1) -> 0000 | F90: =VLOOKUP(B90,AE_weight!$U$76:$Y$108,C90+1) -> 0002 | G90: =VLOOKUP(B90,AE_weight!$U$112:$Y$144,C90+1) -> 2222 | H90: =VLOOKUP(B90,AE_weight!$U$149:$Y$180,C90+1) -> 0000 | I90: =VLOOKUP(B90,AE_weight!$U$185:$Y$216,C90+1) -> 0000 | J90: =VLOOKUP(B90,AE_weight!$U$221:$Y$252,C90+1) -> 0000 | K90: =VLOOKUP(B90,AE_weight!$U$257:$Y$288,C90+1) -> 0001 | L90: =VLOOKUP(B90,AE_weight!$U$293:$Y$324,C90+1) -> 0000 | M90: =VLOOKUP(B90,AE_weight!$U$329:$Y$360,C90+1) -> 0123 | N90: =VLOOKUP(B90,AE_weight!$U$365:$Y$396,C90+1) -> 0122 | O90: =VLOOKUP(B90,AE_weight!$U$401:$Y$432,C90+1) -> 0012 | P90: =VLOOKUP(B90,AE_weight!$U$437:$Y$468,C90+1) -> 3344
A91: =A90+1 -> 86 | B91: =B90 -> 21 | C91: 2 | D91: =VLOOKUP(B91,AE_weight!$U$4:$Y$36,C91+1) -> FFFF | E91: =VLOOKUP(B91,AE_weight!$U$40:$Y$72,C91+1) -> 2333 | F91: =VLOOKUP(B91,AE_weight!$U$76:$Y$108,C91+1) -> 3455 | G91: =VLOOKUP(B91,AE_weight!$U$112:$Y$144,C91+1) -> 2233 | H91: =VLOOKUP(B91,AE_weight!$U$149:$Y$180,C91+1) -> 0000 | I91: =VLOOKUP(B91,AE_weight!$U$185:$Y$216,C91+1) -> 00DD | J91: =VLOOKUP(B91,AE_weight!$U$221:$Y$252,C91+1) -> 77BB | K91: =VLOOKUP(B91,AE_weight!$U$257:$Y$288,C91+1) -> 0101 | L91: =VLOOKUP(B91,AE_weight!$U$293:$Y$324,C91+1) -> 0000 | M91: =VLOOKUP(B91,AE_weight!$U$329:$Y$360,C91+1) -> 4556 | N91: =VLOOKUP(B91,AE_weight!$U$365:$Y$396,C91+1) -> 3445 | O91: =VLOOKUP(B91,AE_weight!$U$401:$Y$432,C91+1) -> 3345 | P91: =VLOOKUP(B91,AE_weight!$U$437:$Y$468,C91+1) -> 4555
A92: =A91+1 -> 87 | B92: =B91 -> 21 | C92: 3 | D92: =VLOOKUP(B92,AE_weight!$U$4:$Y$36,C92+1) -> FFFF | E92: =VLOOKUP(B92,AE_weight!$U$40:$Y$72,C92+1) -> 3332 | F92: =VLOOKUP(B92,AE_weight!$U$76:$Y$108,C92+1) -> 5543 | G92: =VLOOKUP(B92,AE_weight!$U$112:$Y$144,C92+1) -> 3322 | H92: =VLOOKUP(B92,AE_weight!$U$149:$Y$180,C92+1) -> 0000 | I92: =VLOOKUP(B92,AE_weight!$U$185:$Y$216,C92+1) -> DD00 | J92: =VLOOKUP(B92,AE_weight!$U$221:$Y$252,C92+1) -> BB77 | K92: =VLOOKUP(B92,AE_weight!$U$257:$Y$288,C92+1) -> 1010 | L92: =VLOOKUP(B92,AE_weight!$U$293:$Y$324,C92+1) -> 0000 | M92: =VLOOKUP(B92,AE_weight!$U$329:$Y$360,C92+1) -> 6554 | N92: =VLOOKUP(B92,AE_weight!$U$365:$Y$396,C92+1) -> 5554 | O92: =VLOOKUP(B92,AE_weight!$U$401:$Y$432,C92+1) -> 5433 | P92: =VLOOKUP(B92,AE_weight!$U$437:$Y$468,C92+1) -> 5443
A93: =A92+1 -> 88 | B93: =B92 -> 21 | C93: 4 | D93: =VLOOKUP(B93,AE_weight!$U$4:$Y$36,C93+1) -> FFFF | E93: =VLOOKUP(B93,AE_weight!$U$40:$Y$72,C93+1) -> 0000 | F93: =VLOOKUP(B93,AE_weight!$U$76:$Y$108,C93+1) -> 2000 | G93: =VLOOKUP(B93,AE_weight!$U$112:$Y$144,C93+1) -> 2222 | H93: =VLOOKUP(B93,AE_weight!$U$149:$Y$180,C93+1) -> 0000 | I93: =VLOOKUP(B93,AE_weight!$U$185:$Y$216,C93+1) -> 0000 | J93: =VLOOKUP(B93,AE_weight!$U$221:$Y$252,C93+1) -> 0000 | K93: =VLOOKUP(B93,AE_weight!$U$257:$Y$288,C93+1) -> 1000 | L93: =VLOOKUP(B93,AE_weight!$U$293:$Y$324,C93+1) -> 0000 | M93: =VLOOKUP(B93,AE_weight!$U$329:$Y$360,C93+1) -> 3210 | N93: =VLOOKUP(B93,AE_weight!$U$365:$Y$396,C93+1) -> 4433 | O93: =VLOOKUP(B93,AE_weight!$U$401:$Y$432,C93+1) -> 2100 | P93: =VLOOKUP(B93,AE_weight!$U$437:$Y$468,C93+1) -> 2210
A94: =A93+1 -> 89 | B94: =B90+1 -> 22 | C94: 1 | D94: =VLOOKUP(B94,AE_weight!$U$4:$Y$36,C94+1) -> FFFF | E94: =VLOOKUP(B94,AE_weight!$U$40:$Y$72,C94+1) -> 0000 | F94: =VLOOKUP(B94,AE_weight!$U$76:$Y$108,C94+1) -> 0002 | G94: =VLOOKUP(B94,AE_weight!$U$112:$Y$144,C94+1) -> 2222 | H94: =VLOOKUP(B94,AE_weight!$U$149:$Y$180,C94+1) -> 0000 | I94: =VLOOKUP(B94,AE_weight!$U$185:$Y$216,C94+1) -> 0000 | J94: =VLOOKUP(B94,AE_weight!$U$221:$Y$252,C94+1) -> 0000 | K94: =VLOOKUP(B94,AE_weight!$U$257:$Y$288,C94+1) -> 0000 | L94: =VLOOKUP(B94,AE_weight!$U$293:$Y$324,C94+1) -> 0000 | M94: =VLOOKUP(B94,AE_weight!$U$329:$Y$360,C94+1) -> 0123 | N94: =VLOOKUP(B94,AE_weight!$U$365:$Y$396,C94+1) -> 0012 | O94: =VLOOKUP(B94,AE_weight!$U$401:$Y$432,C94+1) -> 0012 | P94: =VLOOKUP(B94,AE_weight!$U$437:$Y$468,C94+1) -> 3334
A95: =A94+1 -> 90 | B95: =B94 -> 22 | C95: 2 | D95: =VLOOKUP(B95,AE_weight!$U$4:$Y$36,C95+1) -> FFFF | E95: =VLOOKUP(B95,AE_weight!$U$40:$Y$72,C95+1) -> 2333 | F95: =VLOOKUP(B95,AE_weight!$U$76:$Y$108,C95+1) -> 3344 | G95: =VLOOKUP(B95,AE_weight!$U$112:$Y$144,C95+1) -> 2222 | H95: =VLOOKUP(B95,AE_weight!$U$149:$Y$180,C95+1) -> 0000 | I95: =VLOOKUP(B95,AE_weight!$U$185:$Y$216,C95+1) -> 0000 | J95: =VLOOKUP(B95,AE_weight!$U$221:$Y$252,C95+1) -> 0777 | K95: =VLOOKUP(B95,AE_weight!$U$257:$Y$288,C95+1) -> 0000 | L95: =VLOOKUP(B95,AE_weight!$U$293:$Y$324,C95+1) -> 0000 | M95: =VLOOKUP(B95,AE_weight!$U$329:$Y$360,C95+1) -> 4556 | N95: =VLOOKUP(B95,AE_weight!$U$365:$Y$396,C95+1) -> 3344 | O95: =VLOOKUP(B95,AE_weight!$U$401:$Y$432,C95+1) -> 2334 | P95: =VLOOKUP(B95,AE_weight!$U$437:$Y$468,C95+1) -> 4444
A96: =A95+1 -> 91 | B96: =B95 -> 22 | C96: 3 | D96: =VLOOKUP(B96,AE_weight!$U$4:$Y$36,C96+1) -> FFFF | E96: =VLOOKUP(B96,AE_weight!$U$40:$Y$72,C96+1) -> 3332 | F96: =VLOOKUP(B96,AE_weight!$U$76:$Y$108,C96+1) -> 4433 | G96: =VLOOKUP(B96,AE_weight!$U$112:$Y$144,C96+1) -> 2222 | H96: =VLOOKUP(B96,AE_weight!$U$149:$Y$180,C96+1) -> 0000 | I96: =VLOOKUP(B96,AE_weight!$U$185:$Y$216,C96+1) -> 0000 | J96: =VLOOKUP(B96,AE_weight!$U$221:$Y$252,C96+1) -> 7770 | K96: =VLOOKUP(B96,AE_weight!$U$257:$Y$288,C96+1) -> 0000 | L96: =VLOOKUP(B96,AE_weight!$U$293:$Y$324,C96+1) -> 0000 | M96: =VLOOKUP(B96,AE_weight!$U$329:$Y$360,C96+1) -> 6554 | N96: =VLOOKUP(B96,AE_weight!$U$365:$Y$396,C96+1) -> 4444 | O96: =VLOOKUP(B96,AE_weight!$U$401:$Y$432,C96+1) -> 4332 | P96: =VLOOKUP(B96,AE_weight!$U$437:$Y$468,C96+1) -> 4433
A97: =A96+1 -> 92 | B97: =B96 -> 22 | C97: 4 | D97: =VLOOKUP(B97,AE_weight!$U$4:$Y$36,C97+1) -> FFFF | E97: =VLOOKUP(B97,AE_weight!$U$40:$Y$72,C97+1) -> 0000 | F97: =VLOOKUP(B97,AE_weight!$U$76:$Y$108,C97+1) -> 2000 | G97: =VLOOKUP(B97,AE_weight!$U$112:$Y$144,C97+1) -> 2222 | H97: =VLOOKUP(B97,AE_weight!$U$149:$Y$180,C97+1) -> 0000 | I97: =VLOOKUP(B97,AE_weight!$U$185:$Y$216,C97+1) -> 0000 | J97: =VLOOKUP(B97,AE_weight!$U$221:$Y$252,C97+1) -> 0000 | K97: =VLOOKUP(B97,AE_weight!$U$257:$Y$288,C97+1) -> 0000 | L97: =VLOOKUP(B97,AE_weight!$U$293:$Y$324,C97+1) -> 0000 | M97: =VLOOKUP(B97,AE_weight!$U$329:$Y$360,C97+1) -> 3210 | N97: =VLOOKUP(B97,AE_weight!$U$365:$Y$396,C97+1) -> 4333 | O97: =VLOOKUP(B97,AE_weight!$U$401:$Y$432,C97+1) -> 2100 | P97: =VLOOKUP(B97,AE_weight!$U$437:$Y$468,C97+1) -> 2100
A98: =A97+1 -> 93 | B98: =B94+1 -> 23 | C98: 1 | D98: =VLOOKUP(B98,AE_weight!$U$4:$Y$36,C98+1) -> FFFF | E98: =VLOOKUP(B98,AE_weight!$U$40:$Y$72,C98+1) -> 0000 | F98: =VLOOKUP(B98,AE_weight!$U$76:$Y$108,C98+1) -> 0002 | G98: =VLOOKUP(B98,AE_weight!$U$112:$Y$144,C98+1) -> 2222 | H98: =VLOOKUP(B98,AE_weight!$U$149:$Y$180,C98+1) -> 0000 | I98: =VLOOKUP(B98,AE_weight!$U$185:$Y$216,C98+1) -> 0000 | J98: =VLOOKUP(B98,AE_weight!$U$221:$Y$252,C98+1) -> 0000 | K98: =VLOOKUP(B98,AE_weight!$U$257:$Y$288,C98+1) -> 0010 | L98: =VLOOKUP(B98,AE_weight!$U$293:$Y$324,C98+1) -> 0000 | M98: =VLOOKUP(B98,AE_weight!$U$329:$Y$360,C98+1) -> 0123 | N98: =VLOOKUP(B98,AE_weight!$U$365:$Y$396,C98+1) -> 0012 | O98: =VLOOKUP(B98,AE_weight!$U$401:$Y$432,C98+1) -> 0011 | P98: =VLOOKUP(B98,AE_weight!$U$437:$Y$468,C98+1) -> 3333
A99: =A98+1 -> 94 | B99: =B98 -> 23 | C99: 2 | D99: =VLOOKUP(B99,AE_weight!$U$4:$Y$36,C99+1) -> FFFF | E99: =VLOOKUP(B99,AE_weight!$U$40:$Y$72,C99+1) -> 2233 | F99: =VLOOKUP(B99,AE_weight!$U$76:$Y$108,C99+1) -> 3344 | G99: =VLOOKUP(B99,AE_weight!$U$112:$Y$144,C99+1) -> 2222 | H99: =VLOOKUP(B99,AE_weight!$U$149:$Y$180,C99+1) -> 0000 | I99: =VLOOKUP(B99,AE_weight!$U$185:$Y$216,C99+1) -> 0000 | J99: =VLOOKUP(B99,AE_weight!$U$221:$Y$252,C99+1) -> 0777 | K99: =VLOOKUP(B99,AE_weight!$U$257:$Y$288,C99+1) -> 1010 | L99: =VLOOKUP(B99,AE_weight!$U$293:$Y$324,C99+1) -> 0010 | M99: =VLOOKUP(B99,AE_weight!$U$329:$Y$360,C99+1) -> 3556 | N99: =VLOOKUP(B99,AE_weight!$U$365:$Y$396,C99+1) -> 2334 | O99: =VLOOKUP(B99,AE_weight!$U$401:$Y$432,C99+1) -> 2233 | P99: =VLOOKUP(B99,AE_weight!$U$437:$Y$468,C99+1) -> 4444
A100: =A99+1 -> 95 | B100: =B99 -> 23 | C100: 3 | D100: =VLOOKUP(B100,AE_weight!$U$4:$Y$36,C100+1) -> FFFF | E100: =VLOOKUP(B100,AE_weight!$U$40:$Y$72,C100+1) -> 3322 | F100: =VLOOKUP(B100,AE_weight!$U$76:$Y$108,C100+1) -> 4433 | G100: =VLOOKUP(B100,AE_weight!$U$112:$Y$144,C100+1) -> 2222 | H100: =VLOOKUP(B100,AE_weight!$U$149:$Y$180,C100+1) -> 0000 | I100: =VLOOKUP(B100,AE_weight!$U$185:$Y$216,C100+1) -> 0000 | J100: =VLOOKUP(B100,AE_weight!$U$221:$Y$252,C100+1) -> 7770 | K100: =VLOOKUP(B100,AE_weight!$U$257:$Y$288,C100+1) -> 0101 | L100: =VLOOKUP(B100,AE_weight!$U$293:$Y$324,C100+1) -> 0100 | M100: =VLOOKUP(B100,AE_weight!$U$329:$Y$360,C100+1) -> 6553 | N100: =VLOOKUP(B100,AE_weight!$U$365:$Y$396,C100+1) -> 4444 | O100: =VLOOKUP(B100,AE_weight!$U$401:$Y$432,C100+1) -> 3322 | P100: =VLOOKUP(B100,AE_weight!$U$437:$Y$468,C100+1) -> 4332
A101: =A100+1 -> 96 | B101: =B100 -> 23 | C101: 4 | D101: =VLOOKUP(B101,AE_weight!$U$4:$Y$36,C101+1) -> FFFF | E101: =VLOOKUP(B101,AE_weight!$U$40:$Y$72,C101+1) -> 0000 | F101: =VLOOKUP(B101,AE_weight!$U$76:$Y$108,C101+1) -> 2000 | G101: =VLOOKUP(B101,AE_weight!$U$112:$Y$144,C101+1) -> 2222 | H101: =VLOOKUP(B101,AE_weight!$U$149:$Y$180,C101+1) -> 0000 | I101: =VLOOKUP(B101,AE_weight!$U$185:$Y$216,C101+1) -> 0000 | J101: =VLOOKUP(B101,AE_weight!$U$221:$Y$252,C101+1) -> 0000 | K101: =VLOOKUP(B101,AE_weight!$U$257:$Y$288,C101+1) -> 0100 | L101: =VLOOKUP(B101,AE_weight!$U$293:$Y$324,C101+1) -> 0000 | M101: =VLOOKUP(B101,AE_weight!$U$329:$Y$360,C101+1) -> 3210 | N101: =VLOOKUP(B101,AE_weight!$U$365:$Y$396,C101+1) -> 3333 | O101: =VLOOKUP(B101,AE_weight!$U$401:$Y$432,C101+1) -> 1100 | P101: =VLOOKUP(B101,AE_weight!$U$437:$Y$468,C101+1) -> 2100
A102: =A101+1 -> 97 | B102: =B98+1 -> 24 | C102: 1 | D102: =VLOOKUP(B102,AE_weight!$U$4:$Y$36,C102+1) -> FFFF | E102: =VLOOKUP(B102,AE_weight!$U$40:$Y$72,C102+1) -> 0000 | F102: =VLOOKUP(B102,AE_weight!$U$76:$Y$108,C102+1) -> 0002 | G102: =VLOOKUP(B102,AE_weight!$U$112:$Y$144,C102+1) -> 2222 | H102: =VLOOKUP(B102,AE_weight!$U$149:$Y$180,C102+1) -> 0000 | I102: =VLOOKUP(B102,AE_weight!$U$185:$Y$216,C102+1) -> 0000 | J102: =VLOOKUP(B102,AE_weight!$U$221:$Y$252,C102+1) -> 0000 | K102: =VLOOKUP(B102,AE_weight!$U$257:$Y$288,C102+1) -> 0000 | L102: =VLOOKUP(B102,AE_weight!$U$293:$Y$324,C102+1) -> 0000 | M102: =VLOOKUP(B102,AE_weight!$U$329:$Y$360,C102+1) -> 0123 | N102: =VLOOKUP(B102,AE_weight!$U$365:$Y$396,C102+1) -> 0001 | O102: =VLOOKUP(B102,AE_weight!$U$401:$Y$432,C102+1) -> 0001 | P102: =VLOOKUP(B102,AE_weight!$U$437:$Y$468,C102+1) -> 3333
...
