Workbook

Sheet History
B2: ROM_MAP PRO Update History
B5: History
B6: Date | C6: Name | D6: Comment
BV115: s

Sheet ROM_MAP
C1: ROM_MAP PROマクロ
B5: Section | C5: Group | D5: Byte 数 | E5: MACRO | F5: address | G5: Name | I5: Init Value | J5: Update | K5: note
G6: 15 (even) 8 | H6: 7 (odd) 0 | I6: hexadecimal | L6: 0
B7: 1 | C7: AE Weight Table | E7: JDSPRO | F7: 0x00000000 | G7: AE_BLOCK_WEIGHT_0 | H7: AE_BLOCK_WEIGHT_1 | I7: ="0x"&AE_w_WORK!D6 -> 0x0000 | J7: 40473 | K7: All block integral | L7: =L6+2 -> 2
B8: 2 | E8: JDSPRO | F8: 0x00000002 | G8: AE_BLOCK_WEIGHT_2 | H8: AE_BLOCK_WEIGHT_3 | I8: ="0x"&AE_w_WORK!D7 -> 0x0000 | J8: 40473 | L8: =L7+2 -> 4
B9: 3 | E9: JDSPRO | F9: 0x00000004 | G9: AE_BLOCK_WEIGHT_4 | H9: AE_BLOCK_WEIGHT_5 | I9: ="0x"&AE_w_WORK!D8 -> 0x0000 | J9: 40473 | L9: =L8+2 -> 6
B10: 4 | E10: JDSPRO | F10: 0x00000006 | G10: AE_BLOCK_WEIGHT_6 | H10: AE_BLOCK_WEIGHT_7 | I10: ="0x"&AE_w_WORK!D9 -> 0x0000 | J10: 40473 | L10: =L9+2 -> 8
B11: 5 | E11: JDSPRO | F11: 0x00000008 | G11: AE_BLOCK_WEIGHT_8 | H11: AE_BLOCK_WEIGHT_9 | I11: ="0x"&AE_w_WORK!D10 -> 0x0000 | J11: 40473 | L11: =L10+2 -> 10
B12: 6 | E12: JDSPRO | F12: 0x0000000A | G12: AE_BLOCK_WEIGHT_10 | H12: AE_BLOCK_WEIGHT_11 | I12: ="0x"&AE_w_WORK!D11 -> 0x0000 | J12: 40473 | L12: =L11+2 -> 12
B13: 7 | E13: JDSPRO | F13: 0x0000000C | G13: AE_BLOCK_WEIGHT_12 | H13: AE_BLOCK_WEIGHT_13 | I13: ="0x"&AE_w_WORK!D12 -> 0x0000 | J13: 40473 | L13: =L12+2 -> 14
B14: 8 | E14: JDSPRO | F14: 0x0000000E | G14: AE_BLOCK_WEIGHT_14 | H14: AE_BLOCK_WEIGHT_15 | I14: ="0x"&AE_w_WORK!D13 -> 0x0000 | J14: 40473 | L14: =L13+2 -> 16
B15: 9 | E15: JDSPRO | F15: 0x00000010 | G15: AE_BLOCK_WEIGHT_16 | H15: AE_BLOCK_WEIGHT_17 | I15: ="0x"&AE_w_WORK!D14 -> 0x0000 | J15: 40473 | L15: =L14+2 -> 18
B16: 10 | E16: JDSPRO | F16: 0x00000012 | G16: AE_BLOCK_WEIGHT_18 | H16: AE_BLOCK_WEIGHT_19 | I16: ="0x"&AE_w_WORK!D15 -> 0x0000 | J16: 40473 | L16: =L15+2 -> 20
B17: 11 | E17: JDSPRO | F17: 0x00000014 | G17: AE_BLOCK_WEIGHT_20 | H17: AE_BLOCK_WEIGHT_21 | I17: ="0x"&AE_w_WORK!D16 -> 0x0000 | J17: 40473 | L17: =L16+2 -> 22
B18: 12 | E18: JDSPRO | F18: 0x00000016 | G18: AE_BLOCK_WEIGHT_22 | H18: AE_BLOCK_WEIGHT_23 | I18: ="0x"&AE_w_WORK!D17 -> 0x1111 | J18: 40473 | L18: =L17+2 -> 24
B19: 13 | E19: JDSPRO | F19: 0x00000018 | G19: AE_BLOCK_WEIGHT_24 | H19: AE_BLOCK_WEIGHT_25 | I19: ="0x"&AE_w_WORK!D18 -> 0x1111 | J19: 40473 | L19: =L18+2 -> 26
... B262: 256 | E262: JDSPRO | F262: 0x000001FE | G262: AE_BLOCK_WEIGHT_254 | H262: AE_BLOCK_WEIGHT_255 | I262: ="0x"&AE_w_WORK!D261 -> 0x0000 | J262: 40601 | L262: =L261+2 -> 512
B263: 257 | E263: JDSPRO | F263: 0x00000200 | G263: AE_BLOCK_WEIGHT_0 | H263: AE_BLOCK_WEIGHT_1 | I263: ="0x"&AE_w_WORK!E6 -> 0x2222 | J263: 40473 | K263: Center-weighted average 1 | L263: =L262+2 -> 514
B264: 258 | E264: JDSPRO | F264: 0x00000202 | G264: AE_BLOCK_WEIGHT_0 | H264: AE_BLOCK_WEIGHT_1 | I264: ="0x"&AE_w_WORK!E7 -> 0x2222 | J264: 40474 | L264: =L263+2 -> 516
B265: 259 | E265: JDSPRO | F265: 0x00000204 | G265: AE_BLOCK_WEIGHT_0 | H265: AE_BLOCK_WEIGHT_1 | I265: ="0x"&AE_w_WORK!E8 -> 0x2222 | J265: 40475 | L265: =L264+2 -> 518
B266: 260 | E266: JDSPRO | F266: 0x00000206 | G266: AE_BLOCK_WEIGHT_0 | H266: AE_BLOCK_WEIGHT_1 | I266: ="0x"&AE_w_WORK!E9 -> 0x2222 | J266: 40476 | L266: =L265+2 -> 520
B267: 261 | E267: JDSPRO | F267: 0x00000208 | G267: AE_BLOCK_WEIGHT_0 | H267: AE_BLOCK_WEIGHT_1 | I267: ="0x"&AE_w_WORK!E10 -> 0x2222 | J267: 40477 | L267: =L266+2 -> 522
B268: 262 | E268: JDSPRO | F268: 0x0000020A | G268: AE_BLOCK_WEIGHT_0 | H268: AE_BLOCK_WEIGHT_1 | I268: ="0x"&AE_w_WORK!E11 -> 0x2222 | J268: 40478 | L268: =L267+2 -> 524
B269: 263 | E269: JDSPRO | F269: 0x0000020C | G269: AE_BLOCK_WEIGHT_0 | H269: AE_BLOCK_WEIGHT_1 | I269: ="0x"&AE_w_WORK!E12 -> 0x2222 | J269: 40479 | L269: =L268+2 -> 526
B270: 264 | E270: JDSPRO | F270: 0x0000020E | G270: AE_BLOCK_WEIGHT_0 | H270: AE_BLOCK_WEIGHT_1 | I270: ="0x"&AE_w_WORK!E13 -> 0x2222 | J270: 40480 | L270: =L269+2 -> 528
B271: 265 | E271: JDSPRO | F271: 0x00000210 | G271: AE_BLOCK_WEIGHT_0 | H271: AE_BLOCK_WEIGHT_1 | I271: ="0x"&AE_w_WORK!E14 -> 0x2222 | J271: 40481 | L271: =L270+2 -> 530
B272: 266 | E272: JDSPRO | F272: 0x00000212 | G272: AE_BLOCK_WEIGHT_0 | H272: AE_BLOCK_WEIGHT_1 | I272: ="0x"&AE_w_WORK!E15 -> 0x2222 | J272: 40482 | L272: =L271+2 -> 532
B273: 267 | E273: JDSPRO | F273: 0x00000214 | G273: AE_BLOCK_WEIGHT_0 | H273: AE_BLOCK_WEIGHT_1 | I273: ="0x"&AE_w_WORK!E16 -> 0x2222 | J273: 40483 | L273: =L272+2 -> 534
B274: 268 | E274: JDSPRO | F274: 0x00000216 | G274: AE_BLOCK_WEIGHT_0 | H274: AE_BLOCK_WEIGHT_1 | I274: ="0x"&AE_w_WORK!E17 -> 0x2222 | J274: 40484 | L274: =L273+2 -> 536
B275: 269 | E275: JDSPRO | F275: 0x00000218 | G275: AE_BLOCK_WEIGHT_0 | H275: AE_BLOCK_WEIGHT_1 | I275: ="0x"&AE_w_WORK!E18 -> 0x2222 | J275: 40485 | L275: =L274+2 -> 538
... B518: 512 | E518: JDSPRO | F518: 0x000003FE | G518: AE_BLOCK_WEIGHT_0 | H518: AE_BLOCK_WEIGHT_1 | I518: ="0x"&AE_w_WORK!E261 -> 0x2222 | J518: 40728 | L518: =L517+2 -> 1024
B519: 513 | E519: JDSPRO | F519: 0x00000400 | G519: AE_BLOCK_WEIGHT_0 | H519: AE_BLOCK_WEIGHT_1 | I519: ="0x"&AE_w_WORK!F6 -> 0x0000 | J519: 40729 | K519: Center-weighted average 2 | L519: =L518+2 -> 1026
B520: 514 | E520: JDSPRO | F520: 0x00000402 | G520: AE_BLOCK_WEIGHT_0 | H520: AE_BLOCK_WEIGHT_1 | I520: ="0x"&AE_w_WORK!F7 -> 0x0000 | J520: 40730 | L520: =L519+2 -> 1028
B521: 515 | E521: JDSPRO | F521: 0x00000404 | G521: AE_BLOCK_WEIGHT_0 | H521: AE_BLOCK_WEIGHT_1 | I521: ="0x"&AE_w_WORK!F8 -> 0x0000 | J521: 40731 | L521: =L520+2 -> 1030
B522: 516 | E522: JDSPRO | F522: 0x00000406 | G522: AE_BLOCK_WEIGHT_0 | H522: AE_BLOCK_WEIGHT_1 | I522: ="0x"&AE_w_WORK!F9 -> 0x0000 | J522: 40732 | L522: =L521+2 -> 1032
B523: 517 | E523: JDSPRO | F523: 0x00000408 | G523: AE_BLOCK_WEIGHT_0 | H523: AE_BLOCK_WEIGHT_1 | I523: ="0x"&AE_w_WORK!F10 -> 0x0000 | J523: 40733 | L523: =L522+2 -> 1034
B524: 518 | E524: JDSPRO | F524: 0x0000040A | G524: AE_BLOCK_WEIGHT_0 | H524: AE_BLOCK_WEIGHT_1 | I524: ="0x"&AE_w_WORK!F11 -> 0x0000 | J524: 40734 | L524: =L523+2 -> 1036
B525: 519 | E525: JDSPRO | F525: 0x0000040C | G525: AE_BLOCK_WEIGHT_0 | H525: AE_BLOCK_WEIGHT_1 | I525: ="0x"&AE_w_WORK!F12 -> 0x0000 | J525: 40735 | L525: =L524+2 -> 1038
B526: 520 | E526: JDSPRO | F526: 0x0000040E | G526: AE_BLOCK_WEIGHT_0 | H526: AE_BLOCK_WEIGHT_1 | I526: ="0x"&AE_w_WORK!F13 -> 0x0000 | J526: 40736 | L526: =L525+2 -> 1040
B527: 521 | E527: JDSPRO | F527: 0x00000410 | G527: AE_BLOCK_WEIGHT_0 | H527: AE_BLOCK_WEIGHT_1 | I527: ="0x"&AE_w_WORK!F14 -> 0x0000 | J527: 40737 | L527: =L526+2 -> 1042
B528: 522 | E528: JDSPRO | F528: 0x00000412 | G528: AE_BLOCK_WEIGHT_0 | H528: AE_BLOCK_WEIGHT_1 | I528: ="0x"&AE_w_WORK!F15 -> 0x0000 | J528: 40738 | L528: =L527+2 -> 1044
B529: 523 | E529: JDSPRO | F529: 0x00000414 | G529: AE_BLOCK_WEIGHT_0 | H529: AE_BLOCK_WEIGHT_1 | I529: ="0x"&AE_w_WORK!F16 -> 0x0000 | J529: 40739 | L529: =L528+2 -> 1046
B530: 524 | E530: JDSPRO | F530: 0x00000416 | G530: AE_BLOCK_WEIGHT_0 | H530: AE_BLOCK_WEIGHT_1 | I530: ="0x"&AE_w_WORK!F17 -> 0x0000 | J530: 40740 | L530: =L529+2 -> 1048
B531: 525 | E531: JDSPRO | F531: 0x00000418 | G531: AE_BLOCK_WEIGHT_0 | H531: AE_BLOCK_WEIGHT_1 | I531: ="0x"&AE_w_WORK!F18 -> 0x0000 | J531: 40741 | L531: =L530+2 -> 1050
... B774: 768 | E774: JDSPRO | F774: 0x000005FE | G774: AE_BLOCK_WEIGHT_0 | H774: AE_BLOCK_WEIGHT_1 | I774: ="0x"&AE_w_WORK!F261 -> 0x0000 | J774: 40984 | L774: =L773+2 -> 1536
B775: 769 | E775: JDSPRO | F775: 0x00000600 | G775: AE_BLOCK_WEIGHT_0 | H775: AE_BLOCK_WEIGHT_1 | I775: ="0x"&AE_w_WORK!G6 -> 0x2222 | J775: 40985 | K775: Center-weighted average 3 | L775: =L774+2 -> 1538
B776: 770 | E776: JDSPRO | F776: 0x00000602 | G776: AE_BLOCK_WEIGHT_0 | H776: AE_BLOCK_WEIGHT_1 | I776: ="0x"&AE_w_WORK!G7 -> 0x2222 | J776: 40986 | L776: =L775+2 -> 1540
B777: 771 | E777: JDSPRO | F777: 0x00000604 | G777: AE_BLOCK_WEIGHT_0 | H777: AE_BLOCK_WEIGHT_1 | I777: ="0x"&AE_w_WORK!G8 -> 0x2222 | J777: 40987 | L777: =L776+2 -> 1542
B778: 772 | E778: JDSPRO | F778: 0x00000606 | G778: AE_BLOCK_WEIGHT_0 | H778: AE_BLOCK_WEIGHT_1 | I778: ="0x"&AE_w_WORK!G9 -> 0x2222 | J778: 40988 | L778: =L777+2 -> 1544
B779: 773 | E779: JDSPRO | F779: 0x00000608 | G779: AE_BLOCK_WEIGHT_0 | H779: AE_BLOCK_WEIGHT_1 | I779: ="0x"&AE_w_WORK!G10 -> 0x2222 | J779: 40989 | L779: =L778+2 -> 1546
B780: 774 | E780: JDSPRO | F780: 0x0000060A | G780: AE_BLOCK_WEIGHT_0 | H780: AE_BLOCK_WEIGHT_1 | I780: ="0x"&AE_w_WORK!G11 -> 0x2222 | J780: 40990 | L780: =L779+2 -> 1548
B781: 775 | E781: JDSPRO | F781: 0x0000060C | G781: AE_BLOCK_WEIGHT_0 | H781: AE_BLOCK_WEIGHT_1 | I781: ="0x"&AE_w_WORK!G12 -> 0x2222 | J781: 40991 | L781: =L780+2 -> 1550
B782: 776 | E782: JDSPRO | F782: 0x0000060E | G782: AE_BLOCK_WEIGHT_0 | H782: AE_BLOCK_WEIGHT_1 | I782: ="0x"&AE_w_WORK!G13 -> 0x2222 | J782: 40992 | L782: =L781+2 -> 1552
B783: 777 | E783: JDSPRO | F783: 0x00000610 | G783: AE_BLOCK_WEIGHT_0 | H783: AE_BLOCK_WEIGHT_1 | I783: ="0x"&AE_w_WORK!G14 -> 0x2222 | J783: 40993 | L783: =L782+2 -> 1554
B784: 778 | E784: JDSPRO | F784: 0x00000612 | G784: AE_BLOCK_WEIGHT_0 | H784: AE_BLOCK_WEIGHT_1 | I784: ="0x"&AE_w_WORK!G15 -> 0x2222 | J784: 40994 | L784: =L783+2 -> 1556
B785: 779 | E785: JDSPRO | F785: 0x00000614 | G785: AE_BLOCK_WEIGHT_0 | H785: AE_BLOCK_WEIGHT_1 | I785: ="0x"&AE_w_WORK!G16 -> 0x2222 | J785: 40995 | L785: =L784+2 -> 1558
B786: 780 | E786: JDSPRO | F786: 0x00000616 | G786: AE_BLOCK_WEIGHT_0 | H786: AE_BLOCK_WEIGHT_1 | I786: ="0x"&AE_w_WORK!G17 -> 0x2222 | J786: 40996 | L786: =L785+2 -> 1560
B787: 781 | E787: JDSPRO | F787: 0x00000618 | G787: AE_BLOCK_WEIGHT_0 | H787: AE_BLOCK_WEIGHT_1 | I787: ="0x"&AE_w_WORK!G18 -> 0x2222 | J787: 40997 | L787: =L786+2 -> 1562
... B1030: 1024 | E1030: JDSPRO | F1030: 0x000007FE | G1030: AE_BLOCK_WEIGHT_0 | H1030: AE_BLOCK_WEIGHT_1 | I1030: ="0x"&AE_w_WORK!G261 -> 0x2222 | J1030: 41240 | L1030: =L1029+2 -> 2048
B1031: 1025 | E1031: JDSPRO | F1031: 0x00000800 | G1031: AE_BLOCK_WEIGHT_0 | H1031: AE_BLOCK_WEIGHT_1 | I1031: ="0x"&AE_w_WORK!H6 -> 0x0000 | J1031: 41241 | K1031: Spot 1 | L1031: =L1030+2 -> 2050
B1032: 1026 | E1032: JDSPRO | F1032: 0x00000802 | G1032: AE_BLOCK_WEIGHT_0 | H1032: AE_BLOCK_WEIGHT_1 | I1032: ="0x"&AE_w_WORK!H7 -> 0x0000 | J1032: 41242 | L1032: =L1031+2 -> 2052
B1033: 1027 | E1033: JDSPRO | F1033: 0x00000804 | G1033: AE_BLOCK_WEIGHT_0 | H1033: AE_BLOCK_WEIGHT_1 | I1033: ="0x"&AE_w_WORK!H8 -> 0x0000 | J1033: 41243 | L1033: =L1032+2 -> 2054
B1034: 1028 | E1034: JDSPRO | F1034: 0x00000806 | G1034: AE_BLOCK_WEIGHT_0 | H1034: AE_BLOCK_WEIGHT_1 | I1034: ="0x"&AE_w_WORK!H9 -> 0x0000 | J1034: 41244 | L1034: =L1033+2 -> 2056
B1035: 1029 | E1035: JDSPRO | F1035: 0x00000808 | G1035: AE_BLOCK_WEIGHT_0 | H1035: AE_BLOCK_WEIGHT_1 | I1035: ="0x"&AE_w_WORK!H10 -> 0x0000 | J1035: 41245 | L1035: =L1034+2 -> 2058
B1036: 1030 | E1036: JDSPRO | F1036: 0x0000080A | G1036: AE_BLOCK_WEIGHT_0 | H1036: AE_BLOCK_WEIGHT_1 | I1036: ="0x"&AE_w_WORK!H11 -> 0x0000 | J1036: 41246 | L1036: =L1035+2 -> 2060
B1037: 1031 | E1037: JDSPRO | F1037: 0x0000080C | G1037: AE_BLOCK_WEIGHT_0 | H1037: AE_BLOCK_WEIGHT_1 | I1037: ="0x"&AE_w_WORK!H12 -> 0x0000 | J1037: 41247 | L1037: =L1036+2 -> 2062
B1038: 1032 | E1038: JDSPRO | F1038: 0x0000080E | G1038: AE_BLOCK_WEIGHT_0 | H1038: AE_BLOCK_WEIGHT_1 | I1038: ="0x"&AE_w_WORK!H13 -> 0x0000 | J1038: 41248 | L1038: =L1037+2 -> 2064
B1039: 1033 | E1039: JDSPRO | F1039: 0x00000810 | G1039: AE_BLOCK_WEIGHT_0 | H1039: AE_BLOCK_WEIGHT_1 | I1039: ="0x"&AE_w_WORK!H14 -> 0x0000 | J1039: 41249 | L1039: =L1038+2 -> 2066
B1040: 1034 | E1040: JDSPRO | F1040: 0x00000812 | G1040: AE_BLOCK_WEIGHT_0 | H1040: AE_BLOCK_WEIGHT_1 | I1040: ="0x"&AE_w_WORK!H15 -> 0x0000 | J1040: 41250 | L1040: =L1039+2 -> 2068
B1041: 1035 | E1041: JDSPRO | F1041: 0x00000814 | G1041: AE_BLOCK_WEIGHT_0 | H1041: AE_BLOCK_WEIGHT_1 | I1041: ="0x"&AE_w_WORK!H16 -> 0x0000 | J1041: 41251 | L1041: =L1040+2 -> 2070
B1042: 1036 | E1042: JDSPRO | F1042: 0x00000816 | G1042: AE_BLOCK_WEIGHT_0 | H1042: AE_BLOCK_WEIGHT_1 | I1042: ="0x"&AE_w_WORK!H17 -> 0x0000 | J1042: 41252 | L1042: =L1041+2 -> 2072
B1043: 1037 | E1043: JDSPRO | F1043: 0x00000818 | G1043: AE_BLOCK_WEIGHT_0 | H1043: AE_BLOCK_WEIGHT_1 | I1043: ="0x"&AE_w_WORK!H18 -> 0x0000 | J1043: 41253 | L1043: =L1042+2 -> 2074
... B1286: 1280 | E1286: JDSPRO | F1286: 0x000009FE | G1286: AE_BLOCK_WEIGHT_0 | H1286: AE_BLOCK_WEIGHT_1 | I1286: ="0x"&AE_w_WORK!H261 -> 0x0000 | J1286: 41496 | L1286: =L1285+2 -> 2560
B1287: 1281 | E1287: JDSPRO | F1287: 0x00000A00 | G1287: AE_BLOCK_WEIGHT_0 | H1287: AE_BLOCK_WEIGHT_1 | I1287: ="0x"&AE_w_WORK!I6 -> 0x0000 | J1287: 41497 | K1287: Spot 2 | L1287: =L1286+2 -> 2562
B1288: 1282 | E1288: JDSPRO | F1288: 0x00000A02 | G1288: AE_BLOCK_WEIGHT_0 | H1288: AE_BLOCK_WEIGHT_1 | I1288: ="0x"&AE_w_WORK!I7 -> 0x0000 | J1288: 41498 | L1288: =L1287+2 -> 2564
B1289: 1283 | E1289: JDSPRO | F1289: 0x00000A04 | G1289: AE_BLOCK_WEIGHT_0 | H1289: AE_BLOCK_WEIGHT_1 | I1289: ="0x"&AE_w_WORK!I8 -> 0x0000 | J1289: 41499 | L1289: =L1288+2 -> 2566
B1290: 1284 | E1290: JDSPRO | F1290: 0x00000A06 | G1290: AE_BLOCK_WEIGHT_0 | H1290: AE_BLOCK_WEIGHT_1 | I1290: ="0x"&AE_w_WORK!I9 -> 0x0000 | J1290: 41500 | L1290: =L1289+2 -> 2568
B1291: 1285 | E1291: JDSPRO | F1291: 0x00000A08 | G1291: AE_BLOCK_WEIGHT_0 | H1291: AE_BLOCK_WEIGHT_1 | I1291: ="0x"&AE_w_WORK!I10 -> 0x0000 | J1291: 41501 | L1291: =L1290+2 -> 2570
B1292: 1286 | E1292: JDSPRO | F1292: 0x00000A0A | G1292: AE_BLOCK_WEIGHT_0 | H1292: AE_BLOCK_WEIGHT_1 | I1292: ="0x"&AE_w_WORK!I11 -> 0x0000 | J1292: 41502 | L1292: =L1291+2 -> 2572
B1293: 1287 | E1293: JDSPRO | F1293: 0x00000A0C | G1293: AE_BLOCK_WEIGHT_0 | H1293: AE_BLOCK_WEIGHT_1 | I1293: ="0x"&AE_w_WORK!I12 -> 0x0000 | J1293: 41503 | L1293: =L1292+2 -> 2574
B1294: 1288 | E1294: JDSPRO | F1294: 0x00000A0E | G1294: AE_BLOCK_WEIGHT_0 | H1294: AE_BLOCK_WEIGHT_1 | I1294: ="0x"&AE_w_WORK!I13 -> 0x0000 | J1294: 41504 | L1294: =L1293+2 -> 2576
B1295: 1289 | E1295: JDSPRO | F1295: 0x00000A10 | G1295: AE_BLOCK_WEIGHT_0 | H1295: AE_BLOCK_WEIGHT_1 | I1295: ="0x"&AE_w_WORK!I14 -> 0x0000 | J1295: 41505 | L1295: =L1294+2 -> 2578
B1296: 1290 | E1296: JDSPRO | F1296: 0x00000A12 | G1296: AE_BLOCK_WEIGHT_0 | H1296: AE_BLOCK_WEIGHT_1 | I1296: ="0x"&AE_w_WORK!I15 -> 0x0000 | J1296: 41506 | L1296: =L1295+2 -> 2580
B1297: 1291 | E1297: JDSPRO | F1297: 0x00000A14 | G1297: AE_BLOCK_WEIGHT_0 | H1297: AE_BLOCK_WEIGHT_1 | I1297: ="0x"&AE_w_WORK!I16 -> 0x0000 | J1297: 41507 | L1297: =L1296+2 -> 2582
B1298: 1292 | E1298: JDSPRO | F1298: 0x00000A16 | G1298: AE_BLOCK_WEIGHT_0 | H1298: AE_BLOCK_WEIGHT_1 | I1298: ="0x"&AE_w_WORK!I17 -> 0x0000 | J1298: 41508 | L1298: =L1297+2 -> 2584
B1299: 1293 | E1299: JDSPRO | F1299: 0x00000A18 | G1299: AE_BLOCK_WEIGHT_0 | H1299: AE_BLOCK_WEIGHT_1 | I1299: ="0x"&AE_w_WORK!I18 -> 0x0000 | J1299: 41509 | L1299: =L1298+2 -> 2586
... B1542: 1536 | E1542: JDSPRO | F1542: 0x00000BFE | G1542: AE_BLOCK_WEIGHT_0 | H1542: AE_BLOCK_WEIGHT_1 | I1542: ="0x"&AE_w_WORK!I261 -> 0x0000 | J1542: 41752 | L1542: =L1541+2 -> 3072
B1543: 1537 | E1543: JDSPRO | F1543: 0x00000C00 | G1543: AE_BLOCK_WEIGHT_0 | H1543: AE_BLOCK_WEIGHT_1 | I1543: ="0x"&AE_w_WORK!J6 -> 0x0000 | J1543: 41753 | K1543: User setting weight table 1 | L1543: =L1542+2 -> 3074
B1544: 1538 | E1544: JDSPRO | F1544: 0x00000C02 | G1544: AE_BLOCK_WEIGHT_0 | H1544: AE_BLOCK_WEIGHT_1 | I1544: ="0x"&AE_w_WORK!J7 -> 0x0000 | J1544: 41754 | L1544: =L1543+2 -> 3076
B1545: 1539 | E1545: JDSPRO | F1545: 0x00000C04 | G1545: AE_BLOCK_WEIGHT_0 | H1545: AE_BLOCK_WEIGHT_1 | I1545: ="0x"&AE_w_WORK!J8 -> 0x0000 | J1545: 41755 | L1545: =L1544+2 -> 3078
B1546: 1540 | E1546: JDSPRO | F1546: 0x00000C06 | G1546: AE_BLOCK_WEIGHT_0 | H1546: AE_BLOCK_WEIGHT_1 | I1546: ="0x"&AE_w_WORK!J9 -> 0x0000 | J1546: 41756 | L1546: =L1545+2 -> 3080
B1547: 1541 | E1547: JDSPRO | F1547: 0x00000C08 | G1547: AE_BLOCK_WEIGHT_0 | H1547: AE_BLOCK_WEIGHT_1 | I1547: ="0x"&AE_w_WORK!J10 -> 0x0000 | J1547: 41757 | L1547: =L1546+2 -> 3082
B1548: 1542 | E1548: JDSPRO | F1548: 0x00000C0A | G1548: AE_BLOCK_WEIGHT_0 | H1548: AE_BLOCK_WEIGHT_1 | I1548: ="0x"&AE_w_WORK!J11 -> 0x0000 | J1548: 41758 | L1548: =L1547+2 -> 3084
B1549: 1543 | E1549: JDSPRO | F1549: 0x00000C0C | G1549: AE_BLOCK_WEIGHT_0 | H1549: AE_BLOCK_WEIGHT_1 | I1549: ="0x"&AE_w_WORK!J12 -> 0x0000 | J1549: 41759 | L1549: =L1548+2 -> 3086
B1550: 1544 | E1550: JDSPRO | F1550: 0x00000C0E | G1550: AE_BLOCK_WEIGHT_0 | H1550: AE_BLOCK_WEIGHT_1 | I1550: ="0x"&AE_w_WORK!J13 -> 0x0000 | J1550: 41760 | L1550: =L1549+2 -> 3088
B1551: 1545 | E1551: JDSPRO | F1551: 0x00000C10 | G1551: AE_BLOCK_WEIGHT_0 | H1551: AE_BLOCK_WEIGHT_1 | I1551: ="0x"&AE_w_WORK!J14 -> 0x0000 | J1551: 41761 | L1551: =L1550+2 -> 3090
B1552: 1546 | E1552: JDSPRO | F1552: 0x00000C12 | G1552: AE_BLOCK_WEIGHT_0 | H1552: AE_BLOCK_WEIGHT_1 | I1552: ="0x"&AE_w_WORK!J15 -> 0x0000 | J1552: 41762 | L1552: =L1551+2 -> 3092
B1553: 1547 | E1553: JDSPRO | F1553: 0x00000C14 | G1553: AE_BLOCK_WEIGHT_0 | H1553: AE_BLOCK_WEIGHT_1 | I1553: ="0x"&AE_w_WORK!J16 -> 0x0000 | J1553: 41763 | L1553: =L1552+2 -> 3094
B1554: 1548 | E1554: JDSPRO | F1554: 0x00000C16 | G1554: AE_BLOCK_WEIGHT_0 | H1554: AE_BLOCK_WEIGHT_1 | I1554: ="0x"&AE_w_WORK!J17 -> 0x0000 | J1554: 41764 | L1554: =L1553+2 -> 3096
B1555: 1549 | E1555: JDSPRO | F1555: 0x00000C18 | G1555: AE_BLOCK_WEIGHT_0 | H1555: AE_BLOCK_WEIGHT_1 | I1555: ="0x"&AE_w_WORK!J18 -> 0x0000 | J1555: 41765 | L1555: =L1554+2 -> 3098
...

Sheet ROM_WORK
B6: Whole of ROM structure | C6: Name of BIN file | D6: AE_WEIGHT_MAP.BIN | F6: Detail:Detail information cell name(At the jump destination)
C7: Name of Header file | D7: ae_weight_map.h | F7: Structures:Structure:1 = array, 2 = structure, 3 = Register map, 4 = Menber
C8: Name of Memory File | D8: ae_weight_map.c | F8: Siz: Size: When using array, size of basic type
C9: Memory Map Address | D9: 0x0 | F9: Number of parameter set:When using 2 dimensional array, Number of elements of output data arrays
C10: Nameof Section | D10: AE_WEIGHT_MAP_SECTION | F10: Number of complete set:When using 3 dimensional array, Number of elements of output data arrays
C11: Name of variable | D11: AE_WEIGHT_MEM
C12: Name of Structure | D12: _AE_Weight_map
C13: Name of RAM MAP Add. | D13: ram_map.h
K14: Init Value
B15: Name | C15: Address | D15: Name of Structure | E15: Name of member variable | F15: Detail | G15: Strucures | H15: Size | I15: Number of parameter set | J15: Number of complete set | K15: Sheet | L15: Cell
B16: AE Weight Table | C16: =VLOOKUP(B16,ROM_MAP!$C$1:$F$27535,4,FALSE) -> 0x00000000 | D16: _ae_weight | E16: AE_WEIGHT | F16: ="B"&ROW(B23) -> B23 | G16: 2 | I16: 10
B17: End Address + 1 | C17: =VLOOKUP(B17,ROM_MAP!$C$7:$F$27535,4,FALSE) -> 0x00001400
B19: Data for detail refer
B22: Detail of AE Weight Table structure
B23: AE Weight Table | C23: =VLOOKUP(B23,B16:C16,2,FALSE) -> 0x00000000 | D23: _ae_weight | E23: AE_W | G23: 1 | H23: 1 | I23: 1 | J23: 1
B24: End Address + 1 | C24: ="0x"&DEC2HEX(HEX2DEC(REPLACE(C23,1,2,""))+512,8) -> 0x00000200

Sheet AE_weight
A1: ikuze
A2: * Only the value of a black, bold above the line is reflected in "ROM_MAP"sheet. The value of a possible setting is 0-7. | AP2: =A1&"Work領域" -> ikuzeWork領域 | BB2: テーブル色塗り範囲指定
A3: 1.Center-weighted average 1 (Storage to ROM) | AP3: =A3 -> 1.Center-weighted average 1 (Storage to ROM) | BB3: 下限 | BC3: 上限
C4: 0 | D4: 1 | E4: 2 | F4: 3 | G4: 4 | H4: 5 | I4: 6 | J4: 7 | K4: 8 | L4: 9 | M4: 10 | N4: 11 | O4: 12 | P4: 13 | Q4: 14 | R4: 15 | S4: 16 | T4: 17 | U4: 18 | V4: 19 | W4: 20 | X4: 21 | Y4: 22 | Z4: 23 | AA4: 24 | AB4: 25 | AC4: 26 | AD4: 27 | AE4: 28 | AF4: 29 | AG4: 30 | AH4: 31 | AQ4: =C4&D4&E4&F4 -> 0123 | AR4: =G4&H4&I4&J4 -> 4567 | AS4: =K4&L4&M4&N4 -> 891011 | AT4: =O4&P4&Q4&R4 -> 12131415 | AU4: 16171819 | AV4: 20212223 | AW4: 24252627 | AX4: 28293031 | BB4: 15 | BC4: 15
B5: 0 | C5: 0 | D5: 0 | E5: 0 | F5: 0 | G5: 0 | H5: 0 | I5: 0 | J5: 0 | K5: 0 | L5: 0 | M5: 0 | N5: 0 | O5: 0 | P5: 0 | Q5: 0 | R5: 0 | S5: 0 | T5: 0 | U5: 0 | V5: 0 | W5: 0 | X5: 0 | Y5: 0 | Z5: 0 | AA5: 0 | AB5: 0 | AC5: 0 | AD5: 0 | AE5: 0 | AF5: 0 | AG5: 0 | AH5: 0 | AP5: =B5 -> 0 | AQ5: =DEC2HEX(C5)&DEC2HEX(D5)&DEC2HEX(E5)&DEC2HEX(F5) -> 0000 | AR5: =DEC2HEX(G5)&DEC2HEX(H5)&DEC2HEX(I5)&DEC2HEX(J5) -> 0000 | AS5: =DEC2HEX(K5)&DEC2HEX(L5)&DEC2HEX(M5)&DEC2HEX(N5) -> 0000 | AT5: =DEC2HEX(O5)&DEC2HEX(P5)&DEC2HEX(Q5)&DEC2HEX(R5) -> 0000 | AU5: =DEC2HEX(S5)&DEC2HEX(T5)&DEC2HEX(U5)&DEC2HEX(V5) -> 0000 | AV5: =DEC2HEX(W5)&DEC2HEX(X5)&DEC2HEX(Y5)&DEC2HEX(Z5) -> 0000 | AW5: =DEC2HEX(AA5)&DEC2HEX(AB5)&DEC2HEX(AC5)&DEC2HEX(AD5) -> 0000 | AX5: =DEC2HEX(AE5)&DEC2HEX(AF5)&DEC2HEX(AG5)&DEC2HEX(AH5) -> 0000 | BB5: 13 | BC5: 13
B6: 1 | C6: 0 | D6: 0 | E6: 0 | F6: 0 | G6: 0 | H6: 0 | I6: 0 | J6: 0 | K6: 0 | L6: 0 | M6: 0 | N6: 0 | O6: 1 | P6: 1 | Q6: 1 | R6: 1 | S6: 1 | T6: 1 | U6: 1 | V6: 1 | W6: 0 | X6: 0 | Y6: 0 | Z6: 0 | AA6: 0 | AB6: 0 | AC6: 0 | AD6: 0 | AE6: 0 | AF6: 0 | AG6: 0 | AH6: 0 | AP6: =B6 -> 1 | AQ6: =DEC2HEX(C6)&DEC2HEX(D6)&DEC2HEX(E6)&DEC2HEX(F6) -> 0000 | AR6: =DEC2HEX(G6)&DEC2HEX(H6)&DEC2HEX(I6)&DEC2HEX(J6) -> 0000 | AS6: =DEC2HEX(K6)&DEC2HEX(L6)&DEC2HEX(M6)&DEC2HEX(N6) -> 0000 | AT6: =DEC2HEX(O6)&DEC2HEX(P6)&DEC2HEX(Q6)&DEC2HEX(R6) -> 1111 | AU6: =DEC2HEX(S6)&DEC2HEX(T6)&DEC2HEX(U6)&DEC2HEX(V6) -> 1111 | AV6: =DEC2HEX(W6)&DEC2HEX(X6)&DEC2HEX(Y6)&DEC2HEX(Z6) -> 0000 | AW6: =DEC2HEX(AA6)&DEC2HEX(AB6)&DEC2HEX(AC6)&DEC2HEX(AD6) -> 0000 | AX6: =DEC2HEX(AE6)&DEC2HEX(AF6)&DEC2HEX(AG6)&DEC2HEX(AH6) -> 0000 | BB6: 11 | BC6: 11
B7: 2 | C7: 0 | D7: 0 | E7: 0 | F7: 0 | G7: 0 | H7: 0 | I7: 0 | J7: 0 | K7: 0 | L7: 0 | M7: 1 | N7: 1 | O7: 1 | P7: 1 | Q7: 1 | R7: 1 | S7: 1 | T7: 1 | U7: 1 | V7: 1 | W7: 1 | X7: 1 | Y7: 0 | Z7: 0 | AA7: 0 | AB7: 0 | AC7: 0 | AD7: 0 | AE7: 0 | AF7: 0 | AG7: 0 | AH7: 0 | AP7: =B7 -> 2 | AQ7: =DEC2HEX(C7)&DEC2HEX(D7)&DEC2HEX(E7)&DEC2HEX(F7) -> 0000 | AR7: =DEC2HEX(G7)&DEC2HEX(H7)&DEC2HEX(I7)&DEC2HEX(J7) -> 0000 | AS7: =DEC2HEX(K7)&DEC2HEX(L7)&DEC2HEX(M7)&DEC2HEX(N7) -> 0011 | AT7: =DEC2HEX(O7)&DEC2HEX(P7)&DEC2HEX(Q7)&DEC2HEX(R7) -> 1111 | AU7: =DEC2HEX(S7)&DEC2HEX(T7)&DEC2HEX(U7)&DEC2HEX(V7) -> 1111 | AV7: =DEC2HEX(W7)&DEC2HEX(X7)&DEC2HEX(Y7)&DEC2HEX(Z7) -> 1100 | AW7: =DEC2HEX(AA7)&DEC2HEX(AB7)&DEC2HEX(AC7)&DEC2HEX(AD7) -> 0000 | AX7: =DEC2HEX(AE7)&DEC2HEX(AF7)&DEC2HEX(AG7)&DEC2HEX(AH7) -> 0000 | BB7: 8 | BC7: 8
B8: 3 | C8: 0 | D8: 0 | E8: 0 | F8: 0 | G8: 0 | H8: 0 | I8: 0 | J8: 0 | K8: 1 | L8: 1 | M8: 1 | N8: 1 | O8: 1 | P8: 1 | Q8: 1 | R8: 1 | S8: 1 | T8: 1 | U8: 1 | V8: 1 | W8: 1 | X8: 1 | Y8: 1 | Z8: 1 | AA8: 0 | AB8: 0 | AC8: 0 | AD8: 0 | AE8: 0 | AF8: 0 | AG8: 0 | AH8: 0 | AP8: =B8 -> 3 | AQ8: =DEC2HEX(C8)&DEC2HEX(D8)&DEC2HEX(E8)&DEC2HEX(F8) -> 0000 | AR8: =DEC2HEX(G8)&DEC2HEX(H8)&DEC2HEX(I8)&DEC2HEX(J8) -> 0000 | AS8: =DEC2HEX(K8)&DEC2HEX(L8)&DEC2HEX(M8)&DEC2HEX(N8) -> 1111 | AT8: =DEC2HEX(O8)&DEC2HEX(P8)&DEC2HEX(Q8)&DEC2HEX(R8) -> 1111 | AU8: =DEC2HEX(S8)&DEC2HEX(T8)&DEC2HEX(U8)&DEC2HEX(V8) -> 1111 | AV8: =DEC2HEX(W8)&DEC2HEX(X8)&DEC2HEX(Y8)&DEC2HEX(Z8) -> 1111 | AW8: =DEC2HEX(AA8)&DEC2HEX(AB8)&DEC2HEX(AC8)&DEC2HEX(AD8) -> 0000 | AX8: =DEC2HEX(AE8)&DEC2HEX(AF8)&DEC2HEX(AG8)&DEC2HEX(AH8) -> 0000 | BB8: 6 | BC8: 6
B9: 4 | C9: 0 | D9: 0 | E9: 0 | F9: 0 | G9: 0 | H9: 0 | I9: 1 | J9: 1 | K9: 1 | L9: 1 | M9: 1 | N9: 1 | O9: 2 | P9: 2 | Q9: 2 | R9: 2 | S9: 2 | T9: 2 | U9: 2 | V9: 2 | W9: 1 | X9: 1 | Y9: 1 | Z9: 1 | AA9: 1 | AB9: 1 | AC9: 0 | AD9: 0 | AE9: 0 | AF9: 0 | AG9: 0 | AH9: 0 | AP9: =B9 -> 4 | AQ9: =DEC2HEX(C9)&DEC2HEX(D9)&DEC2HEX(E9)&DEC2HEX(F9) -> 0000 | AR9: =DEC2HEX(G9)&DEC2HEX(H9)&DEC2HEX(I9)&DEC2HEX(J9) -> 0011 | AS9: =DEC2HEX(K9)&DEC2HEX(L9)&DEC2HEX(M9)&DEC2HEX(N9) -> 1111 | AT9: =DEC2HEX(O9)&DEC2HEX(P9)&DEC2HEX(Q9)&DEC2HEX(R9) -> 2222 | AU9: =DEC2HEX(S9)&DEC2HEX(T9)&DEC2HEX(U9)&DEC2HEX(V9) -> 2222 | AV9: =DEC2HEX(W9)&DEC2HEX(X9)&DEC2HEX(Y9)&DEC2HEX(Z9) -> 1111 | AW9: =DEC2HEX(AA9)&DEC2HEX(AB9)&DEC2HEX(AC9)&DEC2HEX(AD9) -> 1100 | AX9: =DEC2HEX(AE9)&DEC2HEX(AF9)&DEC2HEX(AG9)&DEC2HEX(AH9) -> 0000 | BB9: 4 | BC9: 4
B10: 5 | C10: 0 | D10: 0 | E10: 0 | F10: 0 | G10: 0 | H10: 0 | I10: 1 | J10: 1 | K10: 1 | L10: 1 | M10: 2 | N10: 2 | O10: 2 | P10: 2 | Q10: 2 | R10: 2 | S10: 2 | T10: 2 | U10: 2 | V10: 2 | W10: 2 | X10: 2 | Y10: 1 | Z10: 1 | AA10: 1 | AB10: 1 | AC10: 0 | AD10: 0 | AE10: 0 | AF10: 0 | AG10: 0 | AH10: 0 | AP10: =B10 -> 5 | AQ10: =DEC2HEX(C10)&DEC2HEX(D10)&DEC2HEX(E10)&DEC2HEX(F10) -> 0000 | AR10: =DEC2HEX(G10)&DEC2HEX(H10)&DEC2HEX(I10)&DEC2HEX(J10) -> 0011 | AS10: =DEC2HEX(K10)&DEC2HEX(L10)&DEC2HEX(M10)&DEC2HEX(N10) -> 1122 | AT10: =DEC2HEX(O10)&DEC2HEX(P10)&DEC2HEX(Q10)&DEC2HEX(R10) -> 2222 | AU10: =DEC2HEX(S10)&DEC2HEX(T10)&DEC2HEX(U10)&DEC2HEX(V10) -> 2222 | AV10: =DEC2HEX(W10)&DEC2HEX(X10)&DEC2HEX(Y10)&DEC2HEX(Z10) -> 2211 | AW10: =DEC2HEX(AA10)&DEC2HEX(AB10)&DEC2HEX(AC10)&DEC2HEX(AD10) -> 1100 | AX10: =DEC2HEX(AE10)&DEC2HEX(AF10)&DEC2HEX(AG10)&DEC2HEX(AH10) -> 0000 | BB10: 2 | BC10: 3
B11: 6 | C11: 0 | D11: 0 | E11: 0 | F11: 0 | G11: 1 | H11: 1 | I11: 1 | J11: 1 | K11: 2 | L11: 2 | M11: 2 | N11: 2 | O11: 2 | P11: 2 | Q11: 3 | R11: 3 | S11: 3 | T11: 3 | U11: 2 | V11: 2 | W11: 2 | X11: 2 | Y11: 2 | Z11: 2 | AA11: 1 | AB11: 1 | AC11: 1 | AD11: 1 | AE11: 0 | AF11: 0 | AG11: 0 | AH11: 0 | AP11: =B11 -> 6 | AQ11: =DEC2HEX(C11)&DEC2HEX(D11)&DEC2HEX(E11)&DEC2HEX(F11) -> 0000 | AR11: =DEC2HEX(G11)&DEC2HEX(H11)&DEC2HEX(I11)&DEC2HEX(J11) -> 1111 | AS11: =DEC2HEX(K11)&DEC2HEX(L11)&DEC2HEX(M11)&DEC2HEX(N11) -> 2222 | AT11: =DEC2HEX(O11)&DEC2HEX(P11)&DEC2HEX(Q11)&DEC2HEX(R11) -> 2233 | AU11: =DEC2HEX(S11)&DEC2HEX(T11)&DEC2HEX(U11)&DEC2HEX(V11) -> 3322 | AV11: =DEC2HEX(W11)&DEC2HEX(X11)&DEC2HEX(Y11)&DEC2HEX(Z11) -> 2222 | AW11: =DEC2HEX(AA11)&DEC2HEX(AB11)&DEC2HEX(AC11)&DEC2HEX(AD11) -> 1111 | AX11: =DEC2HEX(AE11)&DEC2HEX(AF11)&DEC2HEX(AG11)&DEC2HEX(AH11) -> 0000 | BB11: 1 | BC11: 1
B12: 7 | C12: 0 | D12: 0 | E12: 0 | F12: 0 | G12: 1 | H12: 1 | I12: 1 | J12: 1 | K12: 2 | L12: 2 | M12: 2 | N12: 2 | O12: 3 | P12: 3 | Q12: 4 | R12: 4 | S12: 3 | T12: 3 | U12: 4 | V12: 4 | W12: 2 | X12: 2 | Y12: 2 | Z12: 2 | AA12: 1 | AB12: 1 | AC12: 1 | AD12: 1 | AE12: 0 | AF12: 0 | AG12: 0 | AH12: 0 | AP12: =B12 -> 7 | AQ12: =DEC2HEX(C12)&DEC2HEX(D12)&DEC2HEX(E12)&DEC2HEX(F12) -> 0000 | AR12: =DEC2HEX(G12)&DEC2HEX(H12)&DEC2HEX(I12)&DEC2HEX(J12) -> 1111 | AS12: =DEC2HEX(K12)&DEC2HEX(L12)&DEC2HEX(M12)&DEC2HEX(N12) -> 2222 | AT12: =DEC2HEX(O12)&DEC2HEX(P12)&DEC2HEX(Q12)&DEC2HEX(R12) -> 3344 | AU12: =DEC2HEX(S12)&DEC2HEX(T12)&DEC2HEX(U12)&DEC2HEX(V12) -> 3344 | AV12: =DEC2HEX(W12)&DEC2HEX(X12)&DEC2HEX(Y12)&DEC2HEX(Z12) -> 2222 | AW12: =DEC2HEX(AA12)&DEC2HEX(AB12)&DEC2HEX(AC12)&DEC2HEX(AD12) -> 1111 | AX12: =DEC2HEX(AE12)&DEC2HEX(AF12)&DEC2HEX(AG12)&DEC2HEX(AH12) -> 0000
B13: 8 | C13: 0 | D13: 0 | E13: 1 | F13: 1 | G13: 1 | H13: 1 | I13: 2 | J13: 2 | K13: 2 | L13: 2 | M13: 3 | N13: 3 | O13: 3 | P13: 3 | Q13: 4 | R13: 4 | S13: 4 | T13: 4 | U13: 3 | V13: 3 | W13: 3 | X13: 3 | Y13: 2 | Z13: 2 | AA13: 2 | AB13: 2 | AC13: 1 | AD13: 1 | AE13: 1 | AF13: 1 | AG13: 0 | AH13: 0 | AP13: =B13 -> 8 | AQ13: =DEC2HEX(C13)&DEC2HEX(D13)&DEC2HEX(E13)&DEC2HEX(F13) -> 0011 | AR13: =DEC2HEX(G13)&DEC2HEX(H13)&DEC2HEX(I13)&DEC2HEX(J13) -> 1122 | AS13: =DEC2HEX(K13)&DEC2HEX(L13)&DEC2HEX(M13)&DEC2HEX(N13) -> 2233 | AT13: =DEC2HEX(O13)&DEC2HEX(P13)&DEC2HEX(Q13)&DEC2HEX(R13) -> 3344 | AU13: =DEC2HEX(S13)&DEC2HEX(T13)&DEC2HEX(U13)&DEC2HEX(V13) -> 4433 | AV13: =DEC2HEX(W13)&DEC2HEX(X13)&DEC2HEX(Y13)&DEC2HEX(Z13) -> 3322 | AW13: =DEC2HEX(AA13)&DEC2HEX(AB13)&DEC2HEX(AC13)&DEC2HEX(AD13) -> 2211 | AX13: =DEC2HEX(AE13)&DEC2HEX(AF13)&DEC2HEX(AG13)&DEC2HEX(AH13) -> 1100 | BB13: 重み係数指定
B14: 9 | C14: 0 | D14: 0 | E14: 1 | F14: 1 | G14: 1 | H14: 1 | I14: 2 | J14: 2 | K14: 3 | L14: 3 | M14: 3 | N14: 3 | O14: 4 | P14: 4 | Q14: 4 | R14: 4 | S14: 4 | T14: 4 | U14: 4 | V14: 4 | W14: 3 | X14: 3 | Y14: 3 | Z14: 3 | AA14: 2 | AB14: 2 | AC14: 1 | AD14: 1 | AE14: 1 | AF14: 1 | AG14: 0 | AH14: 0 | AP14: =B14 -> 9 | AQ14: =DEC2HEX(C14)&DEC2HEX(D14)&DEC2HEX(E14)&DEC2HEX(F14) -> 0011 | AR14: =DEC2HEX(G14)&DEC2HEX(H14)&DEC2HEX(I14)&DEC2HEX(J14) -> 1122 | AS14: =DEC2HEX(K14)&DEC2HEX(L14)&DEC2HEX(M14)&DEC2HEX(N14) -> 3333 | AT14: =DEC2HEX(O14)&DEC2HEX(P14)&DEC2HEX(Q14)&DEC2HEX(R14) -> 4444 | AU14: =DEC2HEX(S14)&DEC2HEX(T14)&DEC2HEX(U14)&DEC2HEX(V14) -> 4444 | AV14: =DEC2HEX(W14)&DEC2HEX(X14)&DEC2HEX(Y14)&DEC2HEX(Z14) -> 3333 | AW14: =DEC2HEX(AA14)&DEC2HEX(AB14)&DEC2HEX(AC14)&DEC2HEX(AD14) -> 2211 | AX14: =DEC2HEX(AE14)&DEC2HEX(AF14)&DEC2HEX(AG14)&DEC2HEX(AH14) -> 1100 | BB14: 設定値 | BC14: 重み係数
B15: 10 | C15: 0 | D15: 0 | E15: 1 | F15: 1 | G15: 2 | H15: 2 | I15: 2 | J15: 2 | K15: 3 | L15: 3 | M15: 4 | N15: 4 | O15: 4 | P15: 4 | Q15: 5 | R15: 5 | S15: 5 | T15: 5 | U15: 4 | V15: 4 | W15: 4 | X15: 4 | Y15: 3 | Z15: 3 | AA15: 2 | AB15: 2 | AC15: 2 | AD15: 2 | AE15: 1 | AF15: 1 | AG15: 0 | AH15: 0 | AP15: =B15 -> 10 | AQ15: =DEC2HEX(C15)&DEC2HEX(D15)&DEC2HEX(E15)&DEC2HEX(F15) -> 0011 | AR15: =DEC2HEX(G15)&DEC2HEX(H15)&DEC2HEX(I15)&DEC2HEX(J15) -> 2222 | AS15: =DEC2HEX(K15)&DEC2HEX(L15)&DEC2HEX(M15)&DEC2HEX(N15) -> 3344 | AT15: =DEC2HEX(O15)&DEC2HEX(P15)&DEC2HEX(Q15)&DEC2HEX(R15) -> 4455 | AU15: =DEC2HEX(S15)&DEC2HEX(T15)&DEC2HEX(U15)&DEC2HEX(V15) -> 5544 | AV15: =DEC2HEX(W15)&DEC2HEX(X15)&DEC2HEX(Y15)&DEC2HEX(Z15) -> 4433 | AW15: =DEC2HEX(AA15)&DEC2HEX(AB15)&DEC2HEX(AC15)&DEC2HEX(AD15) -> 2222 | AX15: =DEC2HEX(AE15)&DEC2HEX(AF15)&DEC2HEX(AG15)&DEC2HEX(AH15) -> 1100 | BB15: 0 | BC15: 積算しない
B16: 11 | C16: 0 | D16: 0 | E16: 1 | F16: 1 | G16: 2 | H16: 2 | I16: 3 | J16: 3 | K16: 4 | L16: 4 | M16: 4 | N16: 4 | O16: 5 | P16: 5 | Q16: 5 | R16: 5 | S16: 5 | T16: 5 | U16: 5 | V16: 5 | W16: 4 | X16: 4 | Y16: 4 | Z16: 4 | AA16: 3 | AB16: 3 | AC16: 2 | AD16: 2 | AE16: 1 | AF16: 1 | AG16: 0 | AH16: 0 | AP16: =B16 -> 11 | AQ16: =DEC2HEX(C16)&DEC2HEX(D16)&DEC2HEX(E16)&DEC2HEX(F16) -> 0011 | AR16: =DEC2HEX(G16)&DEC2HEX(H16)&DEC2HEX(I16)&DEC2HEX(J16) -> 2233 | AS16: =DEC2HEX(K16)&DEC2HEX(L16)&DEC2HEX(M16)&DEC2HEX(N16) -> 4444 | AT16: =DEC2HEX(O16)&DEC2HEX(P16)&DEC2HEX(Q16)&DEC2HEX(R16) -> 5555 | AU16: =DEC2HEX(S16)&DEC2HEX(T16)&DEC2HEX(U16)&DEC2HEX(V16) -> 5555 | AV16: =DEC2HEX(W16)&DEC2HEX(X16)&DEC2HEX(Y16)&DEC2HEX(Z16) -> 4444 | AW16: =DEC2HEX(AA16)&DEC2HEX(AB16)&DEC2HEX(AC16)&DEC2HEX(AD16) -> 3322 | AX16: =DEC2HEX(AE16)&DEC2HEX(AF16)&DEC2HEX(AG16)&DEC2HEX(AH16) -> 1100 | BB16: 1 | BC16: 積算結果 * 1/16
B17: 12 | C17: 0 | D17: 0 | E17: 1 | F17: 1 | G17: 2 | H17: 2 | I17: 3 | J17: 3 | K17: 4 | L17: 4 | M17: 5 | N17: 5 | O17: 5 | P17: 5 | Q17: 5 | R17: 5 | S17: 5 | T17: 5 | U17: 5 | V17: 5 | W17: 5 | X17: 5 | Y17: 4 | Z17: 4 | AA17: 3 | AB17: 3 | AC17: 2 | AD17: 2 | AE17: 1 | AF17: 1 | AG17: 0 | AH17: 0 | AP17: =B17 -> 12 | AQ17: =DEC2HEX(C17)&DEC2HEX(D17)&DEC2HEX(E17)&DEC2HEX(F17) -> 0011 | AR17: =DEC2HEX(G17)&DEC2HEX(H17)&DEC2HEX(I17)&DEC2HEX(J17) -> 2233 | AS17: =DEC2HEX(K17)&DEC2HEX(L17)&DEC2HEX(M17)&DEC2HEX(N17) -> 4455 | AT17: =DEC2HEX(O17)&DEC2HEX(P17)&DEC2HEX(Q17)&DEC2HEX(R17) -> 5555 | AU17: =DEC2HEX(S17)&DEC2HEX(T17)&DEC2HEX(U17)&DEC2HEX(V17) -> 5555 | AV17: =DEC2HEX(W17)&DEC2HEX(X17)&DEC2HEX(Y17)&DEC2HEX(Z17) -> 5544 | AW17: =DEC2HEX(AA17)&DEC2HEX(AB17)&DEC2HEX(AC17)&DEC2HEX(AD17) -> 3322 | AX17: =DEC2HEX(AE17)&DEC2HEX(AF17)&DEC2HEX(AG17)&DEC2HEX(AH17) -> 1100 | BB17: 2 | BC17: 積算結果 * 2/16
B18: 13 | C18: 0 | D18: 0 | E18: 1 | F18: 1 | G18: 2 | H18: 2 | I18: 3 | J18: 3 | K18: 4 | L18: 4 | M18: 5 | N18: 5 | O18: 5 | P18: 5 | Q18: 5 | R18: 5 | S18: 5 | T18: 5 | U18: 5 | V18: 5 | W18: 5 | X18: 5 | Y18: 4 | Z18: 4 | AA18: 3 | AB18: 3 | AC18: 2 | AD18: 2 | AE18: 1 | AF18: 1 | AG18: 0 | AH18: 0 | AP18: =B18 -> 13 | AQ18: =DEC2HEX(C18)&DEC2HEX(D18)&DEC2HEX(E18)&DEC2HEX(F18) -> 0011 | AR18: =DEC2HEX(G18)&DEC2HEX(H18)&DEC2HEX(I18)&DEC2HEX(J18) -> 2233 | AS18: =DEC2HEX(K18)&DEC2HEX(L18)&DEC2HEX(M18)&DEC2HEX(N18) -> 4455 | AT18: =DEC2HEX(O18)&DEC2HEX(P18)&DEC2HEX(Q18)&DEC2HEX(R18) -> 5555 | AU18: =DEC2HEX(S18)&DEC2HEX(T18)&DEC2HEX(U18)&DEC2HEX(V18) -> 5555 | AV18: =DEC2HEX(W18)&DEC2HEX(X18)&DEC2HEX(Y18)&DEC2HEX(Z18) -> 5544 | AW18: =DEC2HEX(AA18)&DEC2HEX(AB18)&DEC2HEX(AC18)&DEC2HEX(AD18) -> 3322 | AX18: =DEC2HEX(AE18)&DEC2HEX(AF18)&DEC2HEX(AG18)&DEC2HEX(AH18) -> 1100 | BB18: 3 | BC18: 積算結果 * 3/16
B19: 14 | C19: 0 | D19: 0 | E19: 1 | F19: 1 | G19: 2 | H19: 2 | I19: 3 | J19: 3 | K19: 4 | L19: 4 | M19: 5 | N19: 5 | O19: 5 | P19: 5 | Q19: 5 | R19: 5 | S19: 5 | T19: 5 | U19: 5 | V19: 5 | W19: 5 | X19: 5 | Y19: 4 | Z19: 4 | AA19: 4 | AB19: 4 | AC19: 2 | AD19: 2 | AE19: 1 | AF19: 1 | AG19: 0 | AH19: 0 | AP19: =B19 -> 14 | AQ19: =DEC2HEX(C19)&DEC2HEX(D19)&DEC2HEX(E19)&DEC2HEX(F19) -> 0011 | AR19: =DEC2HEX(G19)&DEC2HEX(H19)&DEC2HEX(I19)&DEC2HEX(J19) -> 2233 | AS19: =DEC2HEX(K19)&DEC2HEX(L19)&DEC2HEX(M19)&DEC2HEX(N19) -> 4455 | AT19: =DEC2HEX(O19)&DEC2HEX(P19)&DEC2HEX(Q19)&DEC2HEX(R19) -> 5555 | AU19: =DEC2HEX(S19)&DEC2HEX(T19)&DEC2HEX(U19)&DEC2HEX(V19) -> 5555 | AV19: =DEC2HEX(W19)&DEC2HEX(X19)&DEC2HEX(Y19)&DEC2HEX(Z19) -> 5544 | AW19: =DEC2HEX(AA19)&DEC2HEX(AB19)&DEC2HEX(AC19)&DEC2HEX(AD19) -> 4422 | AX19: =DEC2HEX(AE19)&DEC2HEX(AF19)&DEC2HEX(AG19)&DEC2HEX(AH19) -> 1100 | BB19: 4 | BC19: 積算結果 * 4/16
B20: 15 | C20: 0 | D20: 0 | E20: 1 | F20: 1 | G20: 2 | H20: 2 | I20: 4 | J20: 4 | K20: 4 | L20: 4 | M20: 5 | N20: 5 | O20: 5 | P20: 5 | Q20: 5 | R20: 5 | S20: 5 | T20: 5 | U20: 5 | V20: 5 | W20: 5 | X20: 5 | Y20: 4 | Z20: 4 | AA20: 3 | AB20: 3 | AC20: 2 | AD20: 2 | AE20: 1 | AF20: 1 | AG20: 0 | AH20: 0 | AP20: =B20 -> 15 | AQ20: =DEC2HEX(C20)&DEC2HEX(D20)&DEC2HEX(E20)&DEC2HEX(F20) -> 0011 | AR20: =DEC2HEX(G20)&DEC2HEX(H20)&DEC2HEX(I20)&DEC2HEX(J20) -> 2244 | AS20: =DEC2HEX(K20)&DEC2HEX(L20)&DEC2HEX(M20)&DEC2HEX(N20) -> 4455 | AT20: =DEC2HEX(O20)&DEC2HEX(P20)&DEC2HEX(Q20)&DEC2HEX(R20) -> 5555 | AU20: =DEC2HEX(S20)&DEC2HEX(T20)&DEC2HEX(U20)&DEC2HEX(V20) -> 5555 | AV20: =DEC2HEX(W20)&DEC2HEX(X20)&DEC2HEX(Y20)&DEC2HEX(Z20) -> 5544 | AW20: =DEC2HEX(AA20)&DEC2HEX(AB20)&DEC2HEX(AC20)&DEC2HEX(AD20) -> 3322 | AX20: =DEC2HEX(AE20)&DEC2HEX(AF20)&DEC2HEX(AG20)&DEC2HEX(AH20) -> 1100 | BB20: 5 | BC20: 積算結果 * 5/16
B21: 16 | C21: 0 | D21: 0 | E21: 1 | F21: 1 | G21: 2 | H21: 2 | I21: 3 | J21: 3 | K21: 4 | L21: 4 | M21: 5 | N21: 5 | O21: 5 | P21: 5 | Q21: 5 | R21: 5 | S21: 5 | T21: 5 | U21: 5 | V21: 5 | W21: 5 | X21: 5 | Y21: 4 | Z21: 4 | AA21: 4 | AB21: 4 | AC21: 2 | AD21: 2 | AE21: 1 | AF21: 1 | AG21: 0 | AH21: 0 | AP21: =B21 -> 16 | AQ21: =DEC2HEX(C21)&DEC2HEX(D21)&DEC2HEX(E21)&DEC2HEX(F21) -> 0011 | AR21: =DEC2HEX(G21)&DEC2HEX(H21)&DEC2HEX(I21)&DEC2HEX(J21) -> 2233 | AS21: =DEC2HEX(K21)&DEC2HEX(L21)&DEC2HEX(M21)&DEC2HEX(N21) -> 4455 | AT21: =DEC2HEX(O21)&DEC2HEX(P21)&DEC2HEX(Q21)&DEC2HEX(R21) -> 5555 | AU21: =DEC2HEX(S21)&DEC2HEX(T21)&DEC2HEX(U21)&DEC2HEX(V21) -> 5555 | AV21: =DEC2HEX(W21)&DEC2HEX(X21)&DEC2HEX(Y21)&DEC2HEX(Z21) -> 5544 | AW21: =DEC2HEX(AA21)&DEC2HEX(AB21)&DEC2HEX(AC21)&DEC2HEX(AD21) -> 4422 | AX21: =DEC2HEX(AE21)&DEC2HEX(AF21)&DEC2HEX(AG21)&DEC2HEX(AH21) -> 1100 | BB21: 6 | BC21: 積算結果 * 6/16
B22: 17 | C22: 0 | D22: 0 | E22: 1 | F22: 1 | G22: 2 | H22: 2 | I22: 4 | J22: 4 | K22: 4 | L22: 4 | M22: 5 | N22: 5 | O22: 5 | P22: 5 | Q22: 5 | R22: 5 | S22: 5 | T22: 5 | U22: 5 | V22: 5 | W22: 5 | X22: 5 | Y22: 4 | Z22: 4 | AA22: 3 | AB22: 3 | AC22: 2 | AD22: 2 | AE22: 1 | AF22: 1 | AG22: 0 | AH22: 0 | AP22: =B22 -> 17 | AQ22: =DEC2HEX(C22)&DEC2HEX(D22)&DEC2HEX(E22)&DEC2HEX(F22) -> 0011 | AR22: =DEC2HEX(G22)&DEC2HEX(H22)&DEC2HEX(I22)&DEC2HEX(J22) -> 2244 | AS22: =DEC2HEX(K22)&DEC2HEX(L22)&DEC2HEX(M22)&DEC2HEX(N22) -> 4455 | AT22: =DEC2HEX(O22)&DEC2HEX(P22)&DEC2HEX(Q22)&DEC2HEX(R22) -> 5555 | AU22: =DEC2HEX(S22)&DEC2HEX(T22)&DEC2HEX(U22)&DEC2HEX(V22) -> 5555 | AV22: =DEC2HEX(W22)&DEC2HEX(X22)&DEC2HEX(Y22)&DEC2HEX(Z22) -> 5544 | AW22: =DEC2HEX(AA22)&DEC2HEX(AB22)&DEC2HEX(AC22)&DEC2HEX(AD22) -> 3322 | AX22: =DEC2HEX(AE22)&DEC2HEX(AF22)&DEC2HEX(AG22)&DEC2HEX(AH22) -> 1100 | BB22: 7 | BC22: 積算結果 * 7/16
B23: 18 | C23: 0 | D23: 0 | E23: 1 | F23: 1 | G23: 2 | H23: 2 | I23: 3 | J23: 3 | K23: 4 | L23: 4 | M23: 5 | N23: 5 | O23: 5 | P23: 5 | Q23: 5 | R23: 5 | S23: 5 | T23: 5 | U23: 5 | V23: 5 | W23: 5 | X23: 5 | Y23: 4 | Z23: 4 | AA23: 3 | AB23: 3 | AC23: 2 | AD23: 2 | AE23: 1 | AF23: 1 | AG23: 0 | AH23: 0 | AP23: =B23 -> 18 | AQ23: =DEC2HEX(C23)&DEC2HEX(D23)&DEC2HEX(E23)&DEC2HEX(F23) -> 0011 | AR23: =DEC2HEX(G23)&DEC2HEX(H23)&DEC2HEX(I23)&DEC2HEX(J23) -> 2233 | AS23: =DEC2HEX(K23)&DEC2HEX(L23)&DEC2HEX(M23)&DEC2HEX(N23) -> 4455 | AT23: =DEC2HEX(O23)&DEC2HEX(P23)&DEC2HEX(Q23)&DEC2HEX(R23) -> 5555 | AU23: =DEC2HEX(S23)&DEC2HEX(T23)&DEC2HEX(U23)&DEC2HEX(V23) -> 5555 | AV23: =DEC2HEX(W23)&DEC2HEX(X23)&DEC2HEX(Y23)&DEC2HEX(Z23) -> 5544 | AW23: =DEC2HEX(AA23)&DEC2HEX(AB23)&DEC2HEX(AC23)&DEC2HEX(AD23) -> 3322 | AX23: =DEC2HEX(AE23)&DEC2HEX(AF23)&DEC2HEX(AG23)&DEC2HEX(AH23) -> 1100 | BB23: 8 | BC23: 積算結果 * 8/16
B24: 19 | C24: 0 | D24: 0 | E24: 1 | F24: 1 | G24: 2 | H24: 2 | I24: 3 | J24: 3 | K24: 4 | L24: 4 | M24: 5 | N24: 5 | O24: 5 | P24: 5 | Q24: 5 | R24: 5 | S24: 5 | T24: 5 | U24: 5 | V24: 5 | W24: 5 | X24: 5 | Y24: 4 | Z24: 4 | AA24: 3 | AB24: 3 | AC24: 2 | AD24: 2 | AE24: 1 | AF24: 1 | AG24: 0 | AH24: 0 | AP24: =B24 -> 19 | AQ24: =DEC2HEX(C24)&DEC2HEX(D24)&DEC2HEX(E24)&DEC2HEX(F24) -> 0011 | AR24: =DEC2HEX(G24)&DEC2HEX(H24)&DEC2HEX(I24)&DEC2HEX(J24) -> 2233 | AS24: =DEC2HEX(K24)&DEC2HEX(L24)&DEC2HEX(M24)&DEC2HEX(N24) -> 4455 | AT24: =DEC2HEX(O24)&DEC2HEX(P24)&DEC2HEX(Q24)&DEC2HEX(R24) -> 5555 | AU24: =DEC2HEX(S24)&DEC2HEX(T24)&DEC2HEX(U24)&DEC2HEX(V24) -> 5555 | AV24: =DEC2HEX(W24)&DEC2HEX(X24)&DEC2HEX(Y24)&DEC2HEX(Z24) -> 5544 | AW24: =DEC2HEX(AA24)&DEC2HEX(AB24)&DEC2HEX(AC24)&DEC2HEX(AD24) -> 3322 | AX24: =DEC2HEX(AE24)&DEC2HEX(AF24)&DEC2HEX(AG24)&DEC2HEX(AH24) -> 1100 | BB24: 9 | BC24: 積算結果 * 9/16
B25: 20 | C25: 0 | D25: 0 | E25: 1 | F25: 1 | G25: 2 | H25: 2 | I25: 3 | J25: 3 | K25: 4 | L25: 4 | M25: 4 | N25: 4 | O25: 5 | P25: 5 | Q25: 5 | R25: 5 | S25: 5 | T25: 5 | U25: 5 | V25: 5 | W25: 4 | X25: 4 | Y25: 4 | Z25: 4 | AA25: 3 | AB25: 3 | AC25: 2 | AD25: 2 | AE25: 1 | AF25: 1 | AG25: 0 | AH25: 0 | AP25: =B25 -> 20 | AQ25: =DEC2HEX(C25)&DEC2HEX(D25)&DEC2HEX(E25)&DEC2HEX(F25) -> 0011 | AR25: =DEC2HEX(G25)&DEC2HEX(H25)&DEC2HEX(I25)&DEC2HEX(J25) -> 2233 | AS25: =DEC2HEX(K25)&DEC2HEX(L25)&DEC2HEX(M25)&DEC2HEX(N25) -> 4444 | AT25: =DEC2HEX(O25)&DEC2HEX(P25)&DEC2HEX(Q25)&DEC2HEX(R25) -> 5555 | AU25: =DEC2HEX(S25)&DEC2HEX(T25)&DEC2HEX(U25)&DEC2HEX(V25) -> 5555 | AV25: =DEC2HEX(W25)&DEC2HEX(X25)&DEC2HEX(Y25)&DEC2HEX(Z25) -> 4444 | AW25: =DEC2HEX(AA25)&DEC2HEX(AB25)&DEC2HEX(AC25)&DEC2HEX(AD25) -> 3322 | AX25: =DEC2HEX(AE25)&DEC2HEX(AF25)&DEC2HEX(AG25)&DEC2HEX(AH25) -> 1100 | BB25: 10 | BC25: 積算結果 * 10/16
B26: 21 | C26: 0 | D26: 0 | E26: 1 | F26: 1 | G26: 2 | H26: 2 | I26: 2 | J26: 2 | K26: 3 | L26: 3 | M26: 4 | N26: 4 | O26: 4 | P26: 4 | Q26: 5 | R26: 5 | S26: 5 | T26: 5 | U26: 4 | V26: 4 | W26: 4 | X26: 4 | Y26: 3 | Z26: 3 | AA26: 2 | AB26: 2 | AC26: 2 | AD26: 2 | AE26: 1 | AF26: 1 | AG26: 0 | AH26: 0 | AP26: =B26 -> 21 | AQ26: =DEC2HEX(C26)&DEC2HEX(D26)&DEC2HEX(E26)&DEC2HEX(F26) -> 0011 | AR26: =DEC2HEX(G26)&DEC2HEX(H26)&DEC2HEX(I26)&DEC2HEX(J26) -> 2222 | AS26: =DEC2HEX(K26)&DEC2HEX(L26)&DEC2HEX(M26)&DEC2HEX(N26) -> 3344 | AT26: =DEC2HEX(O26)&DEC2HEX(P26)&DEC2HEX(Q26)&DEC2HEX(R26) -> 4455 | AU26: =DEC2HEX(S26)&DEC2HEX(T26)&DEC2HEX(U26)&DEC2HEX(V26) -> 5544 | AV26: =DEC2HEX(W26)&DEC2HEX(X26)&DEC2HEX(Y26)&DEC2HEX(Z26) -> 4433 | AW26: =DEC2HEX(AA26)&DEC2HEX(AB26)&DEC2HEX(AC26)&DEC2HEX(AD26) -> 2222 | AX26: =DEC2HEX(AE26)&DEC2HEX(AF26)&DEC2HEX(AG26)&DEC2HEX(AH26) -> 1100 | BB26: 11 | BC26: 積算結果 * 11/16
... B30: 25 | C30: 0 | D30: 0 | E30: 0 | F30: 0 | G30: 1 | H30: 1 | I30: 1 | J30: 1 | K30: 2 | L30: 2 | M30: 2 | N30: 2 | O30: 2 | P30: 2 | Q30: 3 | R30: 3 | S30: 3 | T30: 3 | U30: 2 | V30: 2 | W30: 2 | X30: 2 | Y30: 2 | Z30: 2 | AA30: 1 | AB30: 1 | AC30: 1 | AD30: 1 | AE30: 0 | AF30: 0 | AG30: 0 | AH30: 0 | AP30: =B30 -> 25 | AQ30: =DEC2HEX(C30)&DEC2HEX(D30)&DEC2HEX(E30)&DEC2HEX(F30) -> 0000 | AR30: =DEC2HEX(G30)&DEC2HEX(H30)&DEC2HEX(I30)&DEC2HEX(J30) -> 1111 | AS30: =DEC2HEX(K30)&DEC2HEX(L30)&DEC2HEX(M30)&DEC2HEX(N30) -> 2222 | AT30: =DEC2HEX(O30)&DEC2HEX(P30)&DEC2HEX(Q30)&DEC2HEX(R30) -> 2233 | AU30: =DEC2HEX(S30)&DEC2HEX(T30)&DEC2HEX(U30)&DEC2HEX(V30) -> 3322 | AV30: =DEC2HEX(W30)&DEC2HEX(X30)&DEC2HEX(Y30)&DEC2HEX(Z30) -> 2222 | AW30: =DEC2HEX(AA30)&DEC2HEX(AB30)&DEC2HEX(AC30)&DEC2HEX(AD30) -> 1111 | AX30: =DEC2HEX(AE30)&DEC2HEX(AF30)&DEC2HEX(AG30)&DEC2HEX(AH30) -> 0000 | BB30: 15 | BC30: 積算結果 * 15/16
B31: 26 | C31: 0 | D31: 0 | E31: 0 | F31: 0 | G31: 0 | H31: 0 | I31: 1 | J31: 1 | K31: 1 | L31: 1 | M31: 2 | N31: 2 | O31: 2 | P31: 2 | Q31: 2 | R31: 2 | S31: 2 | T31: 2 | U31: 2 | V31: 2 | W31: 2 | X31: 2 | Y31: 1 | Z31: 1 | AA31: 1 | AB31: 1 | AC31: 0 | AD31: 0 | AE31: 0 | AF31: 0 | AG31: 0 | AH31: 0 | AP31: =B31 -> 26 | AQ31: =DEC2HEX(C31)&DEC2HEX(D31)&DEC2HEX(E31)&DEC2HEX(F31) -> 0000 | AR31: =DEC2HEX(G31)&DEC2HEX(H31)&DEC2HEX(I31)&DEC2HEX(J31) -> 0011 | AS31: =DEC2HEX(K31)&DEC2HEX(L31)&DEC2HEX(M31)&DEC2HEX(N31) -> 1122 | AT31: =DEC2HEX(O31)&DEC2HEX(P31)&DEC2HEX(Q31)&DEC2HEX(R31) -> 2222 | AU31: =DEC2HEX(S31)&DEC2HEX(T31)&DEC2HEX(U31)&DEC2HEX(V31) -> 2222 | AV31: =DEC2HEX(W31)&DEC2HEX(X31)&DEC2HEX(Y31)&DEC2HEX(Z31) -> 2211 | AW31: =DEC2HEX(AA31)&DEC2HEX(AB31)&DEC2HEX(AC31)&DEC2HEX(AD31) -> 1100 | AX31: =DEC2HEX(AE31)&DEC2HEX(AF31)&DEC2HEX(AG31)&DEC2HEX(AH31) -> 0000
B32: 27 | C32: 0 | D32: 0 | E32: 0 | F32: 0 | G32: 0 | H32: 0 | I32: 1 | J32: 1 | K32: 1 | L32: 1 | M32: 1 | N32: 1 | O32: 2 | P32: 2 | Q32: 2 | R32: 2 | S32: 2 | T32: 2 | U32: 2 | V32: 2 | W32: 1 | X32: 1 | Y32: 1 | Z32: 1 | AA32: 0 | AB32: 0 | AC32: 0 | AD32: 0 | AE32: 0 | AF32: 0 | AG32: 0 | AH32: 0 | AP32: =B32 -> 27 | AQ32: =DEC2HEX(C32)&DEC2HEX(D32)&DEC2HEX(E32)&DEC2HEX(F32) -> 0000 | AR32: =DEC2HEX(G32)&DEC2HEX(H32)&DEC2HEX(I32)&DEC2HEX(J32) -> 0011 | AS32: =DEC2HEX(K32)&DEC2HEX(L32)&DEC2HEX(M32)&DEC2HEX(N32) -> 1111 | AT32: =DEC2HEX(O32)&DEC2HEX(P32)&DEC2HEX(Q32)&DEC2HEX(R32) -> 2222 | AU32: =DEC2HEX(S32)&DEC2HEX(T32)&DEC2HEX(U32)&DEC2HEX(V32) -> 2222 | AV32: =DEC2HEX(W32)&DEC2HEX(X32)&DEC2HEX(Y32)&DEC2HEX(Z32) -> 1111 | AW32: =DEC2HEX(AA32)&DEC2HEX(AB32)&DEC2HEX(AC32)&DEC2HEX(AD32) -> 0000 | AX32: =DEC2HEX(AE32)&DEC2HEX(AF32)&DEC2HEX(AG32)&DEC2HEX(AH32) -> 0000 | BB32: ※AE/AWB検波サイズが16x16の時は、
B33: 28 | C33: 0 | D33: 0 | E33: 0 | F33: 0 | G33: 0 | H33: 0 | I33: 0 | J33: 0 | K33: 1 | L33: 1 | M33: 1 | N33: 1 | O33: 1 | P33: 1 | Q33: 1 | R33: 1 | S33: 1 | T33: 1 | U33: 1 | V33: 1 | W33: 1 | X33: 1 | Y33: 1 | Z33: 1 | AA33: 0 | AB33: 0 | AC33: 0 | AD33: 0 | AE33: 0 | AF33: 0 | AG33: 0 | AH33: 0 | AP33: =B33 -> 28 | AQ33: =DEC2HEX(C33)&DEC2HEX(D33)&DEC2HEX(E33)&DEC2HEX(F33) -> 0000 | AR33: =DEC2HEX(G33)&DEC2HEX(H33)&DEC2HEX(I33)&DEC2HEX(J33) -> 0000 | AS33: =DEC2HEX(K33)&DEC2HEX(L33)&DEC2HEX(M33)&DEC2HEX(N33) -> 1111 | AT33: =DEC2HEX(O33)&DEC2HEX(P33)&DEC2HEX(Q33)&DEC2HEX(R33) -> 1111 | AU33: =DEC2HEX(S33)&DEC2HEX(T33)&DEC2HEX(U33)&DEC2HEX(V33) -> 1111 | AV33: =DEC2HEX(W33)&DEC2HEX(X33)&DEC2HEX(Y33)&DEC2HEX(Z33) -> 1111 | AW33: =DEC2HEX(AA33)&DEC2HEX(AB33)&DEC2HEX(AC33)&DEC2HEX(AD33) -> 0000 | AX33: =DEC2HEX(AE33)&DEC2HEX(AF33)&DEC2HEX(AG33)&DEC2HEX(AH33) -> 0000 | BB33: 垂直方向を1/2に間引いて設定するため
B34: 29 | C34: 0 | D34: 0 | E34: 0 | F34: 0 | G34: 0 | H34: 0 | I34: 0 | J34: 0 | K34: 0 | L34: 0 | M34: 1 | N34: 1 | O34: 1 | P34: 1 | Q34: 1 | R34: 1 | S34: 1 | T34: 1 | U34: 1 | V34: 1 | W34: 1 | X34: 1 | Y34: 0 | Z34: 0 | AA34: 0 | AB34: 0 | AC34: 0 | AD34: 0 | AE34: 0 | AF34: 0 | AG34: 0 | AH34: 0 | AP34: =B34 -> 29 | AQ34: =DEC2HEX(C34)&DEC2HEX(D34)&DEC2HEX(E34)&DEC2HEX(F34) -> 0000 | AR34: =DEC2HEX(G34)&DEC2HEX(H34)&DEC2HEX(I34)&DEC2HEX(J34) -> 0000 | AS34: =DEC2HEX(K34)&DEC2HEX(L34)&DEC2HEX(M34)&DEC2HEX(N34) -> 0011 | AT34: =DEC2HEX(O34)&DEC2HEX(P34)&DEC2HEX(Q34)&DEC2HEX(R34) -> 1111 | AU34: =DEC2HEX(S34)&DEC2HEX(T34)&DEC2HEX(U34)&DEC2HEX(V34) -> 1111 | AV34: =DEC2HEX(W34)&DEC2HEX(X34)&DEC2HEX(Y34)&DEC2HEX(Z34) -> 1100 | AW34: =DEC2HEX(AA34)&DEC2HEX(AB34)&DEC2HEX(AC34)&DEC2HEX(AD34) -> 0000 | AX34: =DEC2HEX(AE34)&DEC2HEX(AF34)&DEC2HEX(AG34)&DEC2HEX(AH34) -> 0000 | BB34: 奇数列を使用しないのでご注意ください。
B35: 30 | C35: 0 | D35: 0 | E35: 0 | F35: 0 | G35: 0 | H35: 0 | I35: 0 | J35: 0 | K35: 0 | L35: 0 | M35: 0 | N35: 0 | O35: 1 | P35: 1 | Q35: 1 | R35: 1 | S35: 1 | T35: 1 | U35: 1 | V35: 1 | W35: 0 | X35: 0 | Y35: 0 | Z35: 0 | AA35: 0 | AB35: 0 | AC35: 0 | AD35: 0 | AE35: 0 | AF35: 0 | AG35: 0 | AH35: 0 | AP35: =B35 -> 30 | AQ35: =DEC2HEX(C35)&DEC2HEX(D35)&DEC2HEX(E35)&DEC2HEX(F35) -> 0000 | AR35: =DEC2HEX(G35)&DEC2HEX(H35)&DEC2HEX(I35)&DEC2HEX(J35) -> 0000 | AS35: =DEC2HEX(K35)&DEC2HEX(L35)&DEC2HEX(M35)&DEC2HEX(N35) -> 0000 | AT35: =DEC2HEX(O35)&DEC2HEX(P35)&DEC2HEX(Q35)&DEC2HEX(R35) -> 1111 | AU35: =DEC2HEX(S35)&DEC2HEX(T35)&DEC2HEX(U35)&DEC2HEX(V35) -> 1111 | AV35: =DEC2HEX(W35)&DEC2HEX(X35)&DEC2HEX(Y35)&DEC2HEX(Z35) -> 0000 | AW35: =DEC2HEX(AA35)&DEC2HEX(AB35)&DEC2HEX(AC35)&DEC2HEX(AD35) -> 0000 | AX35: =DEC2HEX(AE35)&DEC2HEX(AF35)&DEC2HEX(AG35)&DEC2HEX(AH35) -> 0000 | BB35: ※重み係数はWD.cで変更できます。
B36: 31 | C36: 0 | D36: 0 | E36: 0 | F36: 0 | G36: 0 | H36: 0 | I36: 0 | J36: 0 | K36: 0 | L36: 0 | M36: 0 | N36: 0 | O36: 0 | P36: 0 | Q36: 0 | R36: 0 | S36: 0 | T36: 0 | U36: 0 | V36: 0 | W36: 0 | X36: 0 | Y36: 0 | Z36: 0 | AA36: 0 | AB36: 0 | AC36: 0 | AD36: 0 | AE36: 0 | AF36: 0 | AG36: 0 | AH36: 0 | AP36: =B36 -> 31 | AQ36: =DEC2HEX(C36)&DEC2HEX(D36)&DEC2HEX(E36)&DEC2HEX(F36) -> 0000 | AR36: =DEC2HEX(G36)&DEC2HEX(H36)&DEC2HEX(I36)&DEC2HEX(J36) -> 0000 | AS36: =DEC2HEX(K36)&DEC2HEX(L36)&DEC2HEX(M36)&DEC2HEX(N36) -> 0000 | AT36: =DEC2HEX(O36)&DEC2HEX(P36)&DEC2HEX(Q36)&DEC2HEX(R36) -> 0000 | AU36: =DEC2HEX(S36)&DEC2HEX(T36)&DEC2HEX(U36)&DEC2HEX(V36) -> 0000 | AV36: =DEC2HEX(W36)&DEC2HEX(X36)&DEC2HEX(Y36)&DEC2HEX(Z36) -> 0000 | AW36: =DEC2HEX(AA36)&DEC2HEX(AB36)&DEC2HEX(AC36)&DEC2HEX(AD36) -> 0000 | AX36: =DEC2HEX(AE36)&DEC2HEX(AF36)&DEC2HEX(AG36)&DEC2HEX(AH36) -> 0000
A39: 2.All block integral (Storage to ROM) | AP39: =A39 -> 2.All block integral (Storage to ROM)
C40: 0 | D40: 1 | E40: 2 | F40: 3 | G40: 4 | H40: 5 | I40: 6 | J40: 7 | K40: 8 | L40: 9 | M40: 10 | N40: 11 | O40: 12 | P40: 13 | Q40: 14 | R40: 15 | S40: 16 | T40: 17 | U40: 18 | V40: 19 | W40: 20 | X40: 21 | Y40: 22 | Z40: 23 | AA40: 24 | AB40: 25 | AC40: 26 | AD40: 27 | AE40: 28 | AF40: 29 | AG40: 30 | AH40: 31 | AQ40: =C40&D40&E40&F40 -> 0123 | AR40: =G40&H40&I40&J40 -> 4567 | AS40: =K40&L40&M40&N40 -> 891011 | AT40: =O40&P40&Q40&R40 -> 12131415 | AU40: 16171819 | AV40: 20212223 | AW40: 24252627 | AX40: 28293031
B41: 0 | C41: 2 | D41: 2 | E41: 2 | F41: 2 | G41: 2 | H41: 2 | I41: 2 | J41: 2 | K41: 2 | L41: 2 | M41: 2 | N41: 2 | O41: 2 | P41: 2 | Q41: 2 | R41: 2 | S41: 2 | T41: 2 | U41: 2 | V41: 2 | W41: 2 | X41: 2 | Y41: 2 | Z41: 2 | AA41: 2 | AB41: 2 | AC41: 2 | AD41: 2 | AE41: 2 | AF41: 2 | AG41: 2 | AH41: 2 | AP41: =B41 -> 0 | AQ41: =DEC2HEX(C41)&DEC2HEX(D41)&DEC2HEX(E41)&DEC2HEX(F41) -> 2222 | AR41: =DEC2HEX(G41)&DEC2HEX(H41)&DEC2HEX(I41)&DEC2HEX(J41) -> 2222 | AS41: =DEC2HEX(K41)&DEC2HEX(L41)&DEC2HEX(M41)&DEC2HEX(N41) -> 2222 | AT41: =DEC2HEX(O41)&DEC2HEX(P41)&DEC2HEX(Q41)&DEC2HEX(R41) -> 2222 | AU41: =DEC2HEX(S41)&DEC2HEX(T41)&DEC2HEX(U41)&DEC2HEX(V41) -> 2222 | AV41: =DEC2HEX(W41)&DEC2HEX(X41)&DEC2HEX(Y41)&DEC2HEX(Z41) -> 2222 | AW41: =DEC2HEX(AA41)&DEC2HEX(AB41)&DEC2HEX(AC41)&DEC2HEX(AD41) -> 2222 | AX41: =DEC2HEX(AE41)&DEC2HEX(AF41)&DEC2HEX(AG41)&DEC2HEX(AH41) -> 2222
B42: 1 | C42: 2 | D42: 2 | E42: 2 | F42: 2 | G42: 2 | H42: 2 | I42: 2 | J42: 2 | K42: 2 | L42: 2 | M42: 2 | N42: 2 | O42: 2 | P42: 2 | Q42: 2 | R42: 2 | S42: 2 | T42: 2 | U42: 2 | V42: 2 | W42: 2 | X42: 2 | Y42: 2 | Z42: 2 | AA42: 2 | AB42: 2 | AC42: 2 | AD42: 2 | AE42: 2 | AF42: 2 | AG42: 2 | AH42: 2 | AP42: =B42 -> 1 | AQ42: =DEC2HEX(C42)&DEC2HEX(D42)&DEC2HEX(E42)&DEC2HEX(F42) -> 2222 | AR42: =DEC2HEX(G42)&DEC2HEX(H42)&DEC2HEX(I42)&DEC2HEX(J42) -> 2222 | AS42: =DEC2HEX(K42)&DEC2HEX(L42)&DEC2HEX(M42)&DEC2HEX(N42) -> 2222 | AT42: =DEC2HEX(O42)&DEC2HEX(P42)&DEC2HEX(Q42)&DEC2HEX(R42) -> 2222 | AU42: =DEC2HEX(S42)&DEC2HEX(T42)&DEC2HEX(U42)&DEC2HEX(V42) -> 2222 | AV42: =DEC2HEX(W42)&DEC2HEX(X42)&DEC2HEX(Y42)&DEC2HEX(Z42) -> 2222 | AW42: =DEC2HEX(AA42)&DEC2HEX(AB42)&DEC2HEX(AC42)&DEC2HEX(AD42) -> 2222 | AX42: =DEC2HEX(AE42)&DEC2HEX(AF42)&DEC2HEX(AG42)&DEC2HEX(AH42) -> 2222
B43: 2 | C43: 2 | D43: 2 | E43: 2 | F43: 2 | G43: 2 | H43: 2 | I43: 2 | J43: 2 | K43: 2 | L43: 2 | M43: 2 | N43: 2 | O43: 2 | P43: 2 | Q43: 2 | R43: 2 | S43: 2 | T43: 2 | U43: 2 | V43: 2 | W43: 2 | X43: 2 | Y43: 2 | Z43: 2 | AA43: 2 | AB43: 2 | AC43: 2 | AD43: 2 | AE43: 2 | AF43: 2 | AG43: 2 | AH43: 2 | AP43: =B43 -> 2 | AQ43: =DEC2HEX(C43)&DEC2HEX(D43)&DEC2HEX(E43)&DEC2HEX(F43) -> 2222 | AR43: =DEC2HEX(G43)&DEC2HEX(H43)&DEC2HEX(I43)&DEC2HEX(J43) -> 2222 | AS43: =DEC2HEX(K43)&DEC2HEX(L43)&DEC2HEX(M43)&DEC2HEX(N43) -> 2222 | AT43: =DEC2HEX(O43)&DEC2HEX(P43)&DEC2HEX(Q43)&DEC2HEX(R43) -> 2222 | AU43: =DEC2HEX(S43)&DEC2HEX(T43)&DEC2HEX(U43)&DEC2HEX(V43) -> 2222 | AV43: =DEC2HEX(W43)&DEC2HEX(X43)&DEC2HEX(Y43)&DEC2HEX(Z43) -> 2222 | AW43: =DEC2HEX(AA43)&DEC2HEX(AB43)&DEC2HEX(AC43)&DEC2HEX(AD43) -> 2222 | AX43: =DEC2HEX(AE43)&DEC2HEX(AF43)&DEC2HEX(AG43)&DEC2HEX(AH43) -> 2222
B44: 3 | C44: 2 | D44: 2 | E44: 2 | F44: 2 | G44: 2 | H44: 2 | I44: 2 | J44: 2 | K44: 2 | L44: 2 | M44: 2 | N44: 2 | O44: 2 | P44: 2 | Q44: 2 | R44: 2 | S44: 2 | T44: 2 | U44: 2 | V44: 2 | W44: 2 | X44: 2 | Y44: 2 | Z44: 2 | AA44: 2 | AB44: 2 | AC44: 2 | AD44: 2 | AE44: 2 | AF44: 2 | AG44: 2 | AH44: 2 | AP44: =B44 -> 3 | AQ44: =DEC2HEX(C44)&DEC2HEX(D44)&DEC2HEX(E44)&DEC2HEX(F44) -> 2222 | AR44: =DEC2HEX(G44)&DEC2HEX(H44)&DEC2HEX(I44)&DEC2HEX(J44) -> 2222 | AS44: =DEC2HEX(K44)&DEC2HEX(L44)&DEC2HEX(M44)&DEC2HEX(N44) -> 2222 | AT44: =DEC2HEX(O44)&DEC2HEX(P44)&DEC2HEX(Q44)&DEC2HEX(R44) -> 2222 | AU44: =DEC2HEX(S44)&DEC2HEX(T44)&DEC2HEX(U44)&DEC2HEX(V44) -> 2222 | AV44: =DEC2HEX(W44)&DEC2HEX(X44)&DEC2HEX(Y44)&DEC2HEX(Z44) -> 2222 | AW44: =DEC2HEX(AA44)&DEC2HEX(AB44)&DEC2HEX(AC44)&DEC2HEX(AD44) -> 2222 | AX44: =DEC2HEX(AE44)&DEC2HEX(AF44)&DEC2HEX(AG44)&DEC2HEX(AH44) -> 2222
B45: 4 | C45: 2 | D45: 2 | E45: 2 | F45: 2 | G45: 2 | H45: 2 | I45: 2 | J45: 2 | K45: 2 | L45: 2 | M45: 2 | N45: 2 | O45: 2 | P45: 2 | Q45: 2 | R45: 2 | S45: 2 | T45: 2 | U45: 2 | V45: 2 | W45: 2 | X45: 2 | Y45: 2 | Z45: 2 | AA45: 2 | AB45: 2 | AC45: 2 | AD45: 2 | AE45: 2 | AF45: 2 | AG45: 2 | AH45: 2 | AP45: =B45 -> 4 | AQ45: =DEC2HEX(C45)&DEC2HEX(D45)&DEC2HEX(E45)&DEC2HEX(F45) -> 2222 | AR45: =DEC2HEX(G45)&DEC2HEX(H45)&DEC2HEX(I45)&DEC2HEX(J45) -> 2222 | AS45: =DEC2HEX(K45)&DEC2HEX(L45)&DEC2HEX(M45)&DEC2HEX(N45) -> 2222 | AT45: =DEC2HEX(O45)&DEC2HEX(P45)&DEC2HEX(Q45)&DEC2HEX(R45) -> 2222 | AU45: =DEC2HEX(S45)&DEC2HEX(T45)&DEC2HEX(U45)&DEC2HEX(V45) -> 2222 | AV45: =DEC2HEX(W45)&DEC2HEX(X45)&DEC2HEX(Y45)&DEC2HEX(Z45) -> 2222 | AW45: =DEC2HEX(AA45)&DEC2HEX(AB45)&DEC2HEX(AC45)&DEC2HEX(AD45) -> 2222 | AX45: =DEC2HEX(AE45)&DEC2HEX(AF45)&DEC2HEX(AG45)&DEC2HEX(AH45) -> 2222
B46: 5 | C46: 2 | D46: 2 | E46: 2 | F46: 2 | G46: 2 | H46: 2 | I46: 2 | J46: 2 | K46: 2 | L46: 2 | M46: 2 | N46: 2 | O46: 2 | P46: 2 | Q46: 2 | R46: 2 | S46: 2 | T46: 2 | U46: 2 | V46: 2 | W46: 2 | X46: 2 | Y46: 2 | Z46: 2 | AA46: 2 | AB46: 2 | AC46: 2 | AD46: 2 | AE46: 2 | AF46: 2 | AG46: 2 | AH46: 2 | AP46: =B46 -> 5 | AQ46: =DEC2HEX(C46)&DEC2HEX(D46)&DEC2HEX(E46)&DEC2HEX(F46) -> 2222 | AR46: =DEC2HEX(G46)&DEC2HEX(H46)&DEC2HEX(I46)&DEC2HEX(J46) -> 2222 | AS46: =DEC2HEX(K46)&DEC2HEX(L46)&DEC2HEX(M46)&DEC2HEX(N46) -> 2222 | AT46: =DEC2HEX(O46)&DEC2HEX(P46)&DEC2HEX(Q46)&DEC2HEX(R46) -> 2222 | AU46: =DEC2HEX(S46)&DEC2HEX(T46)&DEC2HEX(U46)&DEC2HEX(V46) -> 2222 | AV46: =DEC2HEX(W46)&DEC2HEX(X46)&DEC2HEX(Y46)&DEC2HEX(Z46) -> 2222 | AW46: =DEC2HEX(AA46)&DEC2HEX(AB46)&DEC2HEX(AC46)&DEC2HEX(AD46) -> 2222 | AX46: =DEC2HEX(AE46)&DEC2HEX(AF46)&DEC2HEX(AG46)&DEC2HEX(AH46) -> 2222
B47: 6 | C47: 2 | D47: 2 | E47: 2 | F47: 2 | G47: 2 | H47: 2 | I47: 2 | J47: 2 | K47: 2 | L47: 2 | M47: 2 | N47: 2 | O47: 2 | P47: 2 | Q47: 2 | R47: 2 | S47: 2 | T47: 2 | U47: 2 | V47: 2 | W47: 2 | X47: 2 | Y47: 2 | Z47: 2 | AA47: 2 | AB47: 2 | AC47: 2 | AD47: 2 | AE47: 2 | AF47: 2 | AG47: 2 | AH47: 2 | AP47: =B47 -> 6 | AQ47: =DEC2HEX(C47)&DEC2HEX(D47)&DEC2HEX(E47)&DEC2HEX(F47) -> 2222 | AR47: =DEC2HEX(G47)&DEC2HEX(H47)&DEC2HEX(I47)&DEC2HEX(J47) -> 2222 | AS47: =DEC2HEX(K47)&DEC2HEX(L47)&DEC2HEX(M47)&DEC2HEX(N47) -> 2222 | AT47: =DEC2HEX(O47)&DEC2HEX(P47)&DEC2HEX(Q47)&DEC2HEX(R47) -> 2222 | AU47: =DEC2HEX(S47)&DEC2HEX(T47)&DEC2HEX(U47)&DEC2HEX(V47) -> 2222 | AV47: =DEC2HEX(W47)&DEC2HEX(X47)&DEC2HEX(Y47)&DEC2HEX(Z47) -> 2222 | AW47: =DEC2HEX(AA47)&DEC2HEX(AB47)&DEC2HEX(AC47)&DEC2HEX(AD47) -> 2222 | AX47: =DEC2HEX(AE47)&DEC2HEX(AF47)&DEC2HEX(AG47)&DEC2HEX(AH47) -> 2222
B48: 7 | C48: 2 | D48: 2 | E48: 2 | F48: 2 | G48: 2 | H48: 2 | I48: 2 | J48: 2 | K48: 2 | L48: 2 | M48: 2 | N48: 2 | O48: 2 | P48: 2 | Q48: 2 | R48: 2 | S48: 2 | T48: 2 | U48: 2 | V48: 2 | W48: 2 | X48: 2 | Y48: 2 | Z48: 2 | AA48: 2 | AB48: 2 | AC48: 2 | AD48: 2 | AE48: 2 | AF48: 2 | AG48: 2 | AH48: 2 | AP48: =B48 -> 7 | AQ48: =DEC2HEX(C48)&DEC2HEX(D48)&DEC2HEX(E48)&DEC2HEX(F48) -> 2222 | AR48: =DEC2HEX(G48)&DEC2HEX(H48)&DEC2HEX(I48)&DEC2HEX(J48) -> 2222 | AS48: =DEC2HEX(K48)&DEC2HEX(L48)&DEC2HEX(M48)&DEC2HEX(N48) -> 2222 | AT48: =DEC2HEX(O48)&DEC2HEX(P48)&DEC2HEX(Q48)&DEC2HEX(R48) -> 2222 | AU48: =DEC2HEX(S48)&DEC2HEX(T48)&DEC2HEX(U48)&DEC2HEX(V48) -> 2222 | AV48: =DEC2HEX(W48)&DEC2HEX(X48)&DEC2HEX(Y48)&DEC2HEX(Z48) -> 2222 | AW48: =DEC2HEX(AA48)&DEC2HEX(AB48)&DEC2HEX(AC48)&DEC2HEX(AD48) -> 2222 | AX48: =DEC2HEX(AE48)&DEC2HEX(AF48)&DEC2HEX(AG48)&DEC2HEX(AH48) -> 2222
B49: 8 | C49: 2 | D49: 2 | E49: 2 | F49: 2 | G49: 2 | H49: 2 | I49: 2 | J49: 2 | K49: 2 | L49: 2 | M49: 2 | N49: 2 | O49: 2 | P49: 2 | Q49: 2 | R49: 2 | S49: 2 | T49: 2 | U49: 2 | V49: 2 | W49: 2 | X49: 2 | Y49: 2 | Z49: 2 | AA49: 2 | AB49: 2 | AC49: 2 | AD49: 2 | AE49: 2 | AF49: 2 | AG49: 2 | AH49: 2 | AP49: =B49 -> 8 | AQ49: =DEC2HEX(C49)&DEC2HEX(D49)&DEC2HEX(E49)&DEC2HEX(F49) -> 2222 | AR49: =DEC2HEX(G49)&DEC2HEX(H49)&DEC2HEX(I49)&DEC2HEX(J49) -> 2222 | AS49: =DEC2HEX(K49)&DEC2HEX(L49)&DEC2HEX(M49)&DEC2HEX(N49) -> 2222 | AT49: =DEC2HEX(O49)&DEC2HEX(P49)&DEC2HEX(Q49)&DEC2HEX(R49) -> 2222 | AU49: =DEC2HEX(S49)&DEC2HEX(T49)&DEC2HEX(U49)&DEC2HEX(V49) -> 2222 | AV49: =DEC2HEX(W49)&DEC2HEX(X49)&DEC2HEX(Y49)&DEC2HEX(Z49) -> 2222 | AW49: =DEC2HEX(AA49)&DEC2HEX(AB49)&DEC2HEX(AC49)&DEC2HEX(AD49) -> 2222 | AX49: =DEC2HEX(AE49)&DEC2HEX(AF49)&DEC2HEX(AG49)&DEC2HEX(AH49) -> 2222
B50: 9 | C50: 2 | D50: 2 | E50: 2 | F50: 2 | G50: 2 | H50: 2 | I50: 2 | J50: 2 | K50: 2 | L50: 2 | M50: 2 | N50: 2 | O50: 2 | P50: 2 | Q50: 2 | R50: 2 | S50: 2 | T50: 2 | U50: 2 | V50: 2 | W50: 2 | X50: 2 | Y50: 2 | Z50: 2 | AA50: 2 | AB50: 2 | AC50: 2 | AD50: 2 | AE50: 2 | AF50: 2 | AG50: 2 | AH50: 2 | AP50: =B50 -> 9 | AQ50: =DEC2HEX(C50)&DEC2HEX(D50)&DEC2HEX(E50)&DEC2HEX(F50) -> 2222 | AR50: =DEC2HEX(G50)&DEC2HEX(H50)&DEC2HEX(I50)&DEC2HEX(J50) -> 2222 | AS50: =DEC2HEX(K50)&DEC2HEX(L50)&DEC2HEX(M50)&DEC2HEX(N50) -> 2222 | AT50: =DEC2HEX(O50)&DEC2HEX(P50)&DEC2HEX(Q50)&DEC2HEX(R50) -> 2222 | AU50: =DEC2HEX(S50)&DEC2HEX(T50)&DEC2HEX(U50)&DEC2HEX(V50) -> 2222 | AV50: =DEC2HEX(W50)&DEC2HEX(X50)&DEC2HEX(Y50)&DEC2HEX(Z50) -> 2222 | AW50: =DEC2HEX(AA50)&DEC2HEX(AB50)&DEC2HEX(AC50)&DEC2HEX(AD50) -> 2222 | AX50: =DEC2HEX(AE50)&DEC2HEX(AF50)&DEC2HEX(AG50)&DEC2HEX(AH50) -> 2222
B51: 10 | C51: 2 | D51: 2 | E51: 2 | F51: 2 | G51: 2 | H51: 2 | I51: 2 | J51: 2 | K51: 2 | L51: 2 | M51: 2 | N51: 2 | O51: 2 | P51: 2 | Q51: 2 | R51: 2 | S51: 2 | T51: 2 | U51: 2 | V51: 2 | W51: 2 | X51: 2 | Y51: 2 | Z51: 2 | AA51: 2 | AB51: 2 | AC51: 2 | AD51: 2 | AE51: 2 | AF51: 2 | AG51: 2 | AH51: 2 | AP51: =B51 -> 10 | AQ51: =DEC2HEX(C51)&DEC2HEX(D51)&DEC2HEX(E51)&DEC2HEX(F51) -> 2222 | AR51: =DEC2HEX(G51)&DEC2HEX(H51)&DEC2HEX(I51)&DEC2HEX(J51) -> 2222 | AS51: =DEC2HEX(K51)&DEC2HEX(L51)&DEC2HEX(M51)&DEC2HEX(N51) -> 2222 | AT51: =DEC2HEX(O51)&DEC2HEX(P51)&DEC2HEX(Q51)&DEC2HEX(R51) -> 2222 | AU51: =DEC2HEX(S51)&DEC2HEX(T51)&DEC2HEX(U51)&DEC2HEX(V51) -> 2222 | AV51: =DEC2HEX(W51)&DEC2HEX(X51)&DEC2HEX(Y51)&DEC2HEX(Z51) -> 2222 | AW51: =DEC2HEX(AA51)&DEC2HEX(AB51)&DEC2HEX(AC51)&DEC2HEX(AD51) -> 2222 | AX51: =DEC2HEX(AE51)&DEC2HEX(AF51)&DEC2HEX(AG51)&DEC2HEX(AH51) -> 2222
B52: 11 | C52: 2 | D52: 2 | E52: 2 | F52: 2 | G52: 2 | H52: 2 | I52: 2 | J52: 2 | K52: 2 | L52: 2 | M52: 2 | N52: 2 | O52: 2 | P52: 2 | Q52: 2 | R52: 2 | S52: 2 | T52: 2 | U52: 2 | V52: 2 | W52: 2 | X52: 2 | Y52: 2 | Z52: 2 | AA52: 2 | AB52: 2 | AC52: 2 | AD52: 2 | AE52: 2 | AF52: 2 | AG52: 2 | AH52: 2 | AP52: =B52 -> 11 | AQ52: =DEC2HEX(C52)&DEC2HEX(D52)&DEC2HEX(E52)&DEC2HEX(F52) -> 2222 | AR52: =DEC2HEX(G52)&DEC2HEX(H52)&DEC2HEX(I52)&DEC2HEX(J52) -> 2222 | AS52: =DEC2HEX(K52)&DEC2HEX(L52)&DEC2HEX(M52)&DEC2HEX(N52) -> 2222 | AT52: =DEC2HEX(O52)&DEC2HEX(P52)&DEC2HEX(Q52)&DEC2HEX(R52) -> 2222 | AU52: =DEC2HEX(S52)&DEC2HEX(T52)&DEC2HEX(U52)&DEC2HEX(V52) -> 2222 | AV52: =DEC2HEX(W52)&DEC2HEX(X52)&DEC2HEX(Y52)&DEC2HEX(Z52) -> 2222 | AW52: =DEC2HEX(AA52)&DEC2HEX(AB52)&DEC2HEX(AC52)&DEC2HEX(AD52) -> 2222 | AX52: =DEC2HEX(AE52)&DEC2HEX(AF52)&DEC2HEX(AG52)&DEC2HEX(AH52) -> 2222
... B72: 31 | C72: 2 | D72: 2 | E72: 2 | F72: 2 | G72: 2 | H72: 2 | I72: 2 | J72: 2 | K72: 2 | L72: 2 | M72: 2 | N72: 2 | O72: 2 | P72: 2 | Q72: 2 | R72: 2 | S72: 2 | T72: 2 | U72: 2 | V72: 2 | W72: 2 | X72: 2 | Y72: 2 | Z72: 2 | AA72: 2 | AB72: 2 | AC72: 2 | AD72: 2 | AE72: 2 | AF72: 2 | AG72: 2 | AH72: 2 | AP72: =B72 -> 31 | AQ72: =DEC2HEX(C72)&DEC2HEX(D72)&DEC2HEX(E72)&DEC2HEX(F72) -> 2222 | AR72: =DEC2HEX(G72)&DEC2HEX(H72)&DEC2HEX(I72)&DEC2HEX(J72) -> 2222 | AS72: =DEC2HEX(K72)&DEC2HEX(L72)&DEC2HEX(M72)&DEC2HEX(N72) -> 2222 | AT72: =DEC2HEX(O72)&DEC2HEX(P72)&DEC2HEX(Q72)&DEC2HEX(R72) -> 2222 | AU72: =DEC2HEX(S72)&DEC2HEX(T72)&DEC2HEX(U72)&DEC2HEX(V72) -> 2222 | AV72: =DEC2HEX(W72)&DEC2HEX(X72)&DEC2HEX(Y72)&DEC2HEX(Z72) -> 2222 | AW72: =DEC2HEX(AA72)&DEC2HEX(AB72)&DEC2HEX(AC72)&DEC2HEX(AD72) -> 2222 | AX72: =DEC2HEX(AE72)&DEC2HEX(AF72)&DEC2HEX(AG72)&DEC2HEX(AH72) -> 2222
A75: 3.Center-weighted average 2(Storage to ROM) | AP75: =A75 -> 3.Center-weighted average 2(Storage to ROM)
C76: 0 | D76: 1 | E76: 2 | F76: 3 | G76: 4 | H76: 5 | I76: 6 | J76: 7 | K76: 8 | L76: 9 | M76: 10 | N76: 11 | O76: 12 | P76: 13 | Q76: 14 | R76: 15 | S76: 16 | T76: 17 | U76: 18 | V76: 19 | W76: 20 | X76: 21 | Y76: 22 | Z76: 23 | AA76: 24 | AB76: 25 | AC76: 26 | AD76: 27 | AE76: 28 | AF76: 29 | AG76: 30 | AH76: 31 | AQ76: =C76&D76&E76&F76 -> 0123 | AR76: =G76&H76&I76&J76 -> 4567 | AS76: =K76&L76&M76&N76 -> 891011 | AT76: =O76&P76&Q76&R76 -> 12131415 | AU76: 16171819 | AV76: 20212223 | AW76: 24252627 | AX76: 28293031
B77: 0 | C77: 0 | D77: 0 | E77: 0 | F77: 0 | G77: 0 | H77: 0 | I77: 0 | J77: 0 | K77: 0 | L77: 0 | M77: 0 | N77: 0 | O77: 0 | P77: 0 | Q77: 0 | R77: 0 | S77: 0 | T77: 0 | U77: 0 | V77: 0 | W77: 0 | X77: 0 | Y77: 0 | Z77: 0 | AA77: 0 | AB77: 0 | AC77: 0 | AD77: 0 | AE77: 0 | AF77: 0 | AG77: 0 | AH77: 0 | AP77: =B77 -> 0 | AQ77: =DEC2HEX(C77)&DEC2HEX(D77)&DEC2HEX(E77)&DEC2HEX(F77) -> 0000 | AR77: =DEC2HEX(G77)&DEC2HEX(H77)&DEC2HEX(I77)&DEC2HEX(J77) -> 0000 | AS77: =DEC2HEX(K77)&DEC2HEX(L77)&DEC2HEX(M77)&DEC2HEX(N77) -> 0000 | AT77: =DEC2HEX(O77)&DEC2HEX(P77)&DEC2HEX(Q77)&DEC2HEX(R77) -> 0000 | AU77: =DEC2HEX(S77)&DEC2HEX(T77)&DEC2HEX(U77)&DEC2HEX(V77) -> 0000 | AV77: =DEC2HEX(W77)&DEC2HEX(X77)&DEC2HEX(Y77)&DEC2HEX(Z77) -> 0000 | AW77: =DEC2HEX(AA77)&DEC2HEX(AB77)&DEC2HEX(AC77)&DEC2HEX(AD77) -> 0000 | AX77: =DEC2HEX(AE77)&DEC2HEX(AF77)&DEC2HEX(AG77)&DEC2HEX(AH77) -> 0000
B78: 1 | C78: 0 | D78: 0 | E78: 0 | F78: 0 | G78: 0 | H78: 0 | I78: 0 | J78: 0 | K78: 0 | L78: 0 | M78: 0 | N78: 0 | O78: 0 | P78: 0 | Q78: 0 | R78: 0 | S78: 0 | T78: 0 | U78: 0 | V78: 0 | W78: 0 | X78: 0 | Y78: 0 | Z78: 0 | AA78: 0 | AB78: 0 | AC78: 0 | AD78: 0 | AE78: 0 | AF78: 0 | AG78: 0 | AH78: 0 | AP78: =B78 -> 1 | AQ78: =DEC2HEX(C78)&DEC2HEX(D78)&DEC2HEX(E78)&DEC2HEX(F78) -> 0000 | AR78: =DEC2HEX(G78)&DEC2HEX(H78)&DEC2HEX(I78)&DEC2HEX(J78) -> 0000 | AS78: =DEC2HEX(K78)&DEC2HEX(L78)&DEC2HEX(M78)&DEC2HEX(N78) -> 0000 | AT78: =DEC2HEX(O78)&DEC2HEX(P78)&DEC2HEX(Q78)&DEC2HEX(R78) -> 0000 | AU78: =DEC2HEX(S78)&DEC2HEX(T78)&DEC2HEX(U78)&DEC2HEX(V78) -> 0000 | AV78: =DEC2HEX(W78)&DEC2HEX(X78)&DEC2HEX(Y78)&DEC2HEX(Z78) -> 0000 | AW78: =DEC2HEX(AA78)&DEC2HEX(AB78)&DEC2HEX(AC78)&DEC2HEX(AD78) -> 0000 | AX78: =DEC2HEX(AE78)&DEC2HEX(AF78)&DEC2HEX(AG78)&DEC2HEX(AH78) -> 0000
B79: 2 | C79: 0 | D79: 0 | E79: 0 | F79: 0 | G79: 0 | H79: 0 | I79: 0 | J79: 0 | K79: 0 | L79: 0 | M79: 0 | N79: 0 | O79: 0 | P79: 0 | Q79: 0 | R79: 0 | S79: 0 | T79: 0 | U79: 0 | V79: 0 | W79: 0 | X79: 0 | Y79: 0 | Z79: 0 | AA79: 0 | AB79: 0 | AC79: 0 | AD79: 0 | AE79: 0 | AF79: 0 | AG79: 0 | AH79: 0 | AP79: =B79 -> 2 | AQ79: =DEC2HEX(C79)&DEC2HEX(D79)&DEC2HEX(E79)&DEC2HEX(F79) -> 0000 | AR79: =DEC2HEX(G79)&DEC2HEX(H79)&DEC2HEX(I79)&DEC2HEX(J79) -> 0000 | AS79: =DEC2HEX(K79)&DEC2HEX(L79)&DEC2HEX(M79)&DEC2HEX(N79) -> 0000 | AT79: =DEC2HEX(O79)&DEC2HEX(P79)&DEC2HEX(Q79)&DEC2HEX(R79) -> 0000 | AU79: =DEC2HEX(S79)&DEC2HEX(T79)&DEC2HEX(U79)&DEC2HEX(V79) -> 0000 | AV79: =DEC2HEX(W79)&DEC2HEX(X79)&DEC2HEX(Y79)&DEC2HEX(Z79) -> 0000 | AW79: =DEC2HEX(AA79)&DEC2HEX(AB79)&DEC2HEX(AC79)&DEC2HEX(AD79) -> 0000 | AX79: =DEC2HEX(AE79)&DEC2HEX(AF79)&DEC2HEX(AG79)&DEC2HEX(AH79) -> 0000
B80: 3 | C80: 0 | D80: 0 | E80: 0 | F80: 0 | G80: 0 | H80: 0 | I80: 0 | J80: 0 | K80: 0 | L80: 0 | M80: 0 | N80: 0 | O80: 0 | P80: 0 | Q80: 0 | R80: 0 | S80: 0 | T80: 0 | U80: 0 | V80: 0 | W80: 0 | X80: 0 | Y80: 0 | Z80: 0 | AA80: 0 | AB80: 0 | AC80: 0 | AD80: 0 | AE80: 0 | AF80: 0 | AG80: 0 | AH80: 0 | AP80: =B80 -> 3 | AQ80: =DEC2HEX(C80)&DEC2HEX(D80)&DEC2HEX(E80)&DEC2HEX(F80) -> 0000 | AR80: =DEC2HEX(G80)&DEC2HEX(H80)&DEC2HEX(I80)&DEC2HEX(J80) -> 0000 | AS80: =DEC2HEX(K80)&DEC2HEX(L80)&DEC2HEX(M80)&DEC2HEX(N80) -> 0000 | AT80: =DEC2HEX(O80)&DEC2HEX(P80)&DEC2HEX(Q80)&DEC2HEX(R80) -> 0000 | AU80: =DEC2HEX(S80)&DEC2HEX(T80)&DEC2HEX(U80)&DEC2HEX(V80) -> 0000 | AV80: =DEC2HEX(W80)&DEC2HEX(X80)&DEC2HEX(Y80)&DEC2HEX(Z80) -> 0000 | AW80: =DEC2HEX(AA80)&DEC2HEX(AB80)&DEC2HEX(AC80)&DEC2HEX(AD80) -> 0000 | AX80: =DEC2HEX(AE80)&DEC2HEX(AF80)&DEC2HEX(AG80)&DEC2HEX(AH80) -> 0000
B81: 4 | C81: 0 | D81: 0 | E81: 0 | F81: 0 | G81: 0 | H81: 0 | I81: 0 | J81: 0 | K81: 0 | L81: 0 | M81: 0 | N81: 0 | O81: 2 | P81: 2 | Q81: 2 | R81: 2 | S81: 2 | T81: 2 | U81: 2 | V81: 2 | W81: 0 | X81: 0 | Y81: 0 | Z81: 0 | AA81: 0 | AB81: 0 | AC81: 0 | AD81: 0 | AE81: 0 | AF81: 0 | AG81: 0 | AH81: 0 | AP81: =B81 -> 4 | AQ81: =DEC2HEX(C81)&DEC2HEX(D81)&DEC2HEX(E81)&DEC2HEX(F81) -> 0000 | AR81: =DEC2HEX(G81)&DEC2HEX(H81)&DEC2HEX(I81)&DEC2HEX(J81) -> 0000 | AS81: =DEC2HEX(K81)&DEC2HEX(L81)&DEC2HEX(M81)&DEC2HEX(N81) -> 0000 | AT81: =DEC2HEX(O81)&DEC2HEX(P81)&DEC2HEX(Q81)&DEC2HEX(R81) -> 2222 | AU81: =DEC2HEX(S81)&DEC2HEX(T81)&DEC2HEX(U81)&DEC2HEX(V81) -> 2222 | AV81: =DEC2HEX(W81)&DEC2HEX(X81)&DEC2HEX(Y81)&DEC2HEX(Z81) -> 0000 | AW81: =DEC2HEX(AA81)&DEC2HEX(AB81)&DEC2HEX(AC81)&DEC2HEX(AD81) -> 0000 | AX81: =DEC2HEX(AE81)&DEC2HEX(AF81)&DEC2HEX(AG81)&DEC2HEX(AH81) -> 0000
B82: 5 | C82: 0 | D82: 0 | E82: 0 | F82: 0 | G82: 0 | H82: 0 | I82: 0 | J82: 0 | K82: 0 | L82: 0 | M82: 0 | N82: 0 | O82: 2 | P82: 2 | Q82: 2 | R82: 2 | S82: 2 | T82: 2 | U82: 2 | V82: 2 | W82: 0 | X82: 0 | Y82: 0 | Z82: 0 | AA82: 0 | AB82: 0 | AC82: 0 | AD82: 0 | AE82: 0 | AF82: 0 | AG82: 0 | AH82: 0 | AP82: =B82 -> 5 | AQ82: =DEC2HEX(C82)&DEC2HEX(D82)&DEC2HEX(E82)&DEC2HEX(F82) -> 0000 | AR82: =DEC2HEX(G82)&DEC2HEX(H82)&DEC2HEX(I82)&DEC2HEX(J82) -> 0000 | AS82: =DEC2HEX(K82)&DEC2HEX(L82)&DEC2HEX(M82)&DEC2HEX(N82) -> 0000 | AT82: =DEC2HEX(O82)&DEC2HEX(P82)&DEC2HEX(Q82)&DEC2HEX(R82) -> 2222 | AU82: =DEC2HEX(S82)&DEC2HEX(T82)&DEC2HEX(U82)&DEC2HEX(V82) -> 2222 | AV82: =DEC2HEX(W82)&DEC2HEX(X82)&DEC2HEX(Y82)&DEC2HEX(Z82) -> 0000 | AW82: =DEC2HEX(AA82)&DEC2HEX(AB82)&DEC2HEX(AC82)&DEC2HEX(AD82) -> 0000 | AX82: =DEC2HEX(AE82)&DEC2HEX(AF82)&DEC2HEX(AG82)&DEC2HEX(AH82) -> 0000
B83: 6 | C83: 0 | D83: 0 | E83: 0 | F83: 0 | G83: 0 | H83: 0 | I83: 0 | J83: 0 | K83: 2 | L83: 2 | M83: 2 | N83: 2 | O83: 2 | P83: 2 | Q83: 3 | R83: 3 | S83: 3 | T83: 3 | U83: 2 | V83: 2 | W83: 2 | X83: 2 | Y83: 2 | Z83: 2 | AA83: 0 | AB83: 0 | AC83: 0 | AD83: 0 | AE83: 0 | AF83: 0 | AG83: 0 | AH83: 0 | AP83: =B83 -> 6 | AQ83: =DEC2HEX(C83)&DEC2HEX(D83)&DEC2HEX(E83)&DEC2HEX(F83) -> 0000 | AR83: =DEC2HEX(G83)&DEC2HEX(H83)&DEC2HEX(I83)&DEC2HEX(J83) -> 0000 | AS83: =DEC2HEX(K83)&DEC2HEX(L83)&DEC2HEX(M83)&DEC2HEX(N83) -> 2222 | AT83: =DEC2HEX(O83)&DEC2HEX(P83)&DEC2HEX(Q83)&DEC2HEX(R83) -> 2233 | AU83: =DEC2HEX(S83)&DEC2HEX(T83)&DEC2HEX(U83)&DEC2HEX(V83) -> 3322 | AV83: =DEC2HEX(W83)&DEC2HEX(X83)&DEC2HEX(Y83)&DEC2HEX(Z83) -> 2222 | AW83: =DEC2HEX(AA83)&DEC2HEX(AB83)&DEC2HEX(AC83)&DEC2HEX(AD83) -> 0000 | AX83: =DEC2HEX(AE83)&DEC2HEX(AF83)&DEC2HEX(AG83)&DEC2HEX(AH83) -> 0000
B84: 7 | C84: 0 | D84: 0 | E84: 0 | F84: 0 | G84: 0 | H84: 0 | I84: 0 | J84: 0 | K84: 2 | L84: 2 | M84: 2 | N84: 2 | O84: 2 | P84: 2 | Q84: 3 | R84: 3 | S84: 3 | T84: 3 | U84: 2 | V84: 2 | W84: 2 | X84: 2 | Y84: 2 | Z84: 2 | AA84: 0 | AB84: 0 | AC84: 0 | AD84: 0 | AE84: 0 | AF84: 0 | AG84: 0 | AH84: 0 | AP84: =B84 -> 7 | AQ84: =DEC2HEX(C84)&DEC2HEX(D84)&DEC2HEX(E84)&DEC2HEX(F84) -> 0000 | AR84: =DEC2HEX(G84)&DEC2HEX(H84)&DEC2HEX(I84)&DEC2HEX(J84) -> 0000 | AS84: =DEC2HEX(K84)&DEC2HEX(L84)&DEC2HEX(M84)&DEC2HEX(N84) -> 2222 | AT84: =DEC2HEX(O84)&DEC2HEX(P84)&DEC2HEX(Q84)&DEC2HEX(R84) -> 2233 | AU84: =DEC2HEX(S84)&DEC2HEX(T84)&DEC2HEX(U84)&DEC2HEX(V84) -> 3322 | AV84: =DEC2HEX(W84)&DEC2HEX(X84)&DEC2HEX(Y84)&DEC2HEX(Z84) -> 2222 | AW84: =DEC2HEX(AA84)&DEC2HEX(AB84)&DEC2HEX(AC84)&DEC2HEX(AD84) -> 0000 | AX84: =DEC2HEX(AE84)&DEC2HEX(AF84)&DEC2HEX(AG84)&DEC2HEX(AH84) -> 0000
B85: 8 | C85: 0 | D85: 0 | E85: 0 | F85: 0 | G85: 0 | H85: 0 | I85: 2 | J85: 2 | K85: 2 | L85: 2 | M85: 3 | N85: 3 | O85: 3 | P85: 3 | Q85: 4 | R85: 4 | S85: 4 | T85: 4 | U85: 3 | V85: 3 | W85: 3 | X85: 3 | Y85: 2 | Z85: 2 | AA85: 2 | AB85: 2 | AC85: 0 | AD85: 0 | AE85: 0 | AF85: 0 | AG85: 0 | AH85: 0 | AP85: =B85 -> 8 | AQ85: =DEC2HEX(C85)&DEC2HEX(D85)&DEC2HEX(E85)&DEC2HEX(F85) -> 0000 | AR85: =DEC2HEX(G85)&DEC2HEX(H85)&DEC2HEX(I85)&DEC2HEX(J85) -> 0022 | AS85: =DEC2HEX(K85)&DEC2HEX(L85)&DEC2HEX(M85)&DEC2HEX(N85) -> 2233 | AT85: =DEC2HEX(O85)&DEC2HEX(P85)&DEC2HEX(Q85)&DEC2HEX(R85) -> 3344 | AU85: =DEC2HEX(S85)&DEC2HEX(T85)&DEC2HEX(U85)&DEC2HEX(V85) -> 4433 | AV85: =DEC2HEX(W85)&DEC2HEX(X85)&DEC2HEX(Y85)&DEC2HEX(Z85) -> 3322 | AW85: =DEC2HEX(AA85)&DEC2HEX(AB85)&DEC2HEX(AC85)&DEC2HEX(AD85) -> 2200 | AX85: =DEC2HEX(AE85)&DEC2HEX(AF85)&DEC2HEX(AG85)&DEC2HEX(AH85) -> 0000
B86: 9 | C86: 0 | D86: 0 | E86: 0 | F86: 0 | G86: 0 | H86: 0 | I86: 2 | J86: 2 | K86: 2 | L86: 2 | M86: 3 | N86: 3 | O86: 3 | P86: 3 | Q86: 4 | R86: 4 | S86: 4 | T86: 4 | U86: 3 | V86: 3 | W86: 3 | X86: 3 | Y86: 2 | Z86: 2 | AA86: 2 | AB86: 2 | AC86: 0 | AD86: 0 | AE86: 0 | AF86: 0 | AG86: 0 | AH86: 0 | AP86: =B86 -> 9 | AQ86: =DEC2HEX(C86)&DEC2HEX(D86)&DEC2HEX(E86)&DEC2HEX(F86) -> 0000 | AR86: =DEC2HEX(G86)&DEC2HEX(H86)&DEC2HEX(I86)&DEC2HEX(J86) -> 0022 | AS86: =DEC2HEX(K86)&DEC2HEX(L86)&DEC2HEX(M86)&DEC2HEX(N86) -> 2233 | AT86: =DEC2HEX(O86)&DEC2HEX(P86)&DEC2HEX(Q86)&DEC2HEX(R86) -> 3344 | AU86: =DEC2HEX(S86)&DEC2HEX(T86)&DEC2HEX(U86)&DEC2HEX(V86) -> 4433 | AV86: =DEC2HEX(W86)&DEC2HEX(X86)&DEC2HEX(Y86)&DEC2HEX(Z86) -> 3322 | AW86: =DEC2HEX(AA86)&DEC2HEX(AB86)&DEC2HEX(AC86)&DEC2HEX(AD86) -> 2200 | AX86: =DEC2HEX(AE86)&DEC2HEX(AF86)&DEC2HEX(AG86)&DEC2HEX(AH86) -> 0000
B87: 10 | C87: 0 | D87: 0 | E87: 0 | F87: 0 | G87: 0 | H87: 0 | I87: 2 | J87: 2 | K87: 3 | L87: 3 | M87: 4 | N87: 4 | O87: 4 | P87: 4 | Q87: 5 | R87: 5 | S87: 5 | T87: 5 | U87: 4 | V87: 4 | W87: 4 | X87: 4 | Y87: 3 | Z87: 3 | AA87: 2 | AB87: 2 | AC87: 0 | AD87: 0 | AE87: 0 | AF87: 0 | AG87: 0 | AH87: 0 | AP87: =B87 -> 10 | AQ87: =DEC2HEX(C87)&DEC2HEX(D87)&DEC2HEX(E87)&DEC2HEX(F87) -> 0000 | AR87: =DEC2HEX(G87)&DEC2HEX(H87)&DEC2HEX(I87)&DEC2HEX(J87) -> 0022 | AS87: =DEC2HEX(K87)&DEC2HEX(L87)&DEC2HEX(M87)&DEC2HEX(N87) -> 3344 | AT87: =DEC2HEX(O87)&DEC2HEX(P87)&DEC2HEX(Q87)&DEC2HEX(R87) -> 4455 | AU87: =DEC2HEX(S87)&DEC2HEX(T87)&DEC2HEX(U87)&DEC2HEX(V87) -> 5544 | AV87: =DEC2HEX(W87)&DEC2HEX(X87)&DEC2HEX(Y87)&DEC2HEX(Z87) -> 4433 | AW87: =DEC2HEX(AA87)&DEC2HEX(AB87)&DEC2HEX(AC87)&DEC2HEX(AD87) -> 2200 | AX87: =DEC2HEX(AE87)&DEC2HEX(AF87)&DEC2HEX(AG87)&DEC2HEX(AH87) -> 0000
B88: 11 | C88: 0 | D88: 0 | E88: 0 | F88: 0 | G88: 2 | H88: 2 | I88: 2 | J88: 2 | K88: 3 | L88: 3 | M88: 4 | N88: 4 | O88: 4 | P88: 4 | Q88: 5 | R88: 5 | S88: 5 | T88: 5 | U88: 4 | V88: 4 | W88: 4 | X88: 4 | Y88: 3 | Z88: 3 | AA88: 2 | AB88: 2 | AC88: 0 | AD88: 0 | AE88: 0 | AF88: 0 | AG88: 0 | AH88: 0 | AP88: =B88 -> 11 | AQ88: =DEC2HEX(C88)&DEC2HEX(D88)&DEC2HEX(E88)&DEC2HEX(F88) -> 0000 | AR88: =DEC2HEX(G88)&DEC2HEX(H88)&DEC2HEX(I88)&DEC2HEX(J88) -> 2222 | AS88: =DEC2HEX(K88)&DEC2HEX(L88)&DEC2HEX(M88)&DEC2HEX(N88) -> 3344 | AT88: =DEC2HEX(O88)&DEC2HEX(P88)&DEC2HEX(Q88)&DEC2HEX(R88) -> 4455 | AU88: =DEC2HEX(S88)&DEC2HEX(T88)&DEC2HEX(U88)&DEC2HEX(V88) -> 5544 | AV88: =DEC2HEX(W88)&DEC2HEX(X88)&DEC2HEX(Y88)&DEC2HEX(Z88) -> 4433 | AW88: =DEC2HEX(AA88)&DEC2HEX(AB88)&DEC2HEX(AC88)&DEC2HEX(AD88) -> 2200 | AX88: =DEC2HEX(AE88)&DEC2HEX(AF88)&DEC2HEX(AG88)&DEC2HEX(AH88) -> 0000
... B108: 31 | C108: 0 | D108: 0 | E108: 0 | F108: 0 | G108: 0 | H108: 0 | I108: 0 | J108: 0 | K108: 0 | L108: 0 | M108: 0 | N108: 0 | O108: 0 | P108: 0 | Q108: 0 | R108: 0 | S108: 0 | T108: 0 | U108: 0 | V108: 0 | W108: 0 | X108: 0 | Y108: 0 | Z108: 0 | AA108: 0 | AB108: 0 | AC108: 0 | AD108: 0 | AE108: 0 | AF108: 0 | AG108: 0 | AH108: 0 | AP108: =B108 -> 31 | AQ108: =DEC2HEX(C108)&DEC2HEX(D108)&DEC2HEX(E108)&DEC2HEX(F108) -> 0000 | AR108: =DEC2HEX(G108)&DEC2HEX(H108)&DEC2HEX(I108)&DEC2HEX(J108) -> 0000 | AS108: =DEC2HEX(K108)&DEC2HEX(L108)&DEC2HEX(M108)&DEC2HEX(N108) -> 0000 | AT108: =DEC2HEX(O108)&DEC2HEX(P108)&DEC2HEX(Q108)&DEC2HEX(R108) -> 0000 | AU108: =DEC2HEX(S108)&DEC2HEX(T108)&DEC2HEX(U108)&DEC2HEX(V108) -> 0000 | AV108: =DEC2HEX(W108)&DEC2HEX(X108)&DEC2HEX(Y108)&DEC2HEX(Z108) -> 0000 | AW108: =DEC2HEX(AA108)&DEC2HEX(AB108)&DEC2HEX(AC108)&DEC2HEX(AD108) -> 0000 | AX108: =DEC2HEX(AE108)&DEC2HEX(AF108)&DEC2HEX(AG108)&DEC2HEX(AH108) -> 0000
A111: 4.Center-weighted average 3 (Storage to ROM) | AP111: =A111 -> 4.Center-weighted average 3 (Storage to ROM)
C112: 0 | D112: 1 | E112: 2 | F112: 3 | G112: 4 | H112: 5 | I112: 6 | J112: 7 | K112: 8 | L112: 9 | M112: 10 | N112: 11 | O112: 12 | P112: 13 | Q112: 14 | R112: 15 | S112: 16 | T112: 17 | U112: 18 | V112: 19 | W112: 20 | X112: 21 | Y112: 22 | Z112: 23 | AA112: 24 | AB112: 25 | AC112: 26 | AD112: 27 | AE112: 28 | AF112: 29 | AG112: 30 | AH112: 31 | AQ112: =C112&D112&E112&F112 -> 0123 | AR112: =G112&H112&I112&J112 -> 4567 | AS112: =K112&L112&M112&N112 -> 891011 | AT112: =O112&P112&Q112&R112 -> 12131415 | AU112: 16171819 | AV112: 20212223 | AW112: 24252627 | AX112: 28293031
B113: 0 | C113: 2 | D113: 2 | E113: 2 | F113: 2 | G113: 2 | H113: 2 | I113: 2 | J113: 2 | K113: 2 | L113: 2 | M113: 2 | N113: 2 | O113: 2 | P113: 2 | Q113: 2 | R113: 2 | S113: 2 | T113: 2 | U113: 2 | V113: 2 | W113: 2 | X113: 2 | Y113: 2 | Z113: 2 | AA113: 2 | AB113: 2 | AC113: 2 | AD113: 2 | AE113: 2 | AF113: 2 | AG113: 2 | AH113: 2 | AP113: =B113 -> 0 | AQ113: =DEC2HEX(C113)&DEC2HEX(D113)&DEC2HEX(E113)&DEC2HEX(F113) -> 2222 | AR113: =DEC2HEX(G113)&DEC2HEX(H113)&DEC2HEX(I113)&DEC2HEX(J113) -> 2222 | AS113: =DEC2HEX(K113)&DEC2HEX(L113)&DEC2HEX(M113)&DEC2HEX(N113) -> 2222 | AT113: =DEC2HEX(O113)&DEC2HEX(P113)&DEC2HEX(Q113)&DEC2HEX(R113) -> 2222 | AU113: =DEC2HEX(S113)&DEC2HEX(T113)&DEC2HEX(U113)&DEC2HEX(V113) -> 2222 | AV113: =DEC2HEX(W113)&DEC2HEX(X113)&DEC2HEX(Y113)&DEC2HEX(Z113) -> 2222 | AW113: =DEC2HEX(AA113)&DEC2HEX(AB113)&DEC2HEX(AC113)&DEC2HEX(AD113) -> 2222 | AX113: =DEC2HEX(AE113)&DEC2HEX(AF113)&DEC2HEX(AG113)&DEC2HEX(AH113) -> 2222
B114: 1 | C114: 2 | D114: 2 | E114: 2 | F114: 2 | G114: 2 | H114: 2 | I114: 2 | J114: 2 | K114: 2 | L114: 2 | M114: 2 | N114: 2 | O114: 2 | P114: 2 | Q114: 2 | R114: 2 | S114: 2 | T114: 2 | U114: 2 | V114: 2 | W114: 2 | X114: 2 | Y114: 2 | Z114: 2 | AA114: 2 | AB114: 2 | AC114: 2 | AD114: 2 | AE114: 2 | AF114: 2 | AG114: 2 | AH114: 2 | AP114: =B114 -> 1 | AQ114: =DEC2HEX(C114)&DEC2HEX(D114)&DEC2HEX(E114)&DEC2HEX(F114) -> 2222 | AR114: =DEC2HEX(G114)&DEC2HEX(H114)&DEC2HEX(I114)&DEC2HEX(J114) -> 2222 | AS114: =DEC2HEX(K114)&DEC2HEX(L114)&DEC2HEX(M114)&DEC2HEX(N114) -> 2222 | AT114: =DEC2HEX(O114)&DEC2HEX(P114)&DEC2HEX(Q114)&DEC2HEX(R114) -> 2222 | AU114: =DEC2HEX(S114)&DEC2HEX(T114)&DEC2HEX(U114)&DEC2HEX(V114) -> 2222 | AV114: =DEC2HEX(W114)&DEC2HEX(X114)&DEC2HEX(Y114)&DEC2HEX(Z114) -> 2222 | AW114: =DEC2HEX(AA114)&DEC2HEX(AB114)&DEC2HEX(AC114)&DEC2HEX(AD114) -> 2222 | AX114: =DEC2HEX(AE114)&DEC2HEX(AF114)&DEC2HEX(AG114)&DEC2HEX(AH114) -> 2222
B115: 2 | C115: 2 | D115: 2 | E115: 2 | F115: 2 | G115: 2 | H115: 2 | I115: 2 | J115: 2 | K115: 2 | L115: 2 | M115: 2 | N115: 2 | O115: 2 | P115: 2 | Q115: 2 | R115: 2 | S115: 2 | T115: 2 | U115: 2 | V115: 2 | W115: 2 | X115: 2 | Y115: 2 | Z115: 2 | AA115: 2 | AB115: 2 | AC115: 2 | AD115: 2 | AE115: 2 | AF115: 2 | AG115: 2 | AH115: 2 | AP115: =B115 -> 2 | AQ115: =DEC2HEX(C115)&DEC2HEX(D115)&DEC2HEX(E115)&DEC2HEX(F115) -> 2222 | AR115: =DEC2HEX(G115)&DEC2HEX(H115)&DEC2HEX(I115)&DEC2HEX(J115) -> 2222 | AS115: =DEC2HEX(K115)&DEC2HEX(L115)&DEC2HEX(M115)&DEC2HEX(N115) -> 2222 | AT115: =DEC2HEX(O115)&DEC2HEX(P115)&DEC2HEX(Q115)&DEC2HEX(R115) -> 2222 | AU115: =DEC2HEX(S115)&DEC2HEX(T115)&DEC2HEX(U115)&DEC2HEX(V115) -> 2222 | AV115: =DEC2HEX(W115)&DEC2HEX(X115)&DEC2HEX(Y115)&DEC2HEX(Z115) -> 2222 | AW115: =DEC2HEX(AA115)&DEC2HEX(AB115)&DEC2HEX(AC115)&DEC2HEX(AD115) -> 2222 | AX115: =DEC2HEX(AE115)&DEC2HEX(AF115)&DEC2HEX(AG115)&DEC2HEX(AH115) -> 2222
B116: 3 | C116: 2 | D116: 2 | E116: 2 | F116: 2 | G116: 2 | H116: 2 | I116: 2 | J116: 2 | K116: 2 | L116: 2 | M116: 2 | N116: 2 | O116: 2 | P116: 2 | Q116: 2 | R116: 2 | S116: 2 | T116: 2 | U116: 2 | V116: 2 | W116: 2 | X116: 2 | Y116: 2 | Z116: 2 | AA116: 2 | AB116: 2 | AC116: 2 | AD116: 2 | AE116: 2 | AF116: 2 | AG116: 2 | AH116: 2 | AP116: =B116 -> 3 | AQ116: =DEC2HEX(C116)&DEC2HEX(D116)&DEC2HEX(E116)&DEC2HEX(F116) -> 2222 | AR116: =DEC2HEX(G116)&DEC2HEX(H116)&DEC2HEX(I116)&DEC2HEX(J116) -> 2222 | AS116: =DEC2HEX(K116)&DEC2HEX(L116)&DEC2HEX(M116)&DEC2HEX(N116) -> 2222 | AT116: =DEC2HEX(O116)&DEC2HEX(P116)&DEC2HEX(Q116)&DEC2HEX(R116) -> 2222 | AU116: =DEC2HEX(S116)&DEC2HEX(T116)&DEC2HEX(U116)&DEC2HEX(V116) -> 2222 | AV116: =DEC2HEX(W116)&DEC2HEX(X116)&DEC2HEX(Y116)&DEC2HEX(Z116) -> 2222 | AW116: =DEC2HEX(AA116)&DEC2HEX(AB116)&DEC2HEX(AC116)&DEC2HEX(AD116) -> 2222 | AX116: =DEC2HEX(AE116)&DEC2HEX(AF116)&DEC2HEX(AG116)&DEC2HEX(AH116) -> 2222
B117: 4 | C117: 2 | D117: 2 | E117: 2 | F117: 2 | G117: 2 | H117: 2 | I117: 2 | J117: 2 | K117: 2 | L117: 2 | M117: 2 | N117: 2 | O117: 2 | P117: 2 | Q117: 2 | R117: 2 | S117: 2 | T117: 2 | U117: 2 | V117: 2 | W117: 2 | X117: 2 | Y117: 2 | Z117: 2 | AA117: 2 | AB117: 2 | AC117: 2 | AD117: 2 | AE117: 2 | AF117: 2 | AG117: 2 | AH117: 2 | AP117: =B117 -> 4 | AQ117: =DEC2HEX(C117)&DEC2HEX(D117)&DEC2HEX(E117)&DEC2HEX(F117) -> 2222 | AR117: =DEC2HEX(G117)&DEC2HEX(H117)&DEC2HEX(I117)&DEC2HEX(J117) -> 2222 | AS117: =DEC2HEX(K117)&DEC2HEX(L117)&DEC2HEX(M117)&DEC2HEX(N117) -> 2222 | AT117: =DEC2HEX(O117)&DEC2HEX(P117)&DEC2HEX(Q117)&DEC2HEX(R117) -> 2222 | AU117: =DEC2HEX(S117)&DEC2HEX(T117)&DEC2HEX(U117)&DEC2HEX(V117) -> 2222 | AV117: =DEC2HEX(W117)&DEC2HEX(X117)&DEC2HEX(Y117)&DEC2HEX(Z117) -> 2222 | AW117: =DEC2HEX(AA117)&DEC2HEX(AB117)&DEC2HEX(AC117)&DEC2HEX(AD117) -> 2222 | AX117: =DEC2HEX(AE117)&DEC2HEX(AF117)&DEC2HEX(AG117)&DEC2HEX(AH117) -> 2222
B118: 5 | C118: 2 | D118: 2 | E118: 2 | F118: 2 | G118: 2 | H118: 2 | I118: 2 | J118: 2 | K118: 2 | L118: 2 | M118: 2 | N118: 2 | O118: 2 | P118: 2 | Q118: 2 | R118: 2 | S118: 2 | T118: 2 | U118: 2 | V118: 2 | W118: 2 | X118: 2 | Y118: 2 | Z118: 2 | AA118: 2 | AB118: 2 | AC118: 2 | AD118: 2 | AE118: 2 | AF118: 2 | AG118: 2 | AH118: 2 | AP118: =B118 -> 5 | AQ118: =DEC2HEX(C118)&DEC2HEX(D118)&DEC2HEX(E118)&DEC2HEX(F118) -> 2222 | AR118: =DEC2HEX(G118)&DEC2HEX(H118)&DEC2HEX(I118)&DEC2HEX(J118) -> 2222 | AS118: =DEC2HEX(K118)&DEC2HEX(L118)&DEC2HEX(M118)&DEC2HEX(N118) -> 2222 | AT118: =DEC2HEX(O118)&DEC2HEX(P118)&DEC2HEX(Q118)&DEC2HEX(R118) -> 2222 | AU118: =DEC2HEX(S118)&DEC2HEX(T118)&DEC2HEX(U118)&DEC2HEX(V118) -> 2222 | AV118: =DEC2HEX(W118)&DEC2HEX(X118)&DEC2HEX(Y118)&DEC2HEX(Z118) -> 2222 | AW118: =DEC2HEX(AA118)&DEC2HEX(AB118)&DEC2HEX(AC118)&DEC2HEX(AD118) -> 2222 | AX118: =DEC2HEX(AE118)&DEC2HEX(AF118)&DEC2HEX(AG118)&DEC2HEX(AH118) -> 2222
B119: 6 | C119: 2 | D119: 2 | E119: 2 | F119: 2 | G119: 2 | H119: 2 | I119: 2 | J119: 2 | K119: 2 | L119: 2 | M119: 2 | N119: 2 | O119: 2 | P119: 2 | Q119: 2 | R119: 2 | S119: 2 | T119: 2 | U119: 2 | V119: 2 | W119: 2 | X119: 2 | Y119: 2 | Z119: 2 | AA119: 2 | AB119: 2 | AC119: 2 | AD119: 2 | AE119: 2 | AF119: 2 | AG119: 2 | AH119: 2 | AP119: =B119 -> 6 | AQ119: =DEC2HEX(C119)&DEC2HEX(D119)&DEC2HEX(E119)&DEC2HEX(F119) -> 2222 | AR119: =DEC2HEX(G119)&DEC2HEX(H119)&DEC2HEX(I119)&DEC2HEX(J119) -> 2222 | AS119: =DEC2HEX(K119)&DEC2HEX(L119)&DEC2HEX(M119)&DEC2HEX(N119) -> 2222 | AT119: =DEC2HEX(O119)&DEC2HEX(P119)&DEC2HEX(Q119)&DEC2HEX(R119) -> 2222 | AU119: =DEC2HEX(S119)&DEC2HEX(T119)&DEC2HEX(U119)&DEC2HEX(V119) -> 2222 | AV119: =DEC2HEX(W119)&DEC2HEX(X119)&DEC2HEX(Y119)&DEC2HEX(Z119) -> 2222 | AW119: =DEC2HEX(AA119)&DEC2HEX(AB119)&DEC2HEX(AC119)&DEC2HEX(AD119) -> 2222 | AX119: =DEC2HEX(AE119)&DEC2HEX(AF119)&DEC2HEX(AG119)&DEC2HEX(AH119) -> 2222
B120: 7 | C120: 2 | D120: 2 | E120: 2 | F120: 2 | G120: 2 | H120: 2 | I120: 2 | J120: 2 | K120: 2 | L120: 2 | M120: 2 | N120: 2 | O120: 2 | P120: 2 | Q120: 2 | R120: 2 | S120: 2 | T120: 2 | U120: 2 | V120: 2 | W120: 2 | X120: 2 | Y120: 2 | Z120: 2 | AA120: 2 | AB120: 2 | AC120: 2 | AD120: 2 | AE120: 2 | AF120: 2 | AG120: 2 | AH120: 2 | AP120: =B120 -> 7 | AQ120: =DEC2HEX(C120)&DEC2HEX(D120)&DEC2HEX(E120)&DEC2HEX(F120) -> 2222 | AR120: =DEC2HEX(G120)&DEC2HEX(H120)&DEC2HEX(I120)&DEC2HEX(J120) -> 2222 | AS120: =DEC2HEX(K120)&DEC2HEX(L120)&DEC2HEX(M120)&DEC2HEX(N120) -> 2222 | AT120: =DEC2HEX(O120)&DEC2HEX(P120)&DEC2HEX(Q120)&DEC2HEX(R120) -> 2222 | AU120: =DEC2HEX(S120)&DEC2HEX(T120)&DEC2HEX(U120)&DEC2HEX(V120) -> 2222 | AV120: =DEC2HEX(W120)&DEC2HEX(X120)&DEC2HEX(Y120)&DEC2HEX(Z120) -> 2222 | AW120: =DEC2HEX(AA120)&DEC2HEX(AB120)&DEC2HEX(AC120)&DEC2HEX(AD120) -> 2222 | AX120: =DEC2HEX(AE120)&DEC2HEX(AF120)&DEC2HEX(AG120)&DEC2HEX(AH120) -> 2222
B121: 8 | C121: 2 | D121: 2 | E121: 2 | F121: 2 | G121: 2 | H121: 2 | I121: 2 | J121: 2 | K121: 2 | L121: 2 | M121: 2 | N121: 2 | O121: 2 | P121: 2 | Q121: 2 | R121: 2 | S121: 2 | T121: 2 | U121: 2 | V121: 2 | W121: 2 | X121: 2 | Y121: 2 | Z121: 2 | AA121: 2 | AB121: 2 | AC121: 2 | AD121: 2 | AE121: 2 | AF121: 2 | AG121: 2 | AH121: 2 | AP121: =B121 -> 8 | AQ121: =DEC2HEX(C121)&DEC2HEX(D121)&DEC2HEX(E121)&DEC2HEX(F121) -> 2222 | AR121: =DEC2HEX(G121)&DEC2HEX(H121)&DEC2HEX(I121)&DEC2HEX(J121) -> 2222 | AS121: =DEC2HEX(K121)&DEC2HEX(L121)&DEC2HEX(M121)&DEC2HEX(N121) -> 2222 | AT121: =DEC2HEX(O121)&DEC2HEX(P121)&DEC2HEX(Q121)&DEC2HEX(R121) -> 2222 | AU121: =DEC2HEX(S121)&DEC2HEX(T121)&DEC2HEX(U121)&DEC2HEX(V121) -> 2222 | AV121: =DEC2HEX(W121)&DEC2HEX(X121)&DEC2HEX(Y121)&DEC2HEX(Z121) -> 2222 | AW121: =DEC2HEX(AA121)&DEC2HEX(AB121)&DEC2HEX(AC121)&DEC2HEX(AD121) -> 2222 | AX121: =DEC2HEX(AE121)&DEC2HEX(AF121)&DEC2HEX(AG121)&DEC2HEX(AH121) -> 2222
B122: 9 | C122: 2 | D122: 2 | E122: 2 | F122: 2 | G122: 2 | H122: 2 | I122: 2 | J122: 2 | K122: 2 | L122: 2 | M122: 2 | N122: 2 | O122: 2 | P122: 2 | Q122: 2 | R122: 2 | S122: 2 | T122: 2 | U122: 2 | V122: 2 | W122: 2 | X122: 2 | Y122: 2 | Z122: 2 | AA122: 2 | AB122: 2 | AC122: 2 | AD122: 2 | AE122: 2 | AF122: 2 | AG122: 2 | AH122: 2 | AP122: =B122 -> 9 | AQ122: =DEC2HEX(C122)&DEC2HEX(D122)&DEC2HEX(E122)&DEC2HEX(F122) -> 2222 | AR122: =DEC2HEX(G122)&DEC2HEX(H122)&DEC2HEX(I122)&DEC2HEX(J122) -> 2222 | AS122: =DEC2HEX(K122)&DEC2HEX(L122)&DEC2HEX(M122)&DEC2HEX(N122) -> 2222 | AT122: =DEC2HEX(O122)&DEC2HEX(P122)&DEC2HEX(Q122)&DEC2HEX(R122) -> 2222 | AU122: =DEC2HEX(S122)&DEC2HEX(T122)&DEC2HEX(U122)&DEC2HEX(V122) -> 2222 | AV122: =DEC2HEX(W122)&DEC2HEX(X122)&DEC2HEX(Y122)&DEC2HEX(Z122) -> 2222 | AW122: =DEC2HEX(AA122)&DEC2HEX(AB122)&DEC2HEX(AC122)&DEC2HEX(AD122) -> 2222 | AX122: =DEC2HEX(AE122)&DEC2HEX(AF122)&DEC2HEX(AG122)&DEC2HEX(AH122) -> 2222
B123: 10 | C123: 2 | D123: 2 | E123: 2 | F123: 2 | G123: 2 | H123: 2 | I123: 2 | J123: 2 | K123: 2 | L123: 2 | M123: 2 | N123: 2 | O123: 3 | P123: 3 | Q123: 3 | R123: 3 | S123: 3 | T123: 3 | U123: 3 | V123: 3 | W123: 2 | X123: 2 | Y123: 2 | Z123: 2 | AA123: 2 | AB123: 2 | AC123: 2 | AD123: 2 | AE123: 2 | AF123: 2 | AG123: 2 | AH123: 2 | AP123: =B123 -> 10 | AQ123: =DEC2HEX(C123)&DEC2HEX(D123)&DEC2HEX(E123)&DEC2HEX(F123) -> 2222 | AR123: =DEC2HEX(G123)&DEC2HEX(H123)&DEC2HEX(I123)&DEC2HEX(J123) -> 2222 | AS123: =DEC2HEX(K123)&DEC2HEX(L123)&DEC2HEX(M123)&DEC2HEX(N123) -> 2222 | AT123: =DEC2HEX(O123)&DEC2HEX(P123)&DEC2HEX(Q123)&DEC2HEX(R123) -> 3333 | AU123: =DEC2HEX(S123)&DEC2HEX(T123)&DEC2HEX(U123)&DEC2HEX(V123) -> 3333 | AV123: =DEC2HEX(W123)&DEC2HEX(X123)&DEC2HEX(Y123)&DEC2HEX(Z123) -> 2222 | AW123: =DEC2HEX(AA123)&DEC2HEX(AB123)&DEC2HEX(AC123)&DEC2HEX(AD123) -> 2222 | AX123: =DEC2HEX(AE123)&DEC2HEX(AF123)&DEC2HEX(AG123)&DEC2HEX(AH123) -> 2222
B124: 11 | C124: 2 | D124: 2 | E124: 2 | F124: 2 | G124: 2 | H124: 2 | I124: 2 | J124: 2 | K124: 2 | L124: 2 | M124: 2 | N124: 2 | O124: 3 | P124: 3 | Q124: 3 | R124: 3 | S124: 3 | T124: 3 | U124: 3 | V124: 3 | W124: 2 | X124: 2 | Y124: 2 | Z124: 2 | AA124: 2 | AB124: 2 | AC124: 2 | AD124: 2 | AE124: 2 | AF124: 2 | AG124: 2 | AH124: 2 | AP124: =B124 -> 11 | AQ124: =DEC2HEX(C124)&DEC2HEX(D124)&DEC2HEX(E124)&DEC2HEX(F124) -> 2222 | AR124: =DEC2HEX(G124)&DEC2HEX(H124)&DEC2HEX(I124)&DEC2HEX(J124) -> 2222 | AS124: =DEC2HEX(K124)&DEC2HEX(L124)&DEC2HEX(M124)&DEC2HEX(N124) -> 2222 | AT124: =DEC2HEX(O124)&DEC2HEX(P124)&DEC2HEX(Q124)&DEC2HEX(R124) -> 3333 | AU124: =DEC2HEX(S124)&DEC2HEX(T124)&DEC2HEX(U124)&DEC2HEX(V124) -> 3333 | AV124: =DEC2HEX(W124)&DEC2HEX(X124)&DEC2HEX(Y124)&DEC2HEX(Z124) -> 2222 | AW124: =DEC2HEX(AA124)&DEC2HEX(AB124)&DEC2HEX(AC124)&DEC2HEX(AD124) -> 2222 | AX124: =DEC2HEX(AE124)&DEC2HEX(AF124)&DEC2HEX(AG124)&DEC2HEX(AH124) -> 2222
... B144: 31 | C144: 2 | D144: 2 | E144: 2 | F144: 2 | G144: 2 | H144: 2 | I144: 2 | J144: 2 | K144: 2 | L144: 2 | M144: 2 | N144: 2 | O144: 2 | P144: 2 | Q144: 2 | R144: 2 | S144: 2 | T144: 2 | U144: 2 | V144: 2 | W144: 2 | X144: 2 | Y144: 2 | Z144: 2 | AA144: 2 | AB144: 2 | AC144: 2 | AD144: 2 | AE144: 2 | AF144: 2 | AG144: 2 | AH144: 2 | AP144: =B144 -> 31 | AQ144: =DEC2HEX(C144)&DEC2HEX(D144)&DEC2HEX(E144)&DEC2HEX(F144) -> 2222 | AR144: =DEC2HEX(G144)&DEC2HEX(H144)&DEC2HEX(I144)&DEC2HEX(J144) -> 2222 | AS144: =DEC2HEX(K144)&DEC2HEX(L144)&DEC2HEX(M144)&DEC2HEX(N144) -> 2222 | AT144: =DEC2HEX(O144)&DEC2HEX(P144)&DEC2HEX(Q144)&DEC2HEX(R144) -> 2222 | AU144: =DEC2HEX(S144)&DEC2HEX(T144)&DEC2HEX(U144)&DEC2HEX(V144) -> 2222 | AV144: =DEC2HEX(W144)&DEC2HEX(X144)&DEC2HEX(Y144)&DEC2HEX(Z144) -> 2222 | AW144: =DEC2HEX(AA144)&DEC2HEX(AB144)&DEC2HEX(AC144)&DEC2HEX(AD144) -> 2222 | AX144: =DEC2HEX(AE144)&DEC2HEX(AF144)&DEC2HEX(AG144)&DEC2HEX(AH144) -> 2222
A147: 5.Spot 1 (Storage to ROM) | AP147: =A147 -> 5.Spot 1 (Storage to ROM)
C148: 0 | D148: 1 | E148: 2 | F148: 3 | G148: 4 | H148: 5 | I148: 6 | J148: 7 | K148: 8 | L148: 9 | M148: 10 | N148: 11 | O148: 12 | P148: 13 | Q148: 14 | R148: 15 | S148: 16 | T148: 17 | U148: 18 | V148: 19 | W148: 20 | X148: 21 | Y148: 22 | Z148: 23 | AA148: 24 | AB148: 25 | AC148: 26 | AD148: 27 | AE148: 28 | AF148: 29 | AG148: 30 | AH148: 31 | AQ148: =C148&D148&E148&F148 -> 0123 | AR148: =G148&H148&I148&J148 -> 4567 | AS148: =K148&L148&M148&N148 -> 891011 | AT148: =O148&P148&Q148&R148 -> 12131415 | AU148: 16171819 | AV148: 20212223 | AW148: 24252627 | AX148: 28293031
B149: 0 | C149: 0 | D149: 0 | E149: 0 | F149: 0 | G149: 0 | H149: 0 | I149: 0 | J149: 0 | K149: 0 | L149: 0 | M149: 0 | N149: 0 | O149: 0 | P149: 0 | Q149: 0 | R149: 0 | S149: 0 | T149: 0 | U149: 0 | V149: 0 | W149: 0 | X149: 0 | Y149: 0 | Z149: 0 | AA149: 0 | AB149: 0 | AC149: 0 | AD149: 0 | AE149: 0 | AF149: 0 | AG149: 0 | AH149: 0 | AP149: =B149 -> 0 | AQ149: =DEC2HEX(C149)&DEC2HEX(D149)&DEC2HEX(E149)&DEC2HEX(F149) -> 0000 | AR149: =DEC2HEX(G149)&DEC2HEX(H149)&DEC2HEX(I149)&DEC2HEX(J149) -> 0000 | AS149: =DEC2HEX(K149)&DEC2HEX(L149)&DEC2HEX(M149)&DEC2HEX(N149) -> 0000 | AT149: =DEC2HEX(O149)&DEC2HEX(P149)&DEC2HEX(Q149)&DEC2HEX(R149) -> 0000 | AU149: =DEC2HEX(S149)&DEC2HEX(T149)&DEC2HEX(U149)&DEC2HEX(V149) -> 0000 | AV149: =DEC2HEX(W149)&DEC2HEX(X149)&DEC2HEX(Y149)&DEC2HEX(Z149) -> 0000 | AW149: =DEC2HEX(AA149)&DEC2HEX(AB149)&DEC2HEX(AC149)&DEC2HEX(AD149) -> 0000 | AX149: =DEC2HEX(AE149)&DEC2HEX(AF149)&DEC2HEX(AG149)&DEC2HEX(AH149) -> 0000
B150: 1 | C150: 0 | D150: 0 | E150: 0 | F150: 0 | G150: 0 | H150: 0 | I150: 0 | J150: 0 | K150: 0 | L150: 0 | M150: 0 | N150: 0 | O150: 0 | P150: 0 | Q150: 0 | R150: 0 | S150: 0 | T150: 0 | U150: 0 | V150: 0 | W150: 0 | X150: 0 | Y150: 0 | Z150: 0 | AA150: 0 | AB150: 0 | AC150: 0 | AD150: 0 | AE150: 0 | AF150: 0 | AG150: 0 | AH150: 0 | AP150: =B150 -> 1 | AQ150: =DEC2HEX(C150)&DEC2HEX(D150)&DEC2HEX(E150)&DEC2HEX(F150) -> 0000 | AR150: =DEC2HEX(G150)&DEC2HEX(H150)&DEC2HEX(I150)&DEC2HEX(J150) -> 0000 | AS150: =DEC2HEX(K150)&DEC2HEX(L150)&DEC2HEX(M150)&DEC2HEX(N150) -> 0000 | AT150: =DEC2HEX(O150)&DEC2HEX(P150)&DEC2HEX(Q150)&DEC2HEX(R150) -> 0000 | AU150: =DEC2HEX(S150)&DEC2HEX(T150)&DEC2HEX(U150)&DEC2HEX(V150) -> 0000 | AV150: =DEC2HEX(W150)&DEC2HEX(X150)&DEC2HEX(Y150)&DEC2HEX(Z150) -> 0000 | AW150: =DEC2HEX(AA150)&DEC2HEX(AB150)&DEC2HEX(AC150)&DEC2HEX(AD150) -> 0000 | AX150: =DEC2HEX(AE150)&DEC2HEX(AF150)&DEC2HEX(AG150)&DEC2HEX(AH150) -> 0000
B151: 2 | C151: 0 | D151: 0 | E151: 0 | F151: 0 | G151: 0 | H151: 0 | I151: 0 | J151: 0 | K151: 0 | L151: 0 | M151: 0 | N151: 0 | O151: 0 | P151: 0 | Q151: 0 | R151: 0 | S151: 0 | T151: 0 | U151: 0 | V151: 0 | W151: 0 | X151: 0 | Y151: 0 | Z151: 0 | AA151: 0 | AB151: 0 | AC151: 0 | AD151: 0 | AE151: 0 | AF151: 0 | AG151: 0 | AH151: 0 | AP151: =B151 -> 2 | AQ151: =DEC2HEX(C151)&DEC2HEX(D151)&DEC2HEX(E151)&DEC2HEX(F151) -> 0000 | AR151: =DEC2HEX(G151)&DEC2HEX(H151)&DEC2HEX(I151)&DEC2HEX(J151) -> 0000 | AS151: =DEC2HEX(K151)&DEC2HEX(L151)&DEC2HEX(M151)&DEC2HEX(N151) -> 0000 | AT151: =DEC2HEX(O151)&DEC2HEX(P151)&DEC2HEX(Q151)&DEC2HEX(R151) -> 0000 | AU151: =DEC2HEX(S151)&DEC2HEX(T151)&DEC2HEX(U151)&DEC2HEX(V151) -> 0000 | AV151: =DEC2HEX(W151)&DEC2HEX(X151)&DEC2HEX(Y151)&DEC2HEX(Z151) -> 0000 | AW151: =DEC2HEX(AA151)&DEC2HEX(AB151)&DEC2HEX(AC151)&DEC2HEX(AD151) -> 0000 | AX151: =DEC2HEX(AE151)&DEC2HEX(AF151)&DEC2HEX(AG151)&DEC2HEX(AH151) -> 0000
B152: 3 | C152: 0 | D152: 0 | E152: 0 | F152: 0 | G152: 0 | H152: 0 | I152: 0 | J152: 0 | K152: 0 | L152: 0 | M152: 0 | N152: 0 | O152: 0 | P152: 0 | Q152: 0 | R152: 0 | S152: 0 | T152: 0 | U152: 0 | V152: 0 | W152: 0 | X152: 0 | Y152: 0 | Z152: 0 | AA152: 0 | AB152: 0 | AC152: 0 | AD152: 0 | AE152: 0 | AF152: 0 | AG152: 0 | AH152: 0 | AP152: =B152 -> 3 | AQ152: =DEC2HEX(C152)&DEC2HEX(D152)&DEC2HEX(E152)&DEC2HEX(F152) -> 0000 | AR152: =DEC2HEX(G152)&DEC2HEX(H152)&DEC2HEX(I152)&DEC2HEX(J152) -> 0000 | AS152: =DEC2HEX(K152)&DEC2HEX(L152)&DEC2HEX(M152)&DEC2HEX(N152) -> 0000 | AT152: =DEC2HEX(O152)&DEC2HEX(P152)&DEC2HEX(Q152)&DEC2HEX(R152) -> 0000 | AU152: =DEC2HEX(S152)&DEC2HEX(T152)&DEC2HEX(U152)&DEC2HEX(V152) -> 0000 | AV152: =DEC2HEX(W152)&DEC2HEX(X152)&DEC2HEX(Y152)&DEC2HEX(Z152) -> 0000 | AW152: =DEC2HEX(AA152)&DEC2HEX(AB152)&DEC2HEX(AC152)&DEC2HEX(AD152) -> 0000 | AX152: =DEC2HEX(AE152)&DEC2HEX(AF152)&DEC2HEX(AG152)&DEC2HEX(AH152) -> 0000
B153: 4 | C153: 0 | D153: 0 | E153: 0 | F153: 0 | G153: 0 | H153: 0 | I153: 0 | J153: 0 | K153: 0 | L153: 0 | M153: 0 | N153: 0 | O153: 0 | P153: 0 | Q153: 0 | R153: 0 | S153: 0 | T153: 0 | U153: 0 | V153: 0 | W153: 0 | X153: 0 | Y153: 0 | Z153: 0 | AA153: 0 | AB153: 0 | AC153: 0 | AD153: 0 | AE153: 0 | AF153: 0 | AG153: 0 | AH153: 0 | AP153: =B153 -> 4 | AQ153: =DEC2HEX(C153)&DEC2HEX(D153)&DEC2HEX(E153)&DEC2HEX(F153) -> 0000 | AR153: =DEC2HEX(G153)&DEC2HEX(H153)&DEC2HEX(I153)&DEC2HEX(J153) -> 0000 | AS153: =DEC2HEX(K153)&DEC2HEX(L153)&DEC2HEX(M153)&DEC2HEX(N153) -> 0000 | AT153: =DEC2HEX(O153)&DEC2HEX(P153)&DEC2HEX(Q153)&DEC2HEX(R153) -> 0000 | AU153: =DEC2HEX(S153)&DEC2HEX(T153)&DEC2HEX(U153)&DEC2HEX(V153) -> 0000 | AV153: =DEC2HEX(W153)&DEC2HEX(X153)&DEC2HEX(Y153)&DEC2HEX(Z153) -> 0000 | AW153: =DEC2HEX(AA153)&DEC2HEX(AB153)&DEC2HEX(AC153)&DEC2HEX(AD153) -> 0000 | AX153: =DEC2HEX(AE153)&DEC2HEX(AF153)&DEC2HEX(AG153)&DEC2HEX(AH153) -> 0000
B154: 5 | C154: 0 | D154: 0 | E154: 0 | F154: 0 | G154: 0 | H154: 0 | I154: 0 | J154: 0 | K154: 0 | L154: 0 | M154: 0 | N154: 0 | O154: 0 | P154: 0 | Q154: 0 | R154: 0 | S154: 0 | T154: 0 | U154: 0 | V154: 0 | W154: 0 | X154: 0 | Y154: 0 | Z154: 0 | AA154: 0 | AB154: 0 | AC154: 0 | AD154: 0 | AE154: 0 | AF154: 0 | AG154: 0 | AH154: 0 | AP154: =B154 -> 5 | AQ154: =DEC2HEX(C154)&DEC2HEX(D154)&DEC2HEX(E154)&DEC2HEX(F154) -> 0000 | AR154: =DEC2HEX(G154)&DEC2HEX(H154)&DEC2HEX(I154)&DEC2HEX(J154) -> 0000 | AS154: =DEC2HEX(K154)&DEC2HEX(L154)&DEC2HEX(M154)&DEC2HEX(N154) -> 0000 | AT154: =DEC2HEX(O154)&DEC2HEX(P154)&DEC2HEX(Q154)&DEC2HEX(R154) -> 0000 | AU154: =DEC2HEX(S154)&DEC2HEX(T154)&DEC2HEX(U154)&DEC2HEX(V154) -> 0000 | AV154: =DEC2HEX(W154)&DEC2HEX(X154)&DEC2HEX(Y154)&DEC2HEX(Z154) -> 0000 | AW154: =DEC2HEX(AA154)&DEC2HEX(AB154)&DEC2HEX(AC154)&DEC2HEX(AD154) -> 0000 | AX154: =DEC2HEX(AE154)&DEC2HEX(AF154)&DEC2HEX(AG154)&DEC2HEX(AH154) -> 0000
B155: 6 | C155: 0 | D155: 0 | E155: 0 | F155: 0 | G155: 0 | H155: 0 | I155: 0 | J155: 0 | K155: 0 | L155: 0 | M155: 0 | N155: 0 | O155: 0 | P155: 0 | Q155: 0 | R155: 0 | S155: 0 | T155: 0 | U155: 0 | V155: 0 | W155: 0 | X155: 0 | Y155: 0 | Z155: 0 | AA155: 0 | AB155: 0 | AC155: 0 | AD155: 0 | AE155: 0 | AF155: 0 | AG155: 0 | AH155: 0 | AP155: =B155 -> 6 | AQ155: =DEC2HEX(C155)&DEC2HEX(D155)&DEC2HEX(E155)&DEC2HEX(F155) -> 0000 | AR155: =DEC2HEX(G155)&DEC2HEX(H155)&DEC2HEX(I155)&DEC2HEX(J155) -> 0000 | AS155: =DEC2HEX(K155)&DEC2HEX(L155)&DEC2HEX(M155)&DEC2HEX(N155) -> 0000 | AT155: =DEC2HEX(O155)&DEC2HEX(P155)&DEC2HEX(Q155)&DEC2HEX(R155) -> 0000 | AU155: =DEC2HEX(S155)&DEC2HEX(T155)&DEC2HEX(U155)&DEC2HEX(V155) -> 0000 | AV155: =DEC2HEX(W155)&DEC2HEX(X155)&DEC2HEX(Y155)&DEC2HEX(Z155) -> 0000 | AW155: =DEC2HEX(AA155)&DEC2HEX(AB155)&DEC2HEX(AC155)&DEC2HEX(AD155) -> 0000 | AX155: =DEC2HEX(AE155)&DEC2HEX(AF155)&DEC2HEX(AG155)&DEC2HEX(AH155) -> 0000
B156: 7 | C156: 0 | D156: 0 | E156: 0 | F156: 0 | G156: 0 | H156: 0 | I156: 0 | J156: 0 | K156: 0 | L156: 0 | M156: 0 | N156: 0 | O156: 0 | P156: 0 | Q156: 0 | R156: 0 | S156: 0 | T156: 0 | U156: 0 | V156: 0 | W156: 0 | X156: 0 | Y156: 0 | Z156: 0 | AA156: 0 | AB156: 0 | AC156: 0 | AD156: 0 | AE156: 0 | AF156: 0 | AG156: 0 | AH156: 0 | AP156: =B156 -> 7 | AQ156: =DEC2HEX(C156)&DEC2HEX(D156)&DEC2HEX(E156)&DEC2HEX(F156) -> 0000 | AR156: =DEC2HEX(G156)&DEC2HEX(H156)&DEC2HEX(I156)&DEC2HEX(J156) -> 0000 | AS156: =DEC2HEX(K156)&DEC2HEX(L156)&DEC2HEX(M156)&DEC2HEX(N156) -> 0000 | AT156: =DEC2HEX(O156)&DEC2HEX(P156)&DEC2HEX(Q156)&DEC2HEX(R156) -> 0000 | AU156: =DEC2HEX(S156)&DEC2HEX(T156)&DEC2HEX(U156)&DEC2HEX(V156) -> 0000 | AV156: =DEC2HEX(W156)&DEC2HEX(X156)&DEC2HEX(Y156)&DEC2HEX(Z156) -> 0000 | AW156: =DEC2HEX(AA156)&DEC2HEX(AB156)&DEC2HEX(AC156)&DEC2HEX(AD156) -> 0000 | AX156: =DEC2HEX(AE156)&DEC2HEX(AF156)&DEC2HEX(AG156)&DEC2HEX(AH156) -> 0000
B157: 8 | C157: 0 | D157: 0 | E157: 0 | F157: 0 | G157: 0 | H157: 0 | I157: 0 | J157: 0 | K157: 0 | L157: 0 | M157: 0 | N157: 0 | O157: 0 | P157: 0 | Q157: 0 | R157: 0 | S157: 0 | T157: 0 | U157: 0 | V157: 0 | W157: 0 | X157: 0 | Y157: 0 | Z157: 0 | AA157: 0 | AB157: 0 | AC157: 0 | AD157: 0 | AE157: 0 | AF157: 0 | AG157: 0 | AH157: 0 | AP157: =B157 -> 8 | AQ157: =DEC2HEX(C157)&DEC2HEX(D157)&DEC2HEX(E157)&DEC2HEX(F157) -> 0000 | AR157: =DEC2HEX(G157)&DEC2HEX(H157)&DEC2HEX(I157)&DEC2HEX(J157) -> 0000 | AS157: =DEC2HEX(K157)&DEC2HEX(L157)&DEC2HEX(M157)&DEC2HEX(N157) -> 0000 | AT157: =DEC2HEX(O157)&DEC2HEX(P157)&DEC2HEX(Q157)&DEC2HEX(R157) -> 0000 | AU157: =DEC2HEX(S157)&DEC2HEX(T157)&DEC2HEX(U157)&DEC2HEX(V157) -> 0000 | AV157: =DEC2HEX(W157)&DEC2HEX(X157)&DEC2HEX(Y157)&DEC2HEX(Z157) -> 0000 | AW157: =DEC2HEX(AA157)&DEC2HEX(AB157)&DEC2HEX(AC157)&DEC2HEX(AD157) -> 0000 | AX157: =DEC2HEX(AE157)&DEC2HEX(AF157)&DEC2HEX(AG157)&DEC2HEX(AH157) -> 0000
B158: 9 | C158: 0 | D158: 0 | E158: 0 | F158: 0 | G158: 0 | H158: 0 | I158: 0 | J158: 0 | K158: 0 | L158: 0 | M158: 0 | N158: 0 | O158: 0 | P158: 0 | Q158: 0 | R158: 0 | S158: 0 | T158: 0 | U158: 0 | V158: 0 | W158: 0 | X158: 0 | Y158: 0 | Z158: 0 | AA158: 0 | AB158: 0 | AC158: 0 | AD158: 0 | AE158: 0 | AF158: 0 | AG158: 0 | AH158: 0 | AP158: =B158 -> 9 | AQ158: =DEC2HEX(C158)&DEC2HEX(D158)&DEC2HEX(E158)&DEC2HEX(F158) -> 0000 | AR158: =DEC2HEX(G158)&DEC2HEX(H158)&DEC2HEX(I158)&DEC2HEX(J158) -> 0000 | AS158: =DEC2HEX(K158)&DEC2HEX(L158)&DEC2HEX(M158)&DEC2HEX(N158) -> 0000 | AT158: =DEC2HEX(O158)&DEC2HEX(P158)&DEC2HEX(Q158)&DEC2HEX(R158) -> 0000 | AU158: =DEC2HEX(S158)&DEC2HEX(T158)&DEC2HEX(U158)&DEC2HEX(V158) -> 0000 | AV158: =DEC2HEX(W158)&DEC2HEX(X158)&DEC2HEX(Y158)&DEC2HEX(Z158) -> 0000 | AW158: =DEC2HEX(AA158)&DEC2HEX(AB158)&DEC2HEX(AC158)&DEC2HEX(AD158) -> 0000 | AX158: =DEC2HEX(AE158)&DEC2HEX(AF158)&DEC2HEX(AG158)&DEC2HEX(AH158) -> 0000
B159: 10 | C159: 0 | D159: 0 | E159: 0 | F159: 0 | G159: 0 | H159: 0 | I159: 0 | J159: 0 | K159: 0 | L159: 0 | M159: 0 | N159: 0 | O159: 0 | P159: 0 | Q159: 0 | R159: 0 | S159: 0 | T159: 0 | U159: 0 | V159: 0 | W159: 0 | X159: 0 | Y159: 0 | Z159: 0 | AA159: 0 | AB159: 0 | AC159: 0 | AD159: 0 | AE159: 0 | AF159: 0 | AG159: 0 | AH159: 0 | AP159: =B159 -> 10 | AQ159: =DEC2HEX(C159)&DEC2HEX(D159)&DEC2HEX(E159)&DEC2HEX(F159) -> 0000 | AR159: =DEC2HEX(G159)&DEC2HEX(H159)&DEC2HEX(I159)&DEC2HEX(J159) -> 0000 | AS159: =DEC2HEX(K159)&DEC2HEX(L159)&DEC2HEX(M159)&DEC2HEX(N159) -> 0000 | AT159: =DEC2HEX(O159)&DEC2HEX(P159)&DEC2HEX(Q159)&DEC2HEX(R159) -> 0000 | AU159: =DEC2HEX(S159)&DEC2HEX(T159)&DEC2HEX(U159)&DEC2HEX(V159) -> 0000 | AV159: =DEC2HEX(W159)&DEC2HEX(X159)&DEC2HEX(Y159)&DEC2HEX(Z159) -> 0000 | AW159: =DEC2HEX(AA159)&DEC2HEX(AB159)&DEC2HEX(AC159)&DEC2HEX(AD159) -> 0000 | AX159: =DEC2HEX(AE159)&DEC2HEX(AF159)&DEC2HEX(AG159)&DEC2HEX(AH159) -> 0000
B160: 11 | C160: 0 | D160: 0 | E160: 0 | F160: 0 | G160: 0 | H160: 0 | I160: 0 | J160: 0 | K160: 0 | L160: 0 | M160: 0 | N160: 0 | O160: 0 | P160: 0 | Q160: 0 | R160: 0 | S160: 0 | T160: 0 | U160: 0 | V160: 0 | W160: 0 | X160: 0 | Y160: 0 | Z160: 0 | AA160: 0 | AB160: 0 | AC160: 0 | AD160: 0 | AE160: 0 | AF160: 0 | AG160: 0 | AH160: 0 | AP160: =B160 -> 11 | AQ160: =DEC2HEX(C160)&DEC2HEX(D160)&DEC2HEX(E160)&DEC2HEX(F160) -> 0000 | AR160: =DEC2HEX(G160)&DEC2HEX(H160)&DEC2HEX(I160)&DEC2HEX(J160) -> 0000 | AS160: =DEC2HEX(K160)&DEC2HEX(L160)&DEC2HEX(M160)&DEC2HEX(N160) -> 0000 | AT160: =DEC2HEX(O160)&DEC2HEX(P160)&DEC2HEX(Q160)&DEC2HEX(R160) -> 0000 | AU160: =DEC2HEX(S160)&DEC2HEX(T160)&DEC2HEX(U160)&DEC2HEX(V160) -> 0000 | AV160: =DEC2HEX(W160)&DEC2HEX(X160)&DEC2HEX(Y160)&DEC2HEX(Z160) -> 0000 | AW160: =DEC2HEX(AA160)&DEC2HEX(AB160)&DEC2HEX(AC160)&DEC2HEX(AD160) -> 0000 | AX160: =DEC2HEX(AE160)&DEC2HEX(AF160)&DEC2HEX(AG160)&DEC2HEX(AH160) -> 0000
... B180: 31 | C180: 0 | D180: 0 | E180: 0 | F180: 0 | G180: 0 | H180: 0 | I180: 0 | J180: 0 | K180: 0 | L180: 0 | M180: 0 | N180: 0 | O180: 0 | P180: 0 | Q180: 0 | R180: 0 | S180: 0 | T180: 0 | U180: 0 | V180: 0 | W180: 0 | X180: 0 | Y180: 0 | Z180: 0 | AA180: 0 | AB180: 0 | AC180: 0 | AD180: 0 | AE180: 0 | AF180: 0 | AG180: 0 | AH180: 0 | AP180: =B180 -> 31 | AQ180: =DEC2HEX(C180)&DEC2HEX(D180)&DEC2HEX(E180)&DEC2HEX(F180) -> 0000 | AR180: =DEC2HEX(G180)&DEC2HEX(H180)&DEC2HEX(I180)&DEC2HEX(J180) -> 0000 | AS180: =DEC2HEX(K180)&DEC2HEX(L180)&DEC2HEX(M180)&DEC2HEX(N180) -> 0000 | AT180: =DEC2HEX(O180)&DEC2HEX(P180)&DEC2HEX(Q180)&DEC2HEX(R180) -> 0000 | AU180: =DEC2HEX(S180)&DEC2HEX(T180)&DEC2HEX(U180)&DEC2HEX(V180) -> 0000 | AV180: =DEC2HEX(W180)&DEC2HEX(X180)&DEC2HEX(Y180)&DEC2HEX(Z180) -> 0000 | AW180: =DEC2HEX(AA180)&DEC2HEX(AB180)&DEC2HEX(AC180)&DEC2HEX(AD180) -> 0000 | AX180: =DEC2HEX(AE180)&DEC2HEX(AF180)&DEC2HEX(AG180)&DEC2HEX(AH180) -> 0000
A183: 6.Spot 2 (Storage to ROM) | AP183: =A183 -> 6.Spot 2 (Storage to ROM)
C184: 0 | D184: 1 | E184: 2 | F184: 3 | G184: 4 | H184: 5 | I184: 6 | J184: 7 | K184: 8 | L184: 9 | M184: 10 | N184: 11 | O184: 12 | P184: 13 | Q184: 14 | R184: 15 | S184: 16 | T184: 17 | U184: 18 | V184: 19 | W184: 20 | X184: 21 | Y184: 22 | Z184: 23 | AA184: 24 | AB184: 25 | AC184: 26 | AD184: 27 | AE184: 28 | AF184: 29 | AG184: 30 | AH184: 31 | AQ184: =C184&D184&E184&F184 -> 0123 | AR184: =G184&H184&I184&J184 -> 4567 | AS184: =K184&L184&M184&N184 -> 891011 | AT184: =O184&P184&Q184&R184 -> 12131415 | AU184: 16171819 | AV184: 20212223 | AW184: 24252627 | AX184: 28293031
B185: 0 | C185: 0 | D185: 0 | E185: 0 | F185: 0 | G185: 0 | H185: 0 | I185: 0 | J185: 0 | K185: 0 | L185: 0 | M185: 0 | N185: 0 | O185: 0 | P185: 0 | Q185: 0 | R185: 0 | S185: 0 | T185: 0 | U185: 0 | V185: 0 | W185: 0 | X185: 0 | Y185: 0 | Z185: 0 | AA185: 0 | AB185: 0 | AC185: 0 | AD185: 0 | AE185: 0 | AF185: 0 | AG185: 0 | AH185: 0 | AP185: =B185 -> 0 | AQ185: =DEC2HEX(C185)&DEC2HEX(D185)&DEC2HEX(E185)&DEC2HEX(F185) -> 0000 | AR185: =DEC2HEX(G185)&DEC2HEX(H185)&DEC2HEX(I185)&DEC2HEX(J185) -> 0000 | AS185: =DEC2HEX(K185)&DEC2HEX(L185)&DEC2HEX(M185)&DEC2HEX(N185) -> 0000 | AT185: =DEC2HEX(O185)&DEC2HEX(P185)&DEC2HEX(Q185)&DEC2HEX(R185) -> 0000 | AU185: =DEC2HEX(S185)&DEC2HEX(T185)&DEC2HEX(U185)&DEC2HEX(V185) -> 0000 | AV185: =DEC2HEX(W185)&DEC2HEX(X185)&DEC2HEX(Y185)&DEC2HEX(Z185) -> 0000 | AW185: =DEC2HEX(AA185)&DEC2HEX(AB185)&DEC2HEX(AC185)&DEC2HEX(AD185) -> 0000 | AX185: =DEC2HEX(AE185)&DEC2HEX(AF185)&DEC2HEX(AG185)&DEC2HEX(AH185) -> 0000
B186: 1 | C186: 0 | D186: 0 | E186: 0 | F186: 0 | G186: 0 | H186: 0 | I186: 0 | J186: 0 | K186: 0 | L186: 0 | M186: 0 | N186: 0 | O186: 0 | P186: 0 | Q186: 0 | R186: 0 | S186: 0 | T186: 0 | U186: 0 | V186: 0 | W186: 0 | X186: 0 | Y186: 0 | Z186: 0 | AA186: 0 | AB186: 0 | AC186: 0 | AD186: 0 | AE186: 0 | AF186: 0 | AG186: 0 | AH186: 0 | AP186: =B186 -> 1 | AQ186: =DEC2HEX(C186)&DEC2HEX(D186)&DEC2HEX(E186)&DEC2HEX(F186) -> 0000 | AR186: =DEC2HEX(G186)&DEC2HEX(H186)&DEC2HEX(I186)&DEC2HEX(J186) -> 0000 | AS186: =DEC2HEX(K186)&DEC2HEX(L186)&DEC2HEX(M186)&DEC2HEX(N186) -> 0000 | AT186: =DEC2HEX(O186)&DEC2HEX(P186)&DEC2HEX(Q186)&DEC2HEX(R186) -> 0000 | AU186: =DEC2HEX(S186)&DEC2HEX(T186)&DEC2HEX(U186)&DEC2HEX(V186) -> 0000 | AV186: =DEC2HEX(W186)&DEC2HEX(X186)&DEC2HEX(Y186)&DEC2HEX(Z186) -> 0000 | AW186: =DEC2HEX(AA186)&DEC2HEX(AB186)&DEC2HEX(AC186)&DEC2HEX(AD186) -> 0000 | AX186: =DEC2HEX(AE186)&DEC2HEX(AF186)&DEC2HEX(AG186)&DEC2HEX(AH186) -> 0000
B187: 2 | C187: 0 | D187: 0 | E187: 0 | F187: 0 | G187: 0 | H187: 0 | I187: 0 | J187: 0 | K187: 0 | L187: 0 | M187: 0 | N187: 0 | O187: 0 | P187: 0 | Q187: 0 | R187: 0 | S187: 0 | T187: 0 | U187: 0 | V187: 0 | W187: 0 | X187: 0 | Y187: 0 | Z187: 0 | AA187: 0 | AB187: 0 | AC187: 0 | AD187: 0 | AE187: 0 | AF187: 0 | AG187: 0 | AH187: 0 | AP187: =B187 -> 2 | AQ187: =DEC2HEX(C187)&DEC2HEX(D187)&DEC2HEX(E187)&DEC2HEX(F187) -> 0000 | AR187: =DEC2HEX(G187)&DEC2HEX(H187)&DEC2HEX(I187)&DEC2HEX(J187) -> 0000 | AS187: =DEC2HEX(K187)&DEC2HEX(L187)&DEC2HEX(M187)&DEC2HEX(N187) -> 0000 | AT187: =DEC2HEX(O187)&DEC2HEX(P187)&DEC2HEX(Q187)&DEC2HEX(R187) -> 0000 | AU187: =DEC2HEX(S187)&DEC2HEX(T187)&DEC2HEX(U187)&DEC2HEX(V187) -> 0000 | AV187: =DEC2HEX(W187)&DEC2HEX(X187)&DEC2HEX(Y187)&DEC2HEX(Z187) -> 0000 | AW187: =DEC2HEX(AA187)&DEC2HEX(AB187)&DEC2HEX(AC187)&DEC2HEX(AD187) -> 0000 | AX187: =DEC2HEX(AE187)&DEC2HEX(AF187)&DEC2HEX(AG187)&DEC2HEX(AH187) -> 0000
B188: 3 | C188: 0 | D188: 0 | E188: 0 | F188: 0 | G188: 0 | H188: 0 | I188: 0 | J188: 0 | K188: 0 | L188: 0 | M188: 0 | N188: 0 | O188: 0 | P188: 0 | Q188: 0 | R188: 0 | S188: 0 | T188: 0 | U188: 0 | V188: 0 | W188: 0 | X188: 0 | Y188: 0 | Z188: 0 | AA188: 0 | AB188: 0 | AC188: 0 | AD188: 0 | AE188: 0 | AF188: 0 | AG188: 0 | AH188: 0 | AP188: =B188 -> 3 | AQ188: =DEC2HEX(C188)&DEC2HEX(D188)&DEC2HEX(E188)&DEC2HEX(F188) -> 0000 | AR188: =DEC2HEX(G188)&DEC2HEX(H188)&DEC2HEX(I188)&DEC2HEX(J188) -> 0000 | AS188: =DEC2HEX(K188)&DEC2HEX(L188)&DEC2HEX(M188)&DEC2HEX(N188) -> 0000 | AT188: =DEC2HEX(O188)&DEC2HEX(P188)&DEC2HEX(Q188)&DEC2HEX(R188) -> 0000 | AU188: =DEC2HEX(S188)&DEC2HEX(T188)&DEC2HEX(U188)&DEC2HEX(V188) -> 0000 | AV188: =DEC2HEX(W188)&DEC2HEX(X188)&DEC2HEX(Y188)&DEC2HEX(Z188) -> 0000 | AW188: =DEC2HEX(AA188)&DEC2HEX(AB188)&DEC2HEX(AC188)&DEC2HEX(AD188) -> 0000 | AX188: =DEC2HEX(AE188)&DEC2HEX(AF188)&DEC2HEX(AG188)&DEC2HEX(AH188) -> 0000
B189: 4 | C189: 0 | D189: 0 | E189: 0 | F189: 0 | G189: 0 | H189: 0 | I189: 0 | J189: 0 | K189: 0 | L189: 0 | M189: 0 | N189: 0 | O189: 0 | P189: 0 | Q189: 0 | R189: 0 | S189: 0 | T189: 0 | U189: 0 | V189: 0 | W189: 0 | X189: 0 | Y189: 0 | Z189: 0 | AA189: 0 | AB189: 0 | AC189: 0 | AD189: 0 | AE189: 0 | AF189: 0 | AG189: 0 | AH189: 0 | AP189: =B189 -> 4 | AQ189: =DEC2HEX(C189)&DEC2HEX(D189)&DEC2HEX(E189)&DEC2HEX(F189) -> 0000 | AR189: =DEC2HEX(G189)&DEC2HEX(H189)&DEC2HEX(I189)&DEC2HEX(J189) -> 0000 | AS189: =DEC2HEX(K189)&DEC2HEX(L189)&DEC2HEX(M189)&DEC2HEX(N189) -> 0000 | AT189: =DEC2HEX(O189)&DEC2HEX(P189)&DEC2HEX(Q189)&DEC2HEX(R189) -> 0000 | AU189: =DEC2HEX(S189)&DEC2HEX(T189)&DEC2HEX(U189)&DEC2HEX(V189) -> 0000 | AV189: =DEC2HEX(W189)&DEC2HEX(X189)&DEC2HEX(Y189)&DEC2HEX(Z189) -> 0000 | AW189: =DEC2HEX(AA189)&DEC2HEX(AB189)&DEC2HEX(AC189)&DEC2HEX(AD189) -> 0000 | AX189: =DEC2HEX(AE189)&DEC2HEX(AF189)&DEC2HEX(AG189)&DEC2HEX(AH189) -> 0000
...

Sheet AE_w_WORK
B2: Don't change the this sheet becouse of work area.
D4: 1 | E4: 2 | F4: 3 | G4: 4 | H4: 5 | I4: 6 | J4: 7 | K4: 8 | L4: 9 | M4: 10
A5: No | B5: 縦 | C5: 横
A6: 1 | B6: 0 | C6: 1 | D6: =VLOOKUP(B6,AE_weight!$AP$4:$AX$36,C6+1) -> 0000 | E6: =VLOOKUP(B6,AE_weight!$AP$40:$AX$72,C6+1) -> 2222 | F6: =VLOOKUP(B6,AE_weight!$AP$76:$AX$108,C6+1) -> 0000 | G6: =VLOOKUP(B6,AE_weight!$AP$112:$AX$144,C6+1) -> 2222 | H6: =VLOOKUP(B6,AE_weight!$AP$149:$AX$180,C6+1) -> 0000 | I6: =VLOOKUP(B6,AE_weight!$AP$185:$AX$216,C6+1) -> 0000 | J6: =VLOOKUP(B6,AE_weight!$AP$221:$AX$252,C6+1) -> 0000 | K6: =VLOOKUP(B6,AE_weight!$AP$257:$AX$288,C6+1) -> 0000 | L6: =VLOOKUP(B6,AE_weight!$AP$293:$AX$324,C6+1) -> 0000 | M6: =VLOOKUP(B6,AE_weight!$AP$329:$AX$360,C6+1) -> 0000
A7: =A6+1 -> 2 | B7: =B6 -> 0 | C7: 2 | D7: =VLOOKUP(B7,AE_weight!$AP$4:$AX$36,C7+1) -> 0000 | E7: =VLOOKUP(B7,AE_weight!$AP$40:$AX$72,C7+1) -> 2222 | F7: =VLOOKUP(B7,AE_weight!$AP$76:$AX$108,C7+1) -> 0000 | G7: =VLOOKUP(B7,AE_weight!$AP$112:$AX$144,C7+1) -> 2222 | H7: =VLOOKUP(B7,AE_weight!$AP$149:$AX$180,C7+1) -> 0000 | I7: =VLOOKUP(B7,AE_weight!$AP$185:$AX$216,C7+1) -> 0000 | J7: =VLOOKUP(B7,AE_weight!$AP$221:$AX$252,C7+1) -> 0000 | K7: =VLOOKUP(B7,AE_weight!$AP$257:$AX$288,C7+1) -> 0000 | L7: =VLOOKUP(B7,AE_weight!$AP$293:$AX$324,C7+1) -> 0000 | M7: =VLOOKUP(B7,AE_weight!$AP$329:$AX$360,C7+1) -> 0000
A8: =A7+1 -> 3 | B8: =B7 -> 0 | C8: 3 | D8: =VLOOKUP(B8,AE_weight!$AP$4:$AX$36,C8+1) -> 0000 | E8: =VLOOKUP(B8,AE_weight!$AP$40:$AX$72,C8+1) -> 2222 | F8: =VLOOKUP(B8,AE_weight!$AP$76:$AX$108,C8+1) -> 0000 | G8: =VLOOKUP(B8,AE_weight!$AP$112:$AX$144,C8+1) -> 2222 | H8: =VLOOKUP(B8,AE_weight!$AP$149:$AX$180,C8+1) -> 0000 | I8: =VLOOKUP(B8,AE_weight!$AP$185:$AX$216,C8+1) -> 0000 | J8: =VLOOKUP(B8,AE_weight!$AP$221:$AX$252,C8+1) -> 0000 | K8: =VLOOKUP(B8,AE_weight!$AP$257:$AX$288,C8+1) -> 0000 | L8: =VLOOKUP(B8,AE_weight!$AP$293:$AX$324,C8+1) -> 0000 | M8: =VLOOKUP(B8,AE_weight!$AP$329:$AX$360,C8+1) -> 0000
A9: =A8+1 -> 4 | B9: =B8 -> 0 | C9: 4 | D9: =VLOOKUP(B9,AE_weight!$AP$4:$AX$36,C9+1) -> 0000 | E9: =VLOOKUP(B9,AE_weight!$AP$40:$AX$72,C9+1) -> 2222 | F9: =VLOOKUP(B9,AE_weight!$AP$76:$AX$108,C9+1) -> 0000 | G9: =VLOOKUP(B9,AE_weight!$AP$112:$AX$144,C9+1) -> 2222 | H9: =VLOOKUP(B9,AE_weight!$AP$149:$AX$180,C9+1) -> 0000 | I9: =VLOOKUP(B9,AE_weight!$AP$185:$AX$216,C9+1) -> 0000 | J9: =VLOOKUP(B9,AE_weight!$AP$221:$AX$252,C9+1) -> 0000 | K9: =VLOOKUP(B9,AE_weight!$AP$257:$AX$288,C9+1) -> 0000 | L9: =VLOOKUP(B9,AE_weight!$AP$293:$AX$324,C9+1) -> 0000 | M9: =VLOOKUP(B9,AE_weight!$AP$329:$AX$360,C9+1) -> 0000
A10: =A9+1 -> 5 | B10: 0 | C10: 5 | D10: =VLOOKUP(B10,AE_weight!$AP$4:$AX$36,C10+1) -> 0000 | E10: =VLOOKUP(B10,AE_weight!$AP$40:$AX$72,C10+1) -> 2222 | F10: =VLOOKUP(B10,AE_weight!$AP$76:$AX$108,C10+1) -> 0000 | G10: =VLOOKUP(B10,AE_weight!$AP$112:$AX$144,C10+1) -> 2222 | H10: =VLOOKUP(B10,AE_weight!$AP$149:$AX$180,C10+1) -> 0000 | I10: =VLOOKUP(B10,AE_weight!$AP$185:$AX$216,C10+1) -> 0000 | J10: =VLOOKUP(B10,AE_weight!$AP$221:$AX$252,C10+1) -> 0000 | K10: =VLOOKUP(B10,AE_weight!$AP$257:$AX$288,C10+1) -> 0000 | L10: =VLOOKUP(B10,AE_weight!$AP$293:$AX$324,C10+1) -> 0000 | M10: =VLOOKUP(B10,AE_weight!$AP$329:$AX$360,C10+1) -> 0000
A11: =A10+1 -> 6 | B11: =B10 -> 0 | C11: 6 | D11: =VLOOKUP(B11,AE_weight!$AP$4:$AX$36,C11+1) -> 0000 | E11: =VLOOKUP(B11,AE_weight!$AP$40:$AX$72,C11+1) -> 2222 | F11: =VLOOKUP(B11,AE_weight!$AP$76:$AX$108,C11+1) -> 0000 | G11: =VLOOKUP(B11,AE_weight!$AP$112:$AX$144,C11+1) -> 2222 | H11: =VLOOKUP(B11,AE_weight!$AP$149:$AX$180,C11+1) -> 0000 | I11: =VLOOKUP(B11,AE_weight!$AP$185:$AX$216,C11+1) -> 0000 | J11: =VLOOKUP(B11,AE_weight!$AP$221:$AX$252,C11+1) -> 0000 | K11: =VLOOKUP(B11,AE_weight!$AP$257:$AX$288,C11+1) -> 0000 | L11: =VLOOKUP(B11,AE_weight!$AP$293:$AX$324,C11+1) -> 0000 | M11: =VLOOKUP(B11,AE_weight!$AP$329:$AX$360,C11+1) -> 0000
A12: =A11+1 -> 7 | B12: =B11 -> 0 | C12: 7 | D12: =VLOOKUP(B12,AE_weight!$AP$4:$AX$36,C12+1) -> 0000 | E12: =VLOOKUP(B12,AE_weight!$AP$40:$AX$72,C12+1) -> 2222 | F12: =VLOOKUP(B12,AE_weight!$AP$76:$AX$108,C12+1) -> 0000 | G12: =VLOOKUP(B12,AE_weight!$AP$112:$AX$144,C12+1) -> 2222 | H12: =VLOOKUP(B12,AE_weight!$AP$149:$AX$180,C12+1) -> 0000 | I12: =VLOOKUP(B12,AE_weight!$AP$185:$AX$216,C12+1) -> 0000 | J12: =VLOOKUP(B12,AE_weight!$AP$221:$AX$252,C12+1) -> 0000 | K12: =VLOOKUP(B12,AE_weight!$AP$257:$AX$288,C12+1) -> 0000 | L12: =VLOOKUP(B12,AE_weight!$AP$293:$AX$324,C12+1) -> 0000 | M12: =VLOOKUP(B12,AE_weight!$AP$329:$AX$360,C12+1) -> 0000
A13: =A12+1 -> 8 | B13: =B12 -> 0 | C13: 8 | D13: =VLOOKUP(B13,AE_weight!$AP$4:$AX$36,C13+1) -> 0000 | E13: =VLOOKUP(B13,AE_weight!$AP$40:$AX$72,C13+1) -> 2222 | F13: =VLOOKUP(B13,AE_weight!$AP$76:$AX$108,C13+1) -> 0000 | G13: =VLOOKUP(B13,AE_weight!$AP$112:$AX$144,C13+1) -> 2222 | H13: =VLOOKUP(B13,AE_weight!$AP$149:$AX$180,C13+1) -> 0000 | I13: =VLOOKUP(B13,AE_weight!$AP$185:$AX$216,C13+1) -> 0000 | J13: =VLOOKUP(B13,AE_weight!$AP$221:$AX$252,C13+1) -> 0000 | K13: =VLOOKUP(B13,AE_weight!$AP$257:$AX$288,C13+1) -> 0000 | L13: =VLOOKUP(B13,AE_weight!$AP$293:$AX$324,C13+1) -> 0000 | M13: =VLOOKUP(B13,AE_weight!$AP$329:$AX$360,C13+1) -> 0000
A14: =A13+1 -> 9 | B14: 1 | C14: 1 | D14: =VLOOKUP(B14,AE_weight!$AP$4:$AX$36,C14+1) -> 0000 | E14: =VLOOKUP(B14,AE_weight!$AP$40:$AX$72,C14+1) -> 2222 | F14: =VLOOKUP(B14,AE_weight!$AP$76:$AX$108,C14+1) -> 0000 | G14: =VLOOKUP(B14,AE_weight!$AP$112:$AX$144,C14+1) -> 2222 | H14: =VLOOKUP(B14,AE_weight!$AP$149:$AX$180,C14+1) -> 0000 | I14: =VLOOKUP(B14,AE_weight!$AP$185:$AX$216,C14+1) -> 0000 | J14: =VLOOKUP(B14,AE_weight!$AP$221:$AX$252,C14+1) -> 0000 | K14: =VLOOKUP(B14,AE_weight!$AP$257:$AX$288,C14+1) -> 0000 | L14: =VLOOKUP(B14,AE_weight!$AP$293:$AX$324,C14+1) -> 0000 | M14: =VLOOKUP(B14,AE_weight!$AP$329:$AX$360,C14+1) -> 0000
A15: =A14+1 -> 10 | B15: =B14 -> 1 | C15: 2 | D15: =VLOOKUP(B15,AE_weight!$AP$4:$AX$36,C15+1) -> 0000 | E15: =VLOOKUP(B15,AE_weight!$AP$40:$AX$72,C15+1) -> 2222 | F15: =VLOOKUP(B15,AE_weight!$AP$76:$AX$108,C15+1) -> 0000 | G15: =VLOOKUP(B15,AE_weight!$AP$112:$AX$144,C15+1) -> 2222 | H15: =VLOOKUP(B15,AE_weight!$AP$149:$AX$180,C15+1) -> 0000 | I15: =VLOOKUP(B15,AE_weight!$AP$185:$AX$216,C15+1) -> 0000 | J15: =VLOOKUP(B15,AE_weight!$AP$221:$AX$252,C15+1) -> 0000 | K15: =VLOOKUP(B15,AE_weight!$AP$257:$AX$288,C15+1) -> 0000 | L15: =VLOOKUP(B15,AE_weight!$AP$293:$AX$324,C15+1) -> 0000 | M15: =VLOOKUP(B15,AE_weight!$AP$329:$AX$360,C15+1) -> 0000
A16: =A15+1 -> 11 | B16: =B15 -> 1 | C16: 3 | D16: =VLOOKUP(B16,AE_weight!$AP$4:$AX$36,C16+1) -> 0000 | E16: =VLOOKUP(B16,AE_weight!$AP$40:$AX$72,C16+1) -> 2222 | F16: =VLOOKUP(B16,AE_weight!$AP$76:$AX$108,C16+1) -> 0000 | G16: =VLOOKUP(B16,AE_weight!$AP$112:$AX$144,C16+1) -> 2222 | H16: =VLOOKUP(B16,AE_weight!$AP$149:$AX$180,C16+1) -> 0000 | I16: =VLOOKUP(B16,AE_weight!$AP$185:$AX$216,C16+1) -> 0000 | J16: =VLOOKUP(B16,AE_weight!$AP$221:$AX$252,C16+1) -> 0000 | K16: =VLOOKUP(B16,AE_weight!$AP$257:$AX$288,C16+1) -> 0000 | L16: =VLOOKUP(B16,AE_weight!$AP$293:$AX$324,C16+1) -> 0000 | M16: =VLOOKUP(B16,AE_weight!$AP$329:$AX$360,C16+1) -> 0000
A17: =A16+1 -> 12 | B17: =B16 -> 1 | C17: 4 | D17: =VLOOKUP(B17,AE_weight!$AP$4:$AX$36,C17+1) -> 1111 | E17: =VLOOKUP(B17,AE_weight!$AP$40:$AX$72,C17+1) -> 2222 | F17: =VLOOKUP(B17,AE_weight!$AP$76:$AX$108,C17+1) -> 0000 | G17: =VLOOKUP(B17,AE_weight!$AP$112:$AX$144,C17+1) -> 2222 | H17: =VLOOKUP(B17,AE_weight!$AP$149:$AX$180,C17+1) -> 0000 | I17: =VLOOKUP(B17,AE_weight!$AP$185:$AX$216,C17+1) -> 0000 | J17: =VLOOKUP(B17,AE_weight!$AP$221:$AX$252,C17+1) -> 0000 | K17: =VLOOKUP(B17,AE_weight!$AP$257:$AX$288,C17+1) -> 0000 | L17: =VLOOKUP(B17,AE_weight!$AP$293:$AX$324,C17+1) -> 0000 | M17: =VLOOKUP(B17,AE_weight!$AP$329:$AX$360,C17+1) -> 0000
A18: =A17+1 -> 13 | B18: 1 | C18: 5 | D18: =VLOOKUP(B18,AE_weight!$AP$4:$AX$36,C18+1) -> 1111 | E18: =VLOOKUP(B18,AE_weight!$AP$40:$AX$72,C18+1) -> 2222 | F18: =VLOOKUP(B18,AE_weight!$AP$76:$AX$108,C18+1) -> 0000 | G18: =VLOOKUP(B18,AE_weight!$AP$112:$AX$144,C18+1) -> 2222 | H18: =VLOOKUP(B18,AE_weight!$AP$149:$AX$180,C18+1) -> 0000 | I18: =VLOOKUP(B18,AE_weight!$AP$185:$AX$216,C18+1) -> 0000 | J18: =VLOOKUP(B18,AE_weight!$AP$221:$AX$252,C18+1) -> 0000 | K18: =VLOOKUP(B18,AE_weight!$AP$257:$AX$288,C18+1) -> 0000 | L18: =VLOOKUP(B18,AE_weight!$AP$293:$AX$324,C18+1) -> 0000 | M18: =VLOOKUP(B18,AE_weight!$AP$329:$AX$360,C18+1) -> 0000
A19: =A18+1 -> 14 | B19: =B18 -> 1 | C19: 6 | D19: =VLOOKUP(B19,AE_weight!$AP$4:$AX$36,C19+1) -> 0000 | E19: =VLOOKUP(B19,AE_weight!$AP$40:$AX$72,C19+1) -> 2222 | F19: =VLOOKUP(B19,AE_weight!$AP$76:$AX$108,C19+1) -> 0000 | G19: =VLOOKUP(B19,AE_weight!$AP$112:$AX$144,C19+1) -> 2222 | H19: =VLOOKUP(B19,AE_weight!$AP$149:$AX$180,C19+1) -> 0000 | I19: =VLOOKUP(B19,AE_weight!$AP$185:$AX$216,C19+1) -> 0000 | J19: =VLOOKUP(B19,AE_weight!$AP$221:$AX$252,C19+1) -> 0000 | K19: =VLOOKUP(B19,AE_weight!$AP$257:$AX$288,C19+1) -> 0000 | L19: =VLOOKUP(B19,AE_weight!$AP$293:$AX$324,C19+1) -> 0000 | M19: =VLOOKUP(B19,AE_weight!$AP$329:$AX$360,C19+1) -> 0000
A20: =A19+1 -> 15 | B20: =B19 -> 1 | C20: 7 | D20: =VLOOKUP(B20,AE_weight!$AP$4:$AX$36,C20+1) -> 0000 | E20: =VLOOKUP(B20,AE_weight!$AP$40:$AX$72,C20+1) -> 2222 | F20: =VLOOKUP(B20,AE_weight!$AP$76:$AX$108,C20+1) -> 0000 | G20: =VLOOKUP(B20,AE_weight!$AP$112:$AX$144,C20+1) -> 2222 | H20: =VLOOKUP(B20,AE_weight!$AP$149:$AX$180,C20+1) -> 0000 | I20: =VLOOKUP(B20,AE_weight!$AP$185:$AX$216,C20+1) -> 0000 | J20: =VLOOKUP(B20,AE_weight!$AP$221:$AX$252,C20+1) -> 0000 | K20: =VLOOKUP(B20,AE_weight!$AP$257:$AX$288,C20+1) -> 0000 | L20: =VLOOKUP(B20,AE_weight!$AP$293:$AX$324,C20+1) -> 0000 | M20: =VLOOKUP(B20,AE_weight!$AP$329:$AX$360,C20+1) -> 0000
A21: =A20+1 -> 16 | B21: =B20 -> 1 | C21: 8 | D21: =VLOOKUP(B21,AE_weight!$AP$4:$AX$36,C21+1) -> 0000 | E21: =VLOOKUP(B21,AE_weight!$AP$40:$AX$72,C21+1) -> 2222 | F21: =VLOOKUP(B21,AE_weight!$AP$76:$AX$108,C21+1) -> 0000 | G21: =VLOOKUP(B21,AE_weight!$AP$112:$AX$144,C21+1) -> 2222 | H21: =VLOOKUP(B21,AE_weight!$AP$149:$AX$180,C21+1) -> 0000 | I21: =VLOOKUP(B21,AE_weight!$AP$185:$AX$216,C21+1) -> 0000 | J21: =VLOOKUP(B21,AE_weight!$AP$221:$AX$252,C21+1) -> 0000 | K21: =VLOOKUP(B21,AE_weight!$AP$257:$AX$288,C21+1) -> 0000 | L21: =VLOOKUP(B21,AE_weight!$AP$293:$AX$324,C21+1) -> 0000 | M21: =VLOOKUP(B21,AE_weight!$AP$329:$AX$360,C21+1) -> 0000
A22: =A21+1 -> 17 | B22: 2 | C22: 1 | D22: =VLOOKUP(B22,AE_weight!$AP$4:$AX$36,C22+1) -> 0000 | E22: =VLOOKUP(B22,AE_weight!$AP$40:$AX$72,C22+1) -> 2222 | F22: =VLOOKUP(B22,AE_weight!$AP$76:$AX$108,C22+1) -> 0000 | G22: =VLOOKUP(B22,AE_weight!$AP$112:$AX$144,C22+1) -> 2222 | H22: =VLOOKUP(B22,AE_weight!$AP$149:$AX$180,C22+1) -> 0000 | I22: =VLOOKUP(B22,AE_weight!$AP$185:$AX$216,C22+1) -> 0000 | J22: =VLOOKUP(B22,AE_weight!$AP$221:$AX$252,C22+1) -> 0000 | K22: =VLOOKUP(B22,AE_weight!$AP$257:$AX$288,C22+1) -> 0000 | L22: =VLOOKUP(B22,AE_weight!$AP$293:$AX$324,C22+1) -> 0000 | M22: =VLOOKUP(B22,AE_weight!$AP$329:$AX$360,C22+1) -> 0000
A23: =A22+1 -> 18 | B23: =B22 -> 2 | C23: 2 | D23: =VLOOKUP(B23,AE_weight!$AP$4:$AX$36,C23+1) -> 0000 | E23: =VLOOKUP(B23,AE_weight!$AP$40:$AX$72,C23+1) -> 2222 | F23: =VLOOKUP(B23,AE_weight!$AP$76:$AX$108,C23+1) -> 0000 | G23: =VLOOKUP(B23,AE_weight!$AP$112:$AX$144,C23+1) -> 2222 | H23: =VLOOKUP(B23,AE_weight!$AP$149:$AX$180,C23+1) -> 0000 | I23: =VLOOKUP(B23,AE_weight!$AP$185:$AX$216,C23+1) -> 0000 | J23: =VLOOKUP(B23,AE_weight!$AP$221:$AX$252,C23+1) -> 0000 | K23: =VLOOKUP(B23,AE_weight!$AP$257:$AX$288,C23+1) -> 0000 | L23: =VLOOKUP(B23,AE_weight!$AP$293:$AX$324,C23+1) -> 0000 | M23: =VLOOKUP(B23,AE_weight!$AP$329:$AX$360,C23+1) -> 0000
A24: =A23+1 -> 19 | B24: =B23 -> 2 | C24: 3 | D24: =VLOOKUP(B24,AE_weight!$AP$4:$AX$36,C24+1) -> 0011 | E24: =VLOOKUP(B24,AE_weight!$AP$40:$AX$72,C24+1) -> 2222 | F24: =VLOOKUP(B24,AE_weight!$AP$76:$AX$108,C24+1) -> 0000 | G24: =VLOOKUP(B24,AE_weight!$AP$112:$AX$144,C24+1) -> 2222 | H24: =VLOOKUP(B24,AE_weight!$AP$149:$AX$180,C24+1) -> 0000 | I24: =VLOOKUP(B24,AE_weight!$AP$185:$AX$216,C24+1) -> 0000 | J24: =VLOOKUP(B24,AE_weight!$AP$221:$AX$252,C24+1) -> 0000 | K24: =VLOOKUP(B24,AE_weight!$AP$257:$AX$288,C24+1) -> 0000 | L24: =VLOOKUP(B24,AE_weight!$AP$293:$AX$324,C24+1) -> 0000 | M24: =VLOOKUP(B24,AE_weight!$AP$329:$AX$360,C24+1) -> 0000
A25: =A24+1 -> 20 | B25: =B24 -> 2 | C25: 4 | D25: =VLOOKUP(B25,AE_weight!$AP$4:$AX$36,C25+1) -> 1111 | E25: =VLOOKUP(B25,AE_weight!$AP$40:$AX$72,C25+1) -> 2222 | F25: =VLOOKUP(B25,AE_weight!$AP$76:$AX$108,C25+1) -> 0000 | G25: =VLOOKUP(B25,AE_weight!$AP$112:$AX$144,C25+1) -> 2222 | H25: =VLOOKUP(B25,AE_weight!$AP$149:$AX$180,C25+1) -> 0000 | I25: =VLOOKUP(B25,AE_weight!$AP$185:$AX$216,C25+1) -> 0000 | J25: =VLOOKUP(B25,AE_weight!$AP$221:$AX$252,C25+1) -> 0000 | K25: =VLOOKUP(B25,AE_weight!$AP$257:$AX$288,C25+1) -> 0000 | L25: =VLOOKUP(B25,AE_weight!$AP$293:$AX$324,C25+1) -> 0000 | M25: =VLOOKUP(B25,AE_weight!$AP$329:$AX$360,C25+1) -> 0000
A26: =A25+1 -> 21 | B26: 2 | C26: 5 | D26: =VLOOKUP(B26,AE_weight!$AP$4:$AX$36,C26+1) -> 1111 | E26: =VLOOKUP(B26,AE_weight!$AP$40:$AX$72,C26+1) -> 2222 | F26: =VLOOKUP(B26,AE_weight!$AP$76:$AX$108,C26+1) -> 0000 | G26: =VLOOKUP(B26,AE_weight!$AP$112:$AX$144,C26+1) -> 2222 | H26: =VLOOKUP(B26,AE_weight!$AP$149:$AX$180,C26+1) -> 0000 | I26: =VLOOKUP(B26,AE_weight!$AP$185:$AX$216,C26+1) -> 0000 | J26: =VLOOKUP(B26,AE_weight!$AP$221:$AX$252,C26+1) -> 0000 | K26: =VLOOKUP(B26,AE_weight!$AP$257:$AX$288,C26+1) -> 0000 | L26: =VLOOKUP(B26,AE_weight!$AP$293:$AX$324,C26+1) -> 0000 | M26: =VLOOKUP(B26,AE_weight!$AP$329:$AX$360,C26+1) -> 0000
A27: =A26+1 -> 22 | B27: =B26 -> 2 | C27: 6 | D27: =VLOOKUP(B27,AE_weight!$AP$4:$AX$36,C27+1) -> 1100 | E27: =VLOOKUP(B27,AE_weight!$AP$40:$AX$72,C27+1) -> 2222 | F27: =VLOOKUP(B27,AE_weight!$AP$76:$AX$108,C27+1) -> 0000 | G27: =VLOOKUP(B27,AE_weight!$AP$112:$AX$144,C27+1) -> 2222 | H27: =VLOOKUP(B27,AE_weight!$AP$149:$AX$180,C27+1) -> 0000 | I27: =VLOOKUP(B27,AE_weight!$AP$185:$AX$216,C27+1) -> 0000 | J27: =VLOOKUP(B27,AE_weight!$AP$221:$AX$252,C27+1) -> 0000 | K27: =VLOOKUP(B27,AE_weight!$AP$257:$AX$288,C27+1) -> 0000 | L27: =VLOOKUP(B27,AE_weight!$AP$293:$AX$324,C27+1) -> 0000 | M27: =VLOOKUP(B27,AE_weight!$AP$329:$AX$360,C27+1) -> 0000
A28: =A27+1 -> 23 | B28: =B27 -> 2 | C28: 7 | D28: =VLOOKUP(B28,AE_weight!$AP$4:$AX$36,C28+1) -> 0000 | E28: =VLOOKUP(B28,AE_weight!$AP$40:$AX$72,C28+1) -> 2222 | F28: =VLOOKUP(B28,AE_weight!$AP$76:$AX$108,C28+1) -> 0000 | G28: =VLOOKUP(B28,AE_weight!$AP$112:$AX$144,C28+1) -> 2222 | H28: =VLOOKUP(B28,AE_weight!$AP$149:$AX$180,C28+1) -> 0000 | I28: =VLOOKUP(B28,AE_weight!$AP$185:$AX$216,C28+1) -> 0000 | J28: =VLOOKUP(B28,AE_weight!$AP$221:$AX$252,C28+1) -> 0000 | K28: =VLOOKUP(B28,AE_weight!$AP$257:$AX$288,C28+1) -> 0000 | L28: =VLOOKUP(B28,AE_weight!$AP$293:$AX$324,C28+1) -> 0000 | M28: =VLOOKUP(B28,AE_weight!$AP$329:$AX$360,C28+1) -> 0000
A29: =A28+1 -> 24 | B29: =B28 -> 2 | C29: 8 | D29: =VLOOKUP(B29,AE_weight!$AP$4:$AX$36,C29+1) -> 0000 | E29: =VLOOKUP(B29,AE_weight!$AP$40:$AX$72,C29+1) -> 2222 | F29: =VLOOKUP(B29,AE_weight!$AP$76:$AX$108,C29+1) -> 0000 | G29: =VLOOKUP(B29,AE_weight!$AP$112:$AX$144,C29+1) -> 2222 | H29: =VLOOKUP(B29,AE_weight!$AP$149:$AX$180,C29+1) -> 0000 | I29: =VLOOKUP(B29,AE_weight!$AP$185:$AX$216,C29+1) -> 0000 | J29: =VLOOKUP(B29,AE_weight!$AP$221:$AX$252,C29+1) -> 0000 | K29: =VLOOKUP(B29,AE_weight!$AP$257:$AX$288,C29+1) -> 0000 | L29: =VLOOKUP(B29,AE_weight!$AP$293:$AX$324,C29+1) -> 0000 | M29: =VLOOKUP(B29,AE_weight!$AP$329:$AX$360,C29+1) -> 0000
A30: =A29+1 -> 25 | B30: 3 | C30: 1 | D30: =VLOOKUP(B30,AE_weight!$AP$4:$AX$36,C30+1) -> 0000 | E30: =VLOOKUP(B30,AE_weight!$AP$40:$AX$72,C30+1) -> 2222 | F30: =VLOOKUP(B30,AE_weight!$AP$76:$AX$108,C30+1) -> 0000 | G30: =VLOOKUP(B30,AE_weight!$AP$112:$AX$144,C30+1) -> 2222 | H30: =VLOOKUP(B30,AE_weight!$AP$149:$AX$180,C30+1) -> 0000 | I30: =VLOOKUP(B30,AE_weight!$AP$185:$AX$216,C30+1) -> 0000 | J30: =VLOOKUP(B30,AE_weight!$AP$221:$AX$252,C30+1) -> 0000 | K30: =VLOOKUP(B30,AE_weight!$AP$257:$AX$288,C30+1) -> 0000 | L30: =VLOOKUP(B30,AE_weight!$AP$293:$AX$324,C30+1) -> 0000 | M30: =VLOOKUP(B30,AE_weight!$AP$329:$AX$360,C30+1) -> 0000
A31: =A30+1 -> 26 | B31: =B30 -> 3 | C31: 2 | D31: =VLOOKUP(B31,AE_weight!$AP$4:$AX$36,C31+1) -> 0000 | E31: =VLOOKUP(B31,AE_weight!$AP$40:$AX$72,C31+1) -> 2222 | F31: =VLOOKUP(B31,AE_weight!$AP$76:$AX$108,C31+1) -> 0000 | G31: =VLOOKUP(B31,AE_weight!$AP$112:$AX$144,C31+1) -> 2222 | H31: =VLOOKUP(B31,AE_weight!$AP$149:$AX$180,C31+1) -> 0000 | I31: =VLOOKUP(B31,AE_weight!$AP$185:$AX$216,C31+1) -> 0000 | J31: =VLOOKUP(B31,AE_weight!$AP$221:$AX$252,C31+1) -> 0000 | K31: =VLOOKUP(B31,AE_weight!$AP$257:$AX$288,C31+1) -> 0000 | L31: =VLOOKUP(B31,AE_weight!$AP$293:$AX$324,C31+1) -> 0000 | M31: =VLOOKUP(B31,AE_weight!$AP$329:$AX$360,C31+1) -> 0000
A32: =A31+1 -> 27 | B32: =B31 -> 3 | C32: 3 | D32: =VLOOKUP(B32,AE_weight!$AP$4:$AX$36,C32+1) -> 1111 | E32: =VLOOKUP(B32,AE_weight!$AP$40:$AX$72,C32+1) -> 2222 | F32: =VLOOKUP(B32,AE_weight!$AP$76:$AX$108,C32+1) -> 0000 | G32: =VLOOKUP(B32,AE_weight!$AP$112:$AX$144,C32+1) -> 2222 | H32: =VLOOKUP(B32,AE_weight!$AP$149:$AX$180,C32+1) -> 0000 | I32: =VLOOKUP(B32,AE_weight!$AP$185:$AX$216,C32+1) -> 0000 | J32: =VLOOKUP(B32,AE_weight!$AP$221:$AX$252,C32+1) -> 0000 | K32: =VLOOKUP(B32,AE_weight!$AP$257:$AX$288,C32+1) -> 0000 | L32: =VLOOKUP(B32,AE_weight!$AP$293:$AX$324,C32+1) -> 0000 | M32: =VLOOKUP(B32,AE_weight!$AP$329:$AX$360,C32+1) -> 0000
A33: =A32+1 -> 28 | B33: =B32 -> 3 | C33: 4 | D33: =VLOOKUP(B33,AE_weight!$AP$4:$AX$36,C33+1) -> 1111 | E33: =VLOOKUP(B33,AE_weight!$AP$40:$AX$72,C33+1) -> 2222 | F33: =VLOOKUP(B33,AE_weight!$AP$76:$AX$108,C33+1) -> 0000 | G33: =VLOOKUP(B33,AE_weight!$AP$112:$AX$144,C33+1) -> 2222 | H33: =VLOOKUP(B33,AE_weight!$AP$149:$AX$180,C33+1) -> 0000 | I33: =VLOOKUP(B33,AE_weight!$AP$185:$AX$216,C33+1) -> 0000 | J33: =VLOOKUP(B33,AE_weight!$AP$221:$AX$252,C33+1) -> 0000 | K33: =VLOOKUP(B33,AE_weight!$AP$257:$AX$288,C33+1) -> 0000 | L33: =VLOOKUP(B33,AE_weight!$AP$293:$AX$324,C33+1) -> 0000 | M33: =VLOOKUP(B33,AE_weight!$AP$329:$AX$360,C33+1) -> 1111
A34: =A33+1 -> 29 | B34: 3 | C34: 5 | D34: =VLOOKUP(B34,AE_weight!$AP$4:$AX$36,C34+1) -> 1111 | E34: =VLOOKUP(B34,AE_weight!$AP$40:$AX$72,C34+1) -> 2222 | F34: =VLOOKUP(B34,AE_weight!$AP$76:$AX$108,C34+1) -> 0000 | G34: =VLOOKUP(B34,AE_weight!$AP$112:$AX$144,C34+1) -> 2222 | H34: =VLOOKUP(B34,AE_weight!$AP$149:$AX$180,C34+1) -> 0000 | I34: =VLOOKUP(B34,AE_weight!$AP$185:$AX$216,C34+1) -> 0000 | J34: =VLOOKUP(B34,AE_weight!$AP$221:$AX$252,C34+1) -> 0000 | K34: =VLOOKUP(B34,AE_weight!$AP$257:$AX$288,C34+1) -> 0000 | L34: =VLOOKUP(B34,AE_weight!$AP$293:$AX$324,C34+1) -> 0000 | M34: =VLOOKUP(B34,AE_weight!$AP$329:$AX$360,C34+1) -> 1111
A35: =A34+1 -> 30 | B35: =B34 -> 3 | C35: 6 | D35: =VLOOKUP(B35,AE_weight!$AP$4:$AX$36,C35+1) -> 1111 | E35: =VLOOKUP(B35,AE_weight!$AP$40:$AX$72,C35+1) -> 2222 | F35: =VLOOKUP(B35,AE_weight!$AP$76:$AX$108,C35+1) -> 0000 | G35: =VLOOKUP(B35,AE_weight!$AP$112:$AX$144,C35+1) -> 2222 | H35: =VLOOKUP(B35,AE_weight!$AP$149:$AX$180,C35+1) -> 0000 | I35: =VLOOKUP(B35,AE_weight!$AP$185:$AX$216,C35+1) -> 0000 | J35: =VLOOKUP(B35,AE_weight!$AP$221:$AX$252,C35+1) -> 0000 | K35: =VLOOKUP(B35,AE_weight!$AP$257:$AX$288,C35+1) -> 0000 | L35: =VLOOKUP(B35,AE_weight!$AP$293:$AX$324,C35+1) -> 0000 | M35: =VLOOKUP(B35,AE_weight!$AP$329:$AX$360,C35+1) -> 0000
A36: =A35+1 -> 31 | B36: =B35 -> 3 | C36: 7 | D36: =VLOOKUP(B36,AE_weight!$AP$4:$AX$36,C36+1) -> 0000 | E36: =VLOOKUP(B36,AE_weight!$AP$40:$AX$72,C36+1) -> 2222 | F36: =VLOOKUP(B36,AE_weight!$AP$76:$AX$108,C36+1) -> 0000 | G36: =VLOOKUP(B36,AE_weight!$AP$112:$AX$144,C36+1) -> 2222 | H36: =VLOOKUP(B36,AE_weight!$AP$149:$AX$180,C36+1) -> 0000 | I36: =VLOOKUP(B36,AE_weight!$AP$185:$AX$216,C36+1) -> 0000 | J36: =VLOOKUP(B36,AE_weight!$AP$221:$AX$252,C36+1) -> 0000 | K36: =VLOOKUP(B36,AE_weight!$AP$257:$AX$288,C36+1) -> 0000 | L36: =VLOOKUP(B36,AE_weight!$AP$293:$AX$324,C36+1) -> 0000 | M36: =VLOOKUP(B36,AE_weight!$AP$329:$AX$360,C36+1) -> 0000
A37: =A36+1 -> 32 | B37: =B36 -> 3 | C37: 8 | D37: =VLOOKUP(B37,AE_weight!$AP$4:$AX$36,C37+1) -> 0000 | E37: =VLOOKUP(B37,AE_weight!$AP$40:$AX$72,C37+1) -> 2222 | F37: =VLOOKUP(B37,AE_weight!$AP$76:$AX$108,C37+1) -> 0000 | G37: =VLOOKUP(B37,AE_weight!$AP$112:$AX$144,C37+1) -> 2222 | H37: =VLOOKUP(B37,AE_weight!$AP$149:$AX$180,C37+1) -> 0000 | I37: =VLOOKUP(B37,AE_weight!$AP$185:$AX$216,C37+1) -> 0000 | J37: =VLOOKUP(B37,AE_weight!$AP$221:$AX$252,C37+1) -> 0000 | K37: =VLOOKUP(B37,AE_weight!$AP$257:$AX$288,C37+1) -> 0000 | L37: =VLOOKUP(B37,AE_weight!$AP$293:$AX$324,C37+1) -> 0000 | M37: =VLOOKUP(B37,AE_weight!$AP$329:$AX$360,C37+1) -> 0000
A38: =A37+1 -> 33 | B38: 4 | C38: 1 | D38: =VLOOKUP(B38,AE_weight!$AP$4:$AX$36,C38+1) -> 0000 | E38: =VLOOKUP(B38,AE_weight!$AP$40:$AX$72,C38+1) -> 2222 | F38: =VLOOKUP(B38,AE_weight!$AP$76:$AX$108,C38+1) -> 0000 | G38: =VLOOKUP(B38,AE_weight!$AP$112:$AX$144,C38+1) -> 2222 | H38: =VLOOKUP(B38,AE_weight!$AP$149:$AX$180,C38+1) -> 0000 | I38: =VLOOKUP(B38,AE_weight!$AP$185:$AX$216,C38+1) -> 0000 | J38: =VLOOKUP(B38,AE_weight!$AP$221:$AX$252,C38+1) -> 0000 | K38: =VLOOKUP(B38,AE_weight!$AP$257:$AX$288,C38+1) -> 0000 | L38: =VLOOKUP(B38,AE_weight!$AP$293:$AX$324,C38+1) -> 0000 | M38: =VLOOKUP(B38,AE_weight!$AP$329:$AX$360,C38+1) -> 0000
A39: =A38+1 -> 34 | B39: =B38 -> 4 | C39: 2 | D39: =VLOOKUP(B39,AE_weight!$AP$4:$AX$36,C39+1) -> 0011 | E39: =VLOOKUP(B39,AE_weight!$AP$40:$AX$72,C39+1) -> 2222 | F39: =VLOOKUP(B39,AE_weight!$AP$76:$AX$108,C39+1) -> 0000 | G39: =VLOOKUP(B39,AE_weight!$AP$112:$AX$144,C39+1) -> 2222 | H39: =VLOOKUP(B39,AE_weight!$AP$149:$AX$180,C39+1) -> 0000 | I39: =VLOOKUP(B39,AE_weight!$AP$185:$AX$216,C39+1) -> 0000 | J39: =VLOOKUP(B39,AE_weight!$AP$221:$AX$252,C39+1) -> 0000 | K39: =VLOOKUP(B39,AE_weight!$AP$257:$AX$288,C39+1) -> 0000 | L39: =VLOOKUP(B39,AE_weight!$AP$293:$AX$324,C39+1) -> 0000 | M39: =VLOOKUP(B39,AE_weight!$AP$329:$AX$360,C39+1) -> 0000
A40: =A39+1 -> 35 | B40: =B39 -> 4 | C40: 3 | D40: =VLOOKUP(B40,AE_weight!$AP$4:$AX$36,C40+1) -> 1111 | E40: =VLOOKUP(B40,AE_weight!$AP$40:$AX$72,C40+1) -> 2222 | F40: =VLOOKUP(B40,AE_weight!$AP$76:$AX$108,C40+1) -> 0000 | G40: =VLOOKUP(B40,AE_weight!$AP$112:$AX$144,C40+1) -> 2222 | H40: =VLOOKUP(B40,AE_weight!$AP$149:$AX$180,C40+1) -> 0000 | I40: =VLOOKUP(B40,AE_weight!$AP$185:$AX$216,C40+1) -> 0000 | J40: =VLOOKUP(B40,AE_weight!$AP$221:$AX$252,C40+1) -> 0000 | K40: =VLOOKUP(B40,AE_weight!$AP$257:$AX$288,C40+1) -> 0000 | L40: =VLOOKUP(B40,AE_weight!$AP$293:$AX$324,C40+1) -> 0000 | M40: =VLOOKUP(B40,AE_weight!$AP$329:$AX$360,C40+1) -> 0011
A41: =A40+1 -> 36 | B41: =B40 -> 4 | C41: 4 | D41: =VLOOKUP(B41,AE_weight!$AP$4:$AX$36,C41+1) -> 2222 | E41: =VLOOKUP(B41,AE_weight!$AP$40:$AX$72,C41+1) -> 2222 | F41: =VLOOKUP(B41,AE_weight!$AP$76:$AX$108,C41+1) -> 2222 | G41: =VLOOKUP(B41,AE_weight!$AP$112:$AX$144,C41+1) -> 2222 | H41: =VLOOKUP(B41,AE_weight!$AP$149:$AX$180,C41+1) -> 0000 | I41: =VLOOKUP(B41,AE_weight!$AP$185:$AX$216,C41+1) -> 0000 | J41: =VLOOKUP(B41,AE_weight!$AP$221:$AX$252,C41+1) -> 0000 | K41: =VLOOKUP(B41,AE_weight!$AP$257:$AX$288,C41+1) -> 0000 | L41: =VLOOKUP(B41,AE_weight!$AP$293:$AX$324,C41+1) -> 0000 | M41: =VLOOKUP(B41,AE_weight!$AP$329:$AX$360,C41+1) -> 1111
A42: =A41+1 -> 37 | B42: 4 | C42: 5 | D42: =VLOOKUP(B42,AE_weight!$AP$4:$AX$36,C42+1) -> 2222 | E42: =VLOOKUP(B42,AE_weight!$AP$40:$AX$72,C42+1) -> 2222 | F42: =VLOOKUP(B42,AE_weight!$AP$76:$AX$108,C42+1) -> 2222 | G42: =VLOOKUP(B42,AE_weight!$AP$112:$AX$144,C42+1) -> 2222 | H42: =VLOOKUP(B42,AE_weight!$AP$149:$AX$180,C42+1) -> 0000 | I42: =VLOOKUP(B42,AE_weight!$AP$185:$AX$216,C42+1) -> 0000 | J42: =VLOOKUP(B42,AE_weight!$AP$221:$AX$252,C42+1) -> 0000 | K42: =VLOOKUP(B42,AE_weight!$AP$257:$AX$288,C42+1) -> 0000 | L42: =VLOOKUP(B42,AE_weight!$AP$293:$AX$324,C42+1) -> 0000 | M42: =VLOOKUP(B42,AE_weight!$AP$329:$AX$360,C42+1) -> 1111
A43: =A42+1 -> 38 | B43: =B42 -> 4 | C43: 6 | D43: =VLOOKUP(B43,AE_weight!$AP$4:$AX$36,C43+1) -> 1111 | E43: =VLOOKUP(B43,AE_weight!$AP$40:$AX$72,C43+1) -> 2222 | F43: =VLOOKUP(B43,AE_weight!$AP$76:$AX$108,C43+1) -> 0000 | G43: =VLOOKUP(B43,AE_weight!$AP$112:$AX$144,C43+1) -> 2222 | H43: =VLOOKUP(B43,AE_weight!$AP$149:$AX$180,C43+1) -> 0000 | I43: =VLOOKUP(B43,AE_weight!$AP$185:$AX$216,C43+1) -> 0000 | J43: =VLOOKUP(B43,AE_weight!$AP$221:$AX$252,C43+1) -> 0000 | K43: =VLOOKUP(B43,AE_weight!$AP$257:$AX$288,C43+1) -> 0000 | L43: =VLOOKUP(B43,AE_weight!$AP$293:$AX$324,C43+1) -> 0000 | M43: =VLOOKUP(B43,AE_weight!$AP$329:$AX$360,C43+1) -> 1100
A44: =A43+1 -> 39 | B44: =B43 -> 4 | C44: 7 | D44: =VLOOKUP(B44,AE_weight!$AP$4:$AX$36,C44+1) -> 1100 | E44: =VLOOKUP(B44,AE_weight!$AP$40:$AX$72,C44+1) -> 2222 | F44: =VLOOKUP(B44,AE_weight!$AP$76:$AX$108,C44+1) -> 0000 | G44: =VLOOKUP(B44,AE_weight!$AP$112:$AX$144,C44+1) -> 2222 | H44: =VLOOKUP(B44,AE_weight!$AP$149:$AX$180,C44+1) -> 0000 | I44: =VLOOKUP(B44,AE_weight!$AP$185:$AX$216,C44+1) -> 0000 | J44: =VLOOKUP(B44,AE_weight!$AP$221:$AX$252,C44+1) -> 0000 | K44: =VLOOKUP(B44,AE_weight!$AP$257:$AX$288,C44+1) -> 0000 | L44: =VLOOKUP(B44,AE_weight!$AP$293:$AX$324,C44+1) -> 0000 | M44: =VLOOKUP(B44,AE_weight!$AP$329:$AX$360,C44+1) -> 0000
A45: =A44+1 -> 40 | B45: =B44 -> 4 | C45: 8 | D45: =VLOOKUP(B45,AE_weight!$AP$4:$AX$36,C45+1) -> 0000 | E45: =VLOOKUP(B45,AE_weight!$AP$40:$AX$72,C45+1) -> 2222 | F45: =VLOOKUP(B45,AE_weight!$AP$76:$AX$108,C45+1) -> 0000 | G45: =VLOOKUP(B45,AE_weight!$AP$112:$AX$144,C45+1) -> 2222 | H45: =VLOOKUP(B45,AE_weight!$AP$149:$AX$180,C45+1) -> 0000 | I45: =VLOOKUP(B45,AE_weight!$AP$185:$AX$216,C45+1) -> 0000 | J45: =VLOOKUP(B45,AE_weight!$AP$221:$AX$252,C45+1) -> 0000 | K45: =VLOOKUP(B45,AE_weight!$AP$257:$AX$288,C45+1) -> 0000 | L45: =VLOOKUP(B45,AE_weight!$AP$293:$AX$324,C45+1) -> 0000 | M45: =VLOOKUP(B45,AE_weight!$AP$329:$AX$360,C45+1) -> 0000
A46: =A45+1 -> 41 | B46: 5 | C46: 1 | D46: =VLOOKUP(B46,AE_weight!$AP$4:$AX$36,C46+1) -> 0000 | E46: =VLOOKUP(B46,AE_weight!$AP$40:$AX$72,C46+1) -> 2222 | F46: =VLOOKUP(B46,AE_weight!$AP$76:$AX$108,C46+1) -> 0000 | G46: =VLOOKUP(B46,AE_weight!$AP$112:$AX$144,C46+1) -> 2222 | H46: =VLOOKUP(B46,AE_weight!$AP$149:$AX$180,C46+1) -> 0000 | I46: =VLOOKUP(B46,AE_weight!$AP$185:$AX$216,C46+1) -> 0000 | J46: =VLOOKUP(B46,AE_weight!$AP$221:$AX$252,C46+1) -> 0000 | K46: =VLOOKUP(B46,AE_weight!$AP$257:$AX$288,C46+1) -> 0000 | L46: =VLOOKUP(B46,AE_weight!$AP$293:$AX$324,C46+1) -> 0000 | M46: =VLOOKUP(B46,AE_weight!$AP$329:$AX$360,C46+1) -> 0000
A47: =A46+1 -> 42 | B47: =B46 -> 5 | C47: 2 | D47: =VLOOKUP(B47,AE_weight!$AP$4:$AX$36,C47+1) -> 0011 | E47: =VLOOKUP(B47,AE_weight!$AP$40:$AX$72,C47+1) -> 2222 | F47: =VLOOKUP(B47,AE_weight!$AP$76:$AX$108,C47+1) -> 0000 | G47: =VLOOKUP(B47,AE_weight!$AP$112:$AX$144,C47+1) -> 2222 | H47: =VLOOKUP(B47,AE_weight!$AP$149:$AX$180,C47+1) -> 0000 | I47: =VLOOKUP(B47,AE_weight!$AP$185:$AX$216,C47+1) -> 0000 | J47: =VLOOKUP(B47,AE_weight!$AP$221:$AX$252,C47+1) -> 0000 | K47: =VLOOKUP(B47,AE_weight!$AP$257:$AX$288,C47+1) -> 0000 | L47: =VLOOKUP(B47,AE_weight!$AP$293:$AX$324,C47+1) -> 0000 | M47: =VLOOKUP(B47,AE_weight!$AP$329:$AX$360,C47+1) -> 0000
A48: =A47+1 -> 43 | B48: =B47 -> 5 | C48: 3 | D48: =VLOOKUP(B48,AE_weight!$AP$4:$AX$36,C48+1) -> 1122 | E48: =VLOOKUP(B48,AE_weight!$AP$40:$AX$72,C48+1) -> 2222 | F48: =VLOOKUP(B48,AE_weight!$AP$76:$AX$108,C48+1) -> 0000 | G48: =VLOOKUP(B48,AE_weight!$AP$112:$AX$144,C48+1) -> 2222 | H48: =VLOOKUP(B48,AE_weight!$AP$149:$AX$180,C48+1) -> 0000 | I48: =VLOOKUP(B48,AE_weight!$AP$185:$AX$216,C48+1) -> 0000 | J48: =VLOOKUP(B48,AE_weight!$AP$221:$AX$252,C48+1) -> 0000 | K48: =VLOOKUP(B48,AE_weight!$AP$257:$AX$288,C48+1) -> 0000 | L48: =VLOOKUP(B48,AE_weight!$AP$293:$AX$324,C48+1) -> 0000 | M48: =VLOOKUP(B48,AE_weight!$AP$329:$AX$360,C48+1) -> 1111
A49: =A48+1 -> 44 | B49: =B48 -> 5 | C49: 4 | D49: =VLOOKUP(B49,AE_weight!$AP$4:$AX$36,C49+1) -> 2222 | E49: =VLOOKUP(B49,AE_weight!$AP$40:$AX$72,C49+1) -> 2222 | F49: =VLOOKUP(B49,AE_weight!$AP$76:$AX$108,C49+1) -> 2222 | G49: =VLOOKUP(B49,AE_weight!$AP$112:$AX$144,C49+1) -> 2222 | H49: =VLOOKUP(B49,AE_weight!$AP$149:$AX$180,C49+1) -> 0000 | I49: =VLOOKUP(B49,AE_weight!$AP$185:$AX$216,C49+1) -> 0000 | J49: =VLOOKUP(B49,AE_weight!$AP$221:$AX$252,C49+1) -> 0000 | K49: =VLOOKUP(B49,AE_weight!$AP$257:$AX$288,C49+1) -> 0011 | L49: =VLOOKUP(B49,AE_weight!$AP$293:$AX$324,C49+1) -> 0000 | M49: =VLOOKUP(B49,AE_weight!$AP$329:$AX$360,C49+1) -> 2222
A50: =A49+1 -> 45 | B50: 5 | C50: 5 | D50: =VLOOKUP(B50,AE_weight!$AP$4:$AX$36,C50+1) -> 2222 | E50: =VLOOKUP(B50,AE_weight!$AP$40:$AX$72,C50+1) -> 2222 | F50: =VLOOKUP(B50,AE_weight!$AP$76:$AX$108,C50+1) -> 2222 | G50: =VLOOKUP(B50,AE_weight!$AP$112:$AX$144,C50+1) -> 2222 | H50: =VLOOKUP(B50,AE_weight!$AP$149:$AX$180,C50+1) -> 0000 | I50: =VLOOKUP(B50,AE_weight!$AP$185:$AX$216,C50+1) -> 0000 | J50: =VLOOKUP(B50,AE_weight!$AP$221:$AX$252,C50+1) -> 0000 | K50: =VLOOKUP(B50,AE_weight!$AP$257:$AX$288,C50+1) -> 1100 | L50: =VLOOKUP(B50,AE_weight!$AP$293:$AX$324,C50+1) -> 0000 | M50: =VLOOKUP(B50,AE_weight!$AP$329:$AX$360,C50+1) -> 2222
A51: =A50+1 -> 46 | B51: =B50 -> 5 | C51: 6 | D51: =VLOOKUP(B51,AE_weight!$AP$4:$AX$36,C51+1) -> 2211 | E51: =VLOOKUP(B51,AE_weight!$AP$40:$AX$72,C51+1) -> 2222 | F51: =VLOOKUP(B51,AE_weight!$AP$76:$AX$108,C51+1) -> 0000 | G51: =VLOOKUP(B51,AE_weight!$AP$112:$AX$144,C51+1) -> 2222 | H51: =VLOOKUP(B51,AE_weight!$AP$149:$AX$180,C51+1) -> 0000 | I51: =VLOOKUP(B51,AE_weight!$AP$185:$AX$216,C51+1) -> 0000 | J51: =VLOOKUP(B51,AE_weight!$AP$221:$AX$252,C51+1) -> 0000 | K51: =VLOOKUP(B51,AE_weight!$AP$257:$AX$288,C51+1) -> 0000 | L51: =VLOOKUP(B51,AE_weight!$AP$293:$AX$324,C51+1) -> 0000 | M51: =VLOOKUP(B51,AE_weight!$AP$329:$AX$360,C51+1) -> 1111
A52: =A51+1 -> 47 | B52: =B51 -> 5 | C52: 7 | D52: =VLOOKUP(B52,AE_weight!$AP$4:$AX$36,C52+1) -> 1100 | E52: =VLOOKUP(B52,AE_weight!$AP$40:$AX$72,C52+1) -> 2222 | F52: =VLOOKUP(B52,AE_weight!$AP$76:$AX$108,C52+1) -> 0000 | G52: =VLOOKUP(B52,AE_weight!$AP$112:$AX$144,C52+1) -> 2222 | H52: =VLOOKUP(B52,AE_weight!$AP$149:$AX$180,C52+1) -> 0000 | I52: =VLOOKUP(B52,AE_weight!$AP$185:$AX$216,C52+1) -> 0000 | J52: =VLOOKUP(B52,AE_weight!$AP$221:$AX$252,C52+1) -> 0000 | K52: =VLOOKUP(B52,AE_weight!$AP$257:$AX$288,C52+1) -> 0000 | L52: =VLOOKUP(B52,AE_weight!$AP$293:$AX$324,C52+1) -> 0000 | M52: =VLOOKUP(B52,AE_weight!$AP$329:$AX$360,C52+1) -> 0000
A53: =A52+1 -> 48 | B53: =B52 -> 5 | C53: 8 | D53: =VLOOKUP(B53,AE_weight!$AP$4:$AX$36,C53+1) -> 0000 | E53: =VLOOKUP(B53,AE_weight!$AP$40:$AX$72,C53+1) -> 2222 | F53: =VLOOKUP(B53,AE_weight!$AP$76:$AX$108,C53+1) -> 0000 | G53: =VLOOKUP(B53,AE_weight!$AP$112:$AX$144,C53+1) -> 2222 | H53: =VLOOKUP(B53,AE_weight!$AP$149:$AX$180,C53+1) -> 0000 | I53: =VLOOKUP(B53,AE_weight!$AP$185:$AX$216,C53+1) -> 0000 | J53: =VLOOKUP(B53,AE_weight!$AP$221:$AX$252,C53+1) -> 0000 | K53: =VLOOKUP(B53,AE_weight!$AP$257:$AX$288,C53+1) -> 0000 | L53: =VLOOKUP(B53,AE_weight!$AP$293:$AX$324,C53+1) -> 0000 | M53: =VLOOKUP(B53,AE_weight!$AP$329:$AX$360,C53+1) -> 0000
A54: =A53+1 -> 49 | B54: 6 | C54: 1 | D54: =VLOOKUP(B54,AE_weight!$AP$4:$AX$36,C54+1) -> 0000 | E54: =VLOOKUP(B54,AE_weight!$AP$40:$AX$72,C54+1) -> 2222 | F54: =VLOOKUP(B54,AE_weight!$AP$76:$AX$108,C54+1) -> 0000 | G54: =VLOOKUP(B54,AE_weight!$AP$112:$AX$144,C54+1) -> 2222 | H54: =VLOOKUP(B54,AE_weight!$AP$149:$AX$180,C54+1) -> 0000 | I54: =VLOOKUP(B54,AE_weight!$AP$185:$AX$216,C54+1) -> 0000 | J54: =VLOOKUP(B54,AE_weight!$AP$221:$AX$252,C54+1) -> 0000 | K54: =VLOOKUP(B54,AE_weight!$AP$257:$AX$288,C54+1) -> 0000 | L54: =VLOOKUP(B54,AE_weight!$AP$293:$AX$324,C54+1) -> 0000 | M54: =VLOOKUP(B54,AE_weight!$AP$329:$AX$360,C54+1) -> 0000
A55: =A54+1 -> 50 | B55: =B54 -> 6 | C55: 2 | D55: =VLOOKUP(B55,AE_weight!$AP$4:$AX$36,C55+1) -> 1111 | E55: =VLOOKUP(B55,AE_weight!$AP$40:$AX$72,C55+1) -> 2222 | F55: =VLOOKUP(B55,AE_weight!$AP$76:$AX$108,C55+1) -> 0000 | G55: =VLOOKUP(B55,AE_weight!$AP$112:$AX$144,C55+1) -> 2222 | H55: =VLOOKUP(B55,AE_weight!$AP$149:$AX$180,C55+1) -> 0000 | I55: =VLOOKUP(B55,AE_weight!$AP$185:$AX$216,C55+1) -> 0000 | J55: =VLOOKUP(B55,AE_weight!$AP$221:$AX$252,C55+1) -> 0000 | K55: =VLOOKUP(B55,AE_weight!$AP$257:$AX$288,C55+1) -> 0000 | L55: =VLOOKUP(B55,AE_weight!$AP$293:$AX$324,C55+1) -> 0000 | M55: =VLOOKUP(B55,AE_weight!$AP$329:$AX$360,C55+1) -> 0011
A56: =A55+1 -> 51 | B56: =B55 -> 6 | C56: 3 | D56: =VLOOKUP(B56,AE_weight!$AP$4:$AX$36,C56+1) -> 2222 | E56: =VLOOKUP(B56,AE_weight!$AP$40:$AX$72,C56+1) -> 2222 | F56: =VLOOKUP(B56,AE_weight!$AP$76:$AX$108,C56+1) -> 2222 | G56: =VLOOKUP(B56,AE_weight!$AP$112:$AX$144,C56+1) -> 2222 | H56: =VLOOKUP(B56,AE_weight!$AP$149:$AX$180,C56+1) -> 0000 | I56: =VLOOKUP(B56,AE_weight!$AP$185:$AX$216,C56+1) -> 0000 | J56: =VLOOKUP(B56,AE_weight!$AP$221:$AX$252,C56+1) -> 0000 | K56: =VLOOKUP(B56,AE_weight!$AP$257:$AX$288,C56+1) -> 0000 | L56: =VLOOKUP(B56,AE_weight!$AP$293:$AX$324,C56+1) -> 0000 | M56: =VLOOKUP(B56,AE_weight!$AP$329:$AX$360,C56+1) -> 1122
A57: =A56+1 -> 52 | B57: =B56 -> 6 | C57: 4 | D57: =VLOOKUP(B57,AE_weight!$AP$4:$AX$36,C57+1) -> 2233 | E57: =VLOOKUP(B57,AE_weight!$AP$40:$AX$72,C57+1) -> 2222 | F57: =VLOOKUP(B57,AE_weight!$AP$76:$AX$108,C57+1) -> 2233 | G57: =VLOOKUP(B57,AE_weight!$AP$112:$AX$144,C57+1) -> 2222 | H57: =VLOOKUP(B57,AE_weight!$AP$149:$AX$180,C57+1) -> 0000 | I57: =VLOOKUP(B57,AE_weight!$AP$185:$AX$216,C57+1) -> 0000 | J57: =VLOOKUP(B57,AE_weight!$AP$221:$AX$252,C57+1) -> 0077 | K57: =VLOOKUP(B57,AE_weight!$AP$257:$AX$288,C57+1) -> 0000 | L57: =VLOOKUP(B57,AE_weight!$AP$293:$AX$324,C57+1) -> 0000 | M57: =VLOOKUP(B57,AE_weight!$AP$329:$AX$360,C57+1) -> 2222
A58: =A57+1 -> 53 | B58: 6 | C58: 5 | D58: =VLOOKUP(B58,AE_weight!$AP$4:$AX$36,C58+1) -> 3322 | E58: =VLOOKUP(B58,AE_weight!$AP$40:$AX$72,C58+1) -> 2222 | F58: =VLOOKUP(B58,AE_weight!$AP$76:$AX$108,C58+1) -> 3322 | G58: =VLOOKUP(B58,AE_weight!$AP$112:$AX$144,C58+1) -> 2222 | H58: =VLOOKUP(B58,AE_weight!$AP$149:$AX$180,C58+1) -> 0000 | I58: =VLOOKUP(B58,AE_weight!$AP$185:$AX$216,C58+1) -> 0000 | J58: =VLOOKUP(B58,AE_weight!$AP$221:$AX$252,C58+1) -> 7700 | K58: =VLOOKUP(B58,AE_weight!$AP$257:$AX$288,C58+1) -> 0000 | L58: =VLOOKUP(B58,AE_weight!$AP$293:$AX$324,C58+1) -> 0000 | M58: =VLOOKUP(B58,AE_weight!$AP$329:$AX$360,C58+1) -> 2222
A59: =A58+1 -> 54 | B59: =B58 -> 6 | C59: 6 | D59: =VLOOKUP(B59,AE_weight!$AP$4:$AX$36,C59+1) -> 2222 | E59: =VLOOKUP(B59,AE_weight!$AP$40:$AX$72,C59+1) -> 2222 | F59: =VLOOKUP(B59,AE_weight!$AP$76:$AX$108,C59+1) -> 2222 | G59: =VLOOKUP(B59,AE_weight!$AP$112:$AX$144,C59+1) -> 2222 | H59: =VLOOKUP(B59,AE_weight!$AP$149:$AX$180,C59+1) -> 0000 | I59: =VLOOKUP(B59,AE_weight!$AP$185:$AX$216,C59+1) -> 0000 | J59: =VLOOKUP(B59,AE_weight!$AP$221:$AX$252,C59+1) -> 0000 | K59: =VLOOKUP(B59,AE_weight!$AP$257:$AX$288,C59+1) -> 0000 | L59: =VLOOKUP(B59,AE_weight!$AP$293:$AX$324,C59+1) -> 0000 | M59: =VLOOKUP(B59,AE_weight!$AP$329:$AX$360,C59+1) -> 2211
A60: =A59+1 -> 55 | B60: =B59 -> 6 | C60: 7 | D60: =VLOOKUP(B60,AE_weight!$AP$4:$AX$36,C60+1) -> 1111 | E60: =VLOOKUP(B60,AE_weight!$AP$40:$AX$72,C60+1) -> 2222 | F60: =VLOOKUP(B60,AE_weight!$AP$76:$AX$108,C60+1) -> 0000 | G60: =VLOOKUP(B60,AE_weight!$AP$112:$AX$144,C60+1) -> 2222 | H60: =VLOOKUP(B60,AE_weight!$AP$149:$AX$180,C60+1) -> 0000 | I60: =VLOOKUP(B60,AE_weight!$AP$185:$AX$216,C60+1) -> 0000 | J60: =VLOOKUP(B60,AE_weight!$AP$221:$AX$252,C60+1) -> 0000 | K60: =VLOOKUP(B60,AE_weight!$AP$257:$AX$288,C60+1) -> 0000 | L60: =VLOOKUP(B60,AE_weight!$AP$293:$AX$324,C60+1) -> 0000 | M60: =VLOOKUP(B60,AE_weight!$AP$329:$AX$360,C60+1) -> 1100
A61: =A60+1 -> 56 | B61: =B60 -> 6 | C61: 8 | D61: =VLOOKUP(B61,AE_weight!$AP$4:$AX$36,C61+1) -> 0000 | E61: =VLOOKUP(B61,AE_weight!$AP$40:$AX$72,C61+1) -> 2222 | F61: =VLOOKUP(B61,AE_weight!$AP$76:$AX$108,C61+1) -> 0000 | G61: =VLOOKUP(B61,AE_weight!$AP$112:$AX$144,C61+1) -> 2222 | H61: =VLOOKUP(B61,AE_weight!$AP$149:$AX$180,C61+1) -> 0000 | I61: =VLOOKUP(B61,AE_weight!$AP$185:$AX$216,C61+1) -> 0000 | J61: =VLOOKUP(B61,AE_weight!$AP$221:$AX$252,C61+1) -> 0000 | K61: =VLOOKUP(B61,AE_weight!$AP$257:$AX$288,C61+1) -> 0000 | L61: =VLOOKUP(B61,AE_weight!$AP$293:$AX$324,C61+1) -> 0000 | M61: =VLOOKUP(B61,AE_weight!$AP$329:$AX$360,C61+1) -> 0000
A62: =A61+1 -> 57 | B62: 7 | C62: 1 | D62: =VLOOKUP(B62,AE_weight!$AP$4:$AX$36,C62+1) -> 0000 | E62: =VLOOKUP(B62,AE_weight!$AP$40:$AX$72,C62+1) -> 2222 | F62: =VLOOKUP(B62,AE_weight!$AP$76:$AX$108,C62+1) -> 0000 | G62: =VLOOKUP(B62,AE_weight!$AP$112:$AX$144,C62+1) -> 2222 | H62: =VLOOKUP(B62,AE_weight!$AP$149:$AX$180,C62+1) -> 0000 | I62: =VLOOKUP(B62,AE_weight!$AP$185:$AX$216,C62+1) -> 0000 | J62: =VLOOKUP(B62,AE_weight!$AP$221:$AX$252,C62+1) -> 0000 | K62: =VLOOKUP(B62,AE_weight!$AP$257:$AX$288,C62+1) -> 0000 | L62: =VLOOKUP(B62,AE_weight!$AP$293:$AX$324,C62+1) -> 0000 | M62: =VLOOKUP(B62,AE_weight!$AP$329:$AX$360,C62+1) -> 0000
A63: =A62+1 -> 58 | B63: =B62 -> 7 | C63: 2 | D63: =VLOOKUP(B63,AE_weight!$AP$4:$AX$36,C63+1) -> 1111 | E63: =VLOOKUP(B63,AE_weight!$AP$40:$AX$72,C63+1) -> 2222 | F63: =VLOOKUP(B63,AE_weight!$AP$76:$AX$108,C63+1) -> 0000 | G63: =VLOOKUP(B63,AE_weight!$AP$112:$AX$144,C63+1) -> 2222 | H63: =VLOOKUP(B63,AE_weight!$AP$149:$AX$180,C63+1) -> 0000 | I63: =VLOOKUP(B63,AE_weight!$AP$185:$AX$216,C63+1) -> 0000 | J63: =VLOOKUP(B63,AE_weight!$AP$221:$AX$252,C63+1) -> 0000 | K63: =VLOOKUP(B63,AE_weight!$AP$257:$AX$288,C63+1) -> 0000 | L63: =VLOOKUP(B63,AE_weight!$AP$293:$AX$324,C63+1) -> 0000 | M63: =VLOOKUP(B63,AE_weight!$AP$329:$AX$360,C63+1) -> 0011
A64: =A63+1 -> 59 | B64: =B63 -> 7 | C64: 3 | D64: =VLOOKUP(B64,AE_weight!$AP$4:$AX$36,C64+1) -> 2222 | E64: =VLOOKUP(B64,AE_weight!$AP$40:$AX$72,C64+1) -> 2222 | F64: =VLOOKUP(B64,AE_weight!$AP$76:$AX$108,C64+1) -> 2222 | G64: =VLOOKUP(B64,AE_weight!$AP$112:$AX$144,C64+1) -> 2222 | H64: =VLOOKUP(B64,AE_weight!$AP$149:$AX$180,C64+1) -> 0000 | I64: =VLOOKUP(B64,AE_weight!$AP$185:$AX$216,C64+1) -> 0000 | J64: =VLOOKUP(B64,AE_weight!$AP$221:$AX$252,C64+1) -> 0000 | K64: =VLOOKUP(B64,AE_weight!$AP$257:$AX$288,C64+1) -> 0000 | L64: =VLOOKUP(B64,AE_weight!$AP$293:$AX$324,C64+1) -> 0000 | M64: =VLOOKUP(B64,AE_weight!$AP$329:$AX$360,C64+1) -> 2222
A65: =A64+1 -> 60 | B65: =B64 -> 7 | C65: 4 | D65: =VLOOKUP(B65,AE_weight!$AP$4:$AX$36,C65+1) -> 3344 | E65: =VLOOKUP(B65,AE_weight!$AP$40:$AX$72,C65+1) -> 2222 | F65: =VLOOKUP(B65,AE_weight!$AP$76:$AX$108,C65+1) -> 2233 | G65: =VLOOKUP(B65,AE_weight!$AP$112:$AX$144,C65+1) -> 2222 | H65: =VLOOKUP(B65,AE_weight!$AP$149:$AX$180,C65+1) -> 0000 | I65: =VLOOKUP(B65,AE_weight!$AP$185:$AX$216,C65+1) -> 0000 | J65: =VLOOKUP(B65,AE_weight!$AP$221:$AX$252,C65+1) -> 0077 | K65: =VLOOKUP(B65,AE_weight!$AP$257:$AX$288,C65+1) -> 1100 | L65: =VLOOKUP(B65,AE_weight!$AP$293:$AX$324,C65+1) -> 0000 | M65: =VLOOKUP(B65,AE_weight!$AP$329:$AX$360,C65+1) -> 2233
A66: =A65+1 -> 61 | B66: 7 | C66: 5 | D66: =VLOOKUP(B66,AE_weight!$AP$4:$AX$36,C66+1) -> 3344 | E66: =VLOOKUP(B66,AE_weight!$AP$40:$AX$72,C66+1) -> 2222 | F66: =VLOOKUP(B66,AE_weight!$AP$76:$AX$108,C66+1) -> 3322 | G66: =VLOOKUP(B66,AE_weight!$AP$112:$AX$144,C66+1) -> 2222 | H66: =VLOOKUP(B66,AE_weight!$AP$149:$AX$180,C66+1) -> 0000 | I66: =VLOOKUP(B66,AE_weight!$AP$185:$AX$216,C66+1) -> 0000 | J66: =VLOOKUP(B66,AE_weight!$AP$221:$AX$252,C66+1) -> 7700 | K66: =VLOOKUP(B66,AE_weight!$AP$257:$AX$288,C66+1) -> 0011 | L66: =VLOOKUP(B66,AE_weight!$AP$293:$AX$324,C66+1) -> 0000 | M66: =VLOOKUP(B66,AE_weight!$AP$329:$AX$360,C66+1) -> 3322
A67: =A66+1 -> 62 | B67: =B66 -> 7 | C67: 6 | D67: =VLOOKUP(B67,AE_weight!$AP$4:$AX$36,C67+1) -> 2222 | E67: =VLOOKUP(B67,AE_weight!$AP$40:$AX$72,C67+1) -> 2222 | F67: =VLOOKUP(B67,AE_weight!$AP$76:$AX$108,C67+1) -> 2222 | G67: =VLOOKUP(B67,AE_weight!$AP$112:$AX$144,C67+1) -> 2222 | H67: =VLOOKUP(B67,AE_weight!$AP$149:$AX$180,C67+1) -> 0000 | I67: =VLOOKUP(B67,AE_weight!$AP$185:$AX$216,C67+1) -> 0000 | J67: =VLOOKUP(B67,AE_weight!$AP$221:$AX$252,C67+1) -> 0000 | K67: =VLOOKUP(B67,AE_weight!$AP$257:$AX$288,C67+1) -> 0000 | L67: =VLOOKUP(B67,AE_weight!$AP$293:$AX$324,C67+1) -> 0000 | M67: =VLOOKUP(B67,AE_weight!$AP$329:$AX$360,C67+1) -> 2222
A68: =A67+1 -> 63 | B68: =B67 -> 7 | C68: 7 | D68: =VLOOKUP(B68,AE_weight!$AP$4:$AX$36,C68+1) -> 1111 | E68: =VLOOKUP(B68,AE_weight!$AP$40:$AX$72,C68+1) -> 2222 | F68: =VLOOKUP(B68,AE_weight!$AP$76:$AX$108,C68+1) -> 0000 | G68: =VLOOKUP(B68,AE_weight!$AP$112:$AX$144,C68+1) -> 2222 | H68: =VLOOKUP(B68,AE_weight!$AP$149:$AX$180,C68+1) -> 0000 | I68: =VLOOKUP(B68,AE_weight!$AP$185:$AX$216,C68+1) -> 0000 | J68: =VLOOKUP(B68,AE_weight!$AP$221:$AX$252,C68+1) -> 0000 | K68: =VLOOKUP(B68,AE_weight!$AP$257:$AX$288,C68+1) -> 0000 | L68: =VLOOKUP(B68,AE_weight!$AP$293:$AX$324,C68+1) -> 0000 | M68: =VLOOKUP(B68,AE_weight!$AP$329:$AX$360,C68+1) -> 1100
A69: =A68+1 -> 64 | B69: =B68 -> 7 | C69: 8 | D69: =VLOOKUP(B69,AE_weight!$AP$4:$AX$36,C69+1) -> 0000 | E69: =VLOOKUP(B69,AE_weight!$AP$40:$AX$72,C69+1) -> 2222 | F69: =VLOOKUP(B69,AE_weight!$AP$76:$AX$108,C69+1) -> 0000 | G69: =VLOOKUP(B69,AE_weight!$AP$112:$AX$144,C69+1) -> 2222 | H69: =VLOOKUP(B69,AE_weight!$AP$149:$AX$180,C69+1) -> 0000 | I69: =VLOOKUP(B69,AE_weight!$AP$185:$AX$216,C69+1) -> 0000 | J69: =VLOOKUP(B69,AE_weight!$AP$221:$AX$252,C69+1) -> 0000 | K69: =VLOOKUP(B69,AE_weight!$AP$257:$AX$288,C69+1) -> 0000 | L69: =VLOOKUP(B69,AE_weight!$AP$293:$AX$324,C69+1) -> 0000 | M69: =VLOOKUP(B69,AE_weight!$AP$329:$AX$360,C69+1) -> 0000
A70: =A69+1 -> 65 | B70: 8 | C70: 1 | D70: =VLOOKUP(B70,AE_weight!$AP$4:$AX$36,C70+1) -> 0011 | E70: =VLOOKUP(B70,AE_weight!$AP$40:$AX$72,C70+1) -> 2222 | F70: =VLOOKUP(B70,AE_weight!$AP$76:$AX$108,C70+1) -> 0000 | G70: =VLOOKUP(B70,AE_weight!$AP$112:$AX$144,C70+1) -> 2222 | H70: =VLOOKUP(B70,AE_weight!$AP$149:$AX$180,C70+1) -> 0000 | I70: =VLOOKUP(B70,AE_weight!$AP$185:$AX$216,C70+1) -> 0000 | J70: =VLOOKUP(B70,AE_weight!$AP$221:$AX$252,C70+1) -> 0000 | K70: =VLOOKUP(B70,AE_weight!$AP$257:$AX$288,C70+1) -> 0000 | L70: =VLOOKUP(B70,AE_weight!$AP$293:$AX$324,C70+1) -> 0000 | M70: =VLOOKUP(B70,AE_weight!$AP$329:$AX$360,C70+1) -> 0000
A71: =A70+1 -> 66 | B71: =B70 -> 8 | C71: 2 | D71: =VLOOKUP(B71,AE_weight!$AP$4:$AX$36,C71+1) -> 1122 | E71: =VLOOKUP(B71,AE_weight!$AP$40:$AX$72,C71+1) -> 2222 | F71: =VLOOKUP(B71,AE_weight!$AP$76:$AX$108,C71+1) -> 0022 | G71: =VLOOKUP(B71,AE_weight!$AP$112:$AX$144,C71+1) -> 2222 | H71: =VLOOKUP(B71,AE_weight!$AP$149:$AX$180,C71+1) -> 0000 | I71: =VLOOKUP(B71,AE_weight!$AP$185:$AX$216,C71+1) -> 0000 | J71: =VLOOKUP(B71,AE_weight!$AP$221:$AX$252,C71+1) -> 0000 | K71: =VLOOKUP(B71,AE_weight!$AP$257:$AX$288,C71+1) -> 0000 | L71: =VLOOKUP(B71,AE_weight!$AP$293:$AX$324,C71+1) -> 0000 | M71: =VLOOKUP(B71,AE_weight!$AP$329:$AX$360,C71+1) -> 1111
A72: =A71+1 -> 67 | B72: =B71 -> 8 | C72: 3 | D72: =VLOOKUP(B72,AE_weight!$AP$4:$AX$36,C72+1) -> 2233 | E72: =VLOOKUP(B72,AE_weight!$AP$40:$AX$72,C72+1) -> 2222 | F72: =VLOOKUP(B72,AE_weight!$AP$76:$AX$108,C72+1) -> 2233 | G72: =VLOOKUP(B72,AE_weight!$AP$112:$AX$144,C72+1) -> 2222 | H72: =VLOOKUP(B72,AE_weight!$AP$149:$AX$180,C72+1) -> 0000 | I72: =VLOOKUP(B72,AE_weight!$AP$185:$AX$216,C72+1) -> 0000 | J72: =VLOOKUP(B72,AE_weight!$AP$221:$AX$252,C72+1) -> 0077 | K72: =VLOOKUP(B72,AE_weight!$AP$257:$AX$288,C72+1) -> 0000 | L72: =VLOOKUP(B72,AE_weight!$AP$293:$AX$324,C72+1) -> 0000 | M72: =VLOOKUP(B72,AE_weight!$AP$329:$AX$360,C72+1) -> 2222
A73: =A72+1 -> 68 | B73: =B72 -> 8 | C73: 4 | D73: =VLOOKUP(B73,AE_weight!$AP$4:$AX$36,C73+1) -> 3344 | E73: =VLOOKUP(B73,AE_weight!$AP$40:$AX$72,C73+1) -> 2222 | F73: =VLOOKUP(B73,AE_weight!$AP$76:$AX$108,C73+1) -> 3344 | G73: =VLOOKUP(B73,AE_weight!$AP$112:$AX$144,C73+1) -> 2222 | H73: =VLOOKUP(B73,AE_weight!$AP$149:$AX$180,C73+1) -> 0000 | I73: =VLOOKUP(B73,AE_weight!$AP$185:$AX$216,C73+1) -> 0000 | J73: =VLOOKUP(B73,AE_weight!$AP$221:$AX$252,C73+1) -> 7777 | K73: =VLOOKUP(B73,AE_weight!$AP$257:$AX$288,C73+1) -> 0000 | L73: =VLOOKUP(B73,AE_weight!$AP$293:$AX$324,C73+1) -> 0000 | M73: =VLOOKUP(B73,AE_weight!$AP$329:$AX$360,C73+1) -> 3333
A74: =A73+1 -> 69 | B74: 8 | C74: 5 | D74: =VLOOKUP(B74,AE_weight!$AP$4:$AX$36,C74+1) -> 4433 | E74: =VLOOKUP(B74,AE_weight!$AP$40:$AX$72,C74+1) -> 2222 | F74: =VLOOKUP(B74,AE_weight!$AP$76:$AX$108,C74+1) -> 4433 | G74: =VLOOKUP(B74,AE_weight!$AP$112:$AX$144,C74+1) -> 2222 | H74: =VLOOKUP(B74,AE_weight!$AP$149:$AX$180,C74+1) -> 0000 | I74: =VLOOKUP(B74,AE_weight!$AP$185:$AX$216,C74+1) -> 0000 | J74: =VLOOKUP(B74,AE_weight!$AP$221:$AX$252,C74+1) -> 7777 | K74: =VLOOKUP(B74,AE_weight!$AP$257:$AX$288,C74+1) -> 0000 | L74: =VLOOKUP(B74,AE_weight!$AP$293:$AX$324,C74+1) -> 0000 | M74: =VLOOKUP(B74,AE_weight!$AP$329:$AX$360,C74+1) -> 3333
A75: =A74+1 -> 70 | B75: =B74 -> 8 | C75: 6 | D75: =VLOOKUP(B75,AE_weight!$AP$4:$AX$36,C75+1) -> 3322 | E75: =VLOOKUP(B75,AE_weight!$AP$40:$AX$72,C75+1) -> 2222 | F75: =VLOOKUP(B75,AE_weight!$AP$76:$AX$108,C75+1) -> 3322 | G75: =VLOOKUP(B75,AE_weight!$AP$112:$AX$144,C75+1) -> 2222 | H75: =VLOOKUP(B75,AE_weight!$AP$149:$AX$180,C75+1) -> 0000 | I75: =VLOOKUP(B75,AE_weight!$AP$185:$AX$216,C75+1) -> 0000 | J75: =VLOOKUP(B75,AE_weight!$AP$221:$AX$252,C75+1) -> 0000 | K75: =VLOOKUP(B75,AE_weight!$AP$257:$AX$288,C75+1) -> 0000 | L75: =VLOOKUP(B75,AE_weight!$AP$293:$AX$324,C75+1) -> 0000 | M75: =VLOOKUP(B75,AE_weight!$AP$329:$AX$360,C75+1) -> 2222
A76: =A75+1 -> 71 | B76: =B75 -> 8 | C76: 7 | D76: =VLOOKUP(B76,AE_weight!$AP$4:$AX$36,C76+1) -> 2211 | E76: =VLOOKUP(B76,AE_weight!$AP$40:$AX$72,C76+1) -> 2222 | F76: =VLOOKUP(B76,AE_weight!$AP$76:$AX$108,C76+1) -> 2200 | G76: =VLOOKUP(B76,AE_weight!$AP$112:$AX$144,C76+1) -> 2222 | H76: =VLOOKUP(B76,AE_weight!$AP$149:$AX$180,C76+1) -> 0000 | I76: =VLOOKUP(B76,AE_weight!$AP$185:$AX$216,C76+1) -> 0000 | J76: =VLOOKUP(B76,AE_weight!$AP$221:$AX$252,C76+1) -> 0000 | K76: =VLOOKUP(B76,AE_weight!$AP$257:$AX$288,C76+1) -> 0000 | L76: =VLOOKUP(B76,AE_weight!$AP$293:$AX$324,C76+1) -> 0000 | M76: =VLOOKUP(B76,AE_weight!$AP$329:$AX$360,C76+1) -> 1111
A77: =A76+1 -> 72 | B77: =B76 -> 8 | C77: 8 | D77: =VLOOKUP(B77,AE_weight!$AP$4:$AX$36,C77+1) -> 1100 | E77: =VLOOKUP(B77,AE_weight!$AP$40:$AX$72,C77+1) -> 2222 | F77: =VLOOKUP(B77,AE_weight!$AP$76:$AX$108,C77+1) -> 0000 | G77: =VLOOKUP(B77,AE_weight!$AP$112:$AX$144,C77+1) -> 2222 | H77: =VLOOKUP(B77,AE_weight!$AP$149:$AX$180,C77+1) -> 0000 | I77: =VLOOKUP(B77,AE_weight!$AP$185:$AX$216,C77+1) -> 0000 | J77: =VLOOKUP(B77,AE_weight!$AP$221:$AX$252,C77+1) -> 0000 | K77: =VLOOKUP(B77,AE_weight!$AP$257:$AX$288,C77+1) -> 0000 | L77: =VLOOKUP(B77,AE_weight!$AP$293:$AX$324,C77+1) -> 0000 | M77: =VLOOKUP(B77,AE_weight!$AP$329:$AX$360,C77+1) -> 0000
A78: =A77+1 -> 73 | B78: 9 | C78: 1 | D78: =VLOOKUP(B78,AE_weight!$AP$4:$AX$36,C78+1) -> 0011 | E78: =VLOOKUP(B78,AE_weight!$AP$40:$AX$72,C78+1) -> 2222 | F78: =VLOOKUP(B78,AE_weight!$AP$76:$AX$108,C78+1) -> 0000 | G78: =VLOOKUP(B78,AE_weight!$AP$112:$AX$144,C78+1) -> 2222 | H78: =VLOOKUP(B78,AE_weight!$AP$149:$AX$180,C78+1) -> 0000 | I78: =VLOOKUP(B78,AE_weight!$AP$185:$AX$216,C78+1) -> 0000 | J78: =VLOOKUP(B78,AE_weight!$AP$221:$AX$252,C78+1) -> 0000 | K78: =VLOOKUP(B78,AE_weight!$AP$257:$AX$288,C78+1) -> 0000 | L78: =VLOOKUP(B78,AE_weight!$AP$293:$AX$324,C78+1) -> 0000 | M78: =VLOOKUP(B78,AE_weight!$AP$329:$AX$360,C78+1) -> 0000
A79: =A78+1 -> 74 | B79: =B78 -> 9 | C79: 2 | D79: =VLOOKUP(B79,AE_weight!$AP$4:$AX$36,C79+1) -> 1122 | E79: =VLOOKUP(B79,AE_weight!$AP$40:$AX$72,C79+1) -> 2222 | F79: =VLOOKUP(B79,AE_weight!$AP$76:$AX$108,C79+1) -> 0022 | G79: =VLOOKUP(B79,AE_weight!$AP$112:$AX$144,C79+1) -> 2222 | H79: =VLOOKUP(B79,AE_weight!$AP$149:$AX$180,C79+1) -> 0000 | I79: =VLOOKUP(B79,AE_weight!$AP$185:$AX$216,C79+1) -> 0000 | J79: =VLOOKUP(B79,AE_weight!$AP$221:$AX$252,C79+1) -> 0000 | K79: =VLOOKUP(B79,AE_weight!$AP$257:$AX$288,C79+1) -> 0000 | L79: =VLOOKUP(B79,AE_weight!$AP$293:$AX$324,C79+1) -> 0000 | M79: =VLOOKUP(B79,AE_weight!$AP$329:$AX$360,C79+1) -> 1122
A80: =A79+1 -> 75 | B80: =B79 -> 9 | C80: 3 | D80: =VLOOKUP(B80,AE_weight!$AP$4:$AX$36,C80+1) -> 3333 | E80: =VLOOKUP(B80,AE_weight!$AP$40:$AX$72,C80+1) -> 2222 | F80: =VLOOKUP(B80,AE_weight!$AP$76:$AX$108,C80+1) -> 2233 | G80: =VLOOKUP(B80,AE_weight!$AP$112:$AX$144,C80+1) -> 2222 | H80: =VLOOKUP(B80,AE_weight!$AP$149:$AX$180,C80+1) -> 0000 | I80: =VLOOKUP(B80,AE_weight!$AP$185:$AX$216,C80+1) -> 0000 | J80: =VLOOKUP(B80,AE_weight!$AP$221:$AX$252,C80+1) -> 0077 | K80: =VLOOKUP(B80,AE_weight!$AP$257:$AX$288,C80+1) -> 0011 | L80: =VLOOKUP(B80,AE_weight!$AP$293:$AX$324,C80+1) -> 0000 | M80: =VLOOKUP(B80,AE_weight!$AP$329:$AX$360,C80+1) -> 2233
A81: =A80+1 -> 76 | B81: =B80 -> 9 | C81: 4 | D81: =VLOOKUP(B81,AE_weight!$AP$4:$AX$36,C81+1) -> 4444 | E81: =VLOOKUP(B81,AE_weight!$AP$40:$AX$72,C81+1) -> 2222 | F81: =VLOOKUP(B81,AE_weight!$AP$76:$AX$108,C81+1) -> 3344 | G81: =VLOOKUP(B81,AE_weight!$AP$112:$AX$144,C81+1) -> 2222 | H81: =VLOOKUP(B81,AE_weight!$AP$149:$AX$180,C81+1) -> 0000 | I81: =VLOOKUP(B81,AE_weight!$AP$185:$AX$216,C81+1) -> 0000 | J81: =VLOOKUP(B81,AE_weight!$AP$221:$AX$252,C81+1) -> 7777 | K81: =VLOOKUP(B81,AE_weight!$AP$257:$AX$288,C81+1) -> 0011 | L81: =VLOOKUP(B81,AE_weight!$AP$293:$AX$324,C81+1) -> 0000 | M81: =VLOOKUP(B81,AE_weight!$AP$329:$AX$360,C81+1) -> 3344
A82: =A81+1 -> 77 | B82: 9 | C82: 5 | D82: =VLOOKUP(B82,AE_weight!$AP$4:$AX$36,C82+1) -> 4444 | E82: =VLOOKUP(B82,AE_weight!$AP$40:$AX$72,C82+1) -> 2222 | F82: =VLOOKUP(B82,AE_weight!$AP$76:$AX$108,C82+1) -> 4433 | G82: =VLOOKUP(B82,AE_weight!$AP$112:$AX$144,C82+1) -> 2222 | H82: =VLOOKUP(B82,AE_weight!$AP$149:$AX$180,C82+1) -> 0000 | I82: =VLOOKUP(B82,AE_weight!$AP$185:$AX$216,C82+1) -> 0000 | J82: =VLOOKUP(B82,AE_weight!$AP$221:$AX$252,C82+1) -> 7777 | K82: =VLOOKUP(B82,AE_weight!$AP$257:$AX$288,C82+1) -> 1100 | L82: =VLOOKUP(B82,AE_weight!$AP$293:$AX$324,C82+1) -> 0000 | M82: =VLOOKUP(B82,AE_weight!$AP$329:$AX$360,C82+1) -> 4433
A83: =A82+1 -> 78 | B83: =B82 -> 9 | C83: 6 | D83: =VLOOKUP(B83,AE_weight!$AP$4:$AX$36,C83+1) -> 3333 | E83: =VLOOKUP(B83,AE_weight!$AP$40:$AX$72,C83+1) -> 2222 | F83: =VLOOKUP(B83,AE_weight!$AP$76:$AX$108,C83+1) -> 3322 | G83: =VLOOKUP(B83,AE_weight!$AP$112:$AX$144,C83+1) -> 2222 | H83: =VLOOKUP(B83,AE_weight!$AP$149:$AX$180,C83+1) -> 0000 | I83: =VLOOKUP(B83,AE_weight!$AP$185:$AX$216,C83+1) -> 0000 | J83: =VLOOKUP(B83,AE_weight!$AP$221:$AX$252,C83+1) -> 0000 | K83: =VLOOKUP(B83,AE_weight!$AP$257:$AX$288,C83+1) -> 1100 | L83: =VLOOKUP(B83,AE_weight!$AP$293:$AX$324,C83+1) -> 0000 | M83: =VLOOKUP(B83,AE_weight!$AP$329:$AX$360,C83+1) -> 3322
A84: =A83+1 -> 79 | B84: =B83 -> 9 | C84: 7 | D84: =VLOOKUP(B84,AE_weight!$AP$4:$AX$36,C84+1) -> 2211 | E84: =VLOOKUP(B84,AE_weight!$AP$40:$AX$72,C84+1) -> 2222 | F84: =VLOOKUP(B84,AE_weight!$AP$76:$AX$108,C84+1) -> 2200 | G84: =VLOOKUP(B84,AE_weight!$AP$112:$AX$144,C84+1) -> 2222 | H84: =VLOOKUP(B84,AE_weight!$AP$149:$AX$180,C84+1) -> 0000 | I84: =VLOOKUP(B84,AE_weight!$AP$185:$AX$216,C84+1) -> 0000 | J84: =VLOOKUP(B84,AE_weight!$AP$221:$AX$252,C84+1) -> 0000 | K84: =VLOOKUP(B84,AE_weight!$AP$257:$AX$288,C84+1) -> 0000 | L84: =VLOOKUP(B84,AE_weight!$AP$293:$AX$324,C84+1) -> 0000 | M84: =VLOOKUP(B84,AE_weight!$AP$329:$AX$360,C84+1) -> 2211
A85: =A84+1 -> 80 | B85: =B84 -> 9 | C85: 8 | D85: =VLOOKUP(B85,AE_weight!$AP$4:$AX$36,C85+1) -> 1100 | E85: =VLOOKUP(B85,AE_weight!$AP$40:$AX$72,C85+1) -> 2222 | F85: =VLOOKUP(B85,AE_weight!$AP$76:$AX$108,C85+1) -> 0000 | G85: =VLOOKUP(B85,AE_weight!$AP$112:$AX$144,C85+1) -> 2222 | H85: =VLOOKUP(B85,AE_weight!$AP$149:$AX$180,C85+1) -> 0000 | I85: =VLOOKUP(B85,AE_weight!$AP$185:$AX$216,C85+1) -> 0000 | J85: =VLOOKUP(B85,AE_weight!$AP$221:$AX$252,C85+1) -> 0000 | K85: =VLOOKUP(B85,AE_weight!$AP$257:$AX$288,C85+1) -> 0000 | L85: =VLOOKUP(B85,AE_weight!$AP$293:$AX$324,C85+1) -> 0000 | M85: =VLOOKUP(B85,AE_weight!$AP$329:$AX$360,C85+1) -> 0000
A86: =A85+1 -> 81 | B86: 10 | C86: 1 | D86: =VLOOKUP(B86,AE_weight!$AP$4:$AX$36,C86+1) -> 0011 | E86: =VLOOKUP(B86,AE_weight!$AP$40:$AX$72,C86+1) -> 2222 | F86: =VLOOKUP(B86,AE_weight!$AP$76:$AX$108,C86+1) -> 0000 | G86: =VLOOKUP(B86,AE_weight!$AP$112:$AX$144,C86+1) -> 2222 | H86: =VLOOKUP(B86,AE_weight!$AP$149:$AX$180,C86+1) -> 0000 | I86: =VLOOKUP(B86,AE_weight!$AP$185:$AX$216,C86+1) -> 0000 | J86: =VLOOKUP(B86,AE_weight!$AP$221:$AX$252,C86+1) -> 0000 | K86: =VLOOKUP(B86,AE_weight!$AP$257:$AX$288,C86+1) -> 0000 | L86: =VLOOKUP(B86,AE_weight!$AP$293:$AX$324,C86+1) -> 0000 | M86: =VLOOKUP(B86,AE_weight!$AP$329:$AX$360,C86+1) -> 0000
A87: =A86+1 -> 82 | B87: =B86 -> 10 | C87: 2 | D87: =VLOOKUP(B87,AE_weight!$AP$4:$AX$36,C87+1) -> 2222 | E87: =VLOOKUP(B87,AE_weight!$AP$40:$AX$72,C87+1) -> 2222 | F87: =VLOOKUP(B87,AE_weight!$AP$76:$AX$108,C87+1) -> 0022 | G87: =VLOOKUP(B87,AE_weight!$AP$112:$AX$144,C87+1) -> 2222 | H87: =VLOOKUP(B87,AE_weight!$AP$149:$AX$180,C87+1) -> 0000 | I87: =VLOOKUP(B87,AE_weight!$AP$185:$AX$216,C87+1) -> 0000 | J87: =VLOOKUP(B87,AE_weight!$AP$221:$AX$252,C87+1) -> 0000 | K87: =VLOOKUP(B87,AE_weight!$AP$257:$AX$288,C87+1) -> 0000 | L87: =VLOOKUP(B87,AE_weight!$AP$293:$AX$324,C87+1) -> 0000 | M87: =VLOOKUP(B87,AE_weight!$AP$329:$AX$360,C87+1) -> 1122
A88: =A87+1 -> 83 | B88: =B87 -> 10 | C88: 3 | D88: =VLOOKUP(B88,AE_weight!$AP$4:$AX$36,C88+1) -> 3344 | E88: =VLOOKUP(B88,AE_weight!$AP$40:$AX$72,C88+1) -> 2222 | F88: =VLOOKUP(B88,AE_weight!$AP$76:$AX$108,C88+1) -> 3344 | G88: =VLOOKUP(B88,AE_weight!$AP$112:$AX$144,C88+1) -> 2222 | H88: =VLOOKUP(B88,AE_weight!$AP$149:$AX$180,C88+1) -> 0000 | I88: =VLOOKUP(B88,AE_weight!$AP$185:$AX$216,C88+1) -> 0000 | J88: =VLOOKUP(B88,AE_weight!$AP$221:$AX$252,C88+1) -> 7777 | K88: =VLOOKUP(B88,AE_weight!$AP$257:$AX$288,C88+1) -> 0000 | L88: =VLOOKUP(B88,AE_weight!$AP$293:$AX$324,C88+1) -> 0000 | M88: =VLOOKUP(B88,AE_weight!$AP$329:$AX$360,C88+1) -> 3333
A89: =A88+1 -> 84 | B89: =B88 -> 10 | C89: 4 | D89: =VLOOKUP(B89,AE_weight!$AP$4:$AX$36,C89+1) -> 4455 | E89: =VLOOKUP(B89,AE_weight!$AP$40:$AX$72,C89+1) -> 2222 | F89: =VLOOKUP(B89,AE_weight!$AP$76:$AX$108,C89+1) -> 4455 | G89: =VLOOKUP(B89,AE_weight!$AP$112:$AX$144,C89+1) -> 3333 | H89: =VLOOKUP(B89,AE_weight!$AP$149:$AX$180,C89+1) -> 0000 | I89: =VLOOKUP(B89,AE_weight!$AP$185:$AX$216,C89+1) -> DDDD | J89: =VLOOKUP(B89,AE_weight!$AP$221:$AX$252,C89+1) -> BBBB | K89: =VLOOKUP(B89,AE_weight!$AP$257:$AX$288,C89+1) -> 0000 | L89: =VLOOKUP(B89,AE_weight!$AP$293:$AX$324,C89+1) -> 0000 | M89: =VLOOKUP(B89,AE_weight!$AP$329:$AX$360,C89+1) -> 4455
A90: =A89+1 -> 85 | B90: 10 | C90: 5 | D90: =VLOOKUP(B90,AE_weight!$AP$4:$AX$36,C90+1) -> 5544 | E90: =VLOOKUP(B90,AE_weight!$AP$40:$AX$72,C90+1) -> 2222 | F90: =VLOOKUP(B90,AE_weight!$AP$76:$AX$108,C90+1) -> 5544 | G90: =VLOOKUP(B90,AE_weight!$AP$112:$AX$144,C90+1) -> 3333 | H90: =VLOOKUP(B90,AE_weight!$AP$149:$AX$180,C90+1) -> 0000 | I90: =VLOOKUP(B90,AE_weight!$AP$185:$AX$216,C90+1) -> DDDD | J90: =VLOOKUP(B90,AE_weight!$AP$221:$AX$252,C90+1) -> BBBB | K90: =VLOOKUP(B90,AE_weight!$AP$257:$AX$288,C90+1) -> 0000 | L90: =VLOOKUP(B90,AE_weight!$AP$293:$AX$324,C90+1) -> 0000 | M90: =VLOOKUP(B90,AE_weight!$AP$329:$AX$360,C90+1) -> 5544
A91: =A90+1 -> 86 | B91: =B90 -> 10 | C91: 6 | D91: =VLOOKUP(B91,AE_weight!$AP$4:$AX$36,C91+1) -> 4433 | E91: =VLOOKUP(B91,AE_weight!$AP$40:$AX$72,C91+1) -> 2222 | F91: =VLOOKUP(B91,AE_weight!$AP$76:$AX$108,C91+1) -> 4433 | G91: =VLOOKUP(B91,AE_weight!$AP$112:$AX$144,C91+1) -> 2222 | H91: =VLOOKUP(B91,AE_weight!$AP$149:$AX$180,C91+1) -> 0000 | I91: =VLOOKUP(B91,AE_weight!$AP$185:$AX$216,C91+1) -> 0000 | J91: =VLOOKUP(B91,AE_weight!$AP$221:$AX$252,C91+1) -> 7777 | K91: =VLOOKUP(B91,AE_weight!$AP$257:$AX$288,C91+1) -> 0000 | L91: =VLOOKUP(B91,AE_weight!$AP$293:$AX$324,C91+1) -> 0000 | M91: =VLOOKUP(B91,AE_weight!$AP$329:$AX$360,C91+1) -> 3333
A92: =A91+1 -> 87 | B92: =B91 -> 10 | C92: 7 | D92: =VLOOKUP(B92,AE_weight!$AP$4:$AX$36,C92+1) -> 2222 | E92: =VLOOKUP(B92,AE_weight!$AP$40:$AX$72,C92+1) -> 2222 | F92: =VLOOKUP(B92,AE_weight!$AP$76:$AX$108,C92+1) -> 2200 | G92: =VLOOKUP(B92,AE_weight!$AP$112:$AX$144,C92+1) -> 2222 | H92: =VLOOKUP(B92,AE_weight!$AP$149:$AX$180,C92+1) -> 0000 | I92: =VLOOKUP(B92,AE_weight!$AP$185:$AX$216,C92+1) -> 0000 | J92: =VLOOKUP(B92,AE_weight!$AP$221:$AX$252,C92+1) -> 0000 | K92: =VLOOKUP(B92,AE_weight!$AP$257:$AX$288,C92+1) -> 0000 | L92: =VLOOKUP(B92,AE_weight!$AP$293:$AX$324,C92+1) -> 0000 | M92: =VLOOKUP(B92,AE_weight!$AP$329:$AX$360,C92+1) -> 2211
A93: =A92+1 -> 88 | B93: =B92 -> 10 | C93: 8 | D93: =VLOOKUP(B93,AE_weight!$AP$4:$AX$36,C93+1) -> 1100 | E93: =VLOOKUP(B93,AE_weight!$AP$40:$AX$72,C93+1) -> 2222 | F93: =VLOOKUP(B93,AE_weight!$AP$76:$AX$108,C93+1) -> 0000 | G93: =VLOOKUP(B93,AE_weight!$AP$112:$AX$144,C93+1) -> 2222 | H93: =VLOOKUP(B93,AE_weight!$AP$149:$AX$180,C93+1) -> 0000 | I93: =VLOOKUP(B93,AE_weight!$AP$185:$AX$216,C93+1) -> 0000 | J93: =VLOOKUP(B93,AE_weight!$AP$221:$AX$252,C93+1) -> 0000 | K93: =VLOOKUP(B93,AE_weight!$AP$257:$AX$288,C93+1) -> 0000 | L93: =VLOOKUP(B93,AE_weight!$AP$293:$AX$324,C93+1) -> 0000 | M93: =VLOOKUP(B93,AE_weight!$AP$329:$AX$360,C93+1) -> 0000
A94: =A93+1 -> 89 | B94: 11 | C94: 1 | D94: =VLOOKUP(B94,AE_weight!$AP$4:$AX$36,C94+1) -> 0011 | E94: =VLOOKUP(B94,AE_weight!$AP$40:$AX$72,C94+1) -> 2222 | F94: =VLOOKUP(B94,AE_weight!$AP$76:$AX$108,C94+1) -> 0000 | G94: =VLOOKUP(B94,AE_weight!$AP$112:$AX$144,C94+1) -> 2222 | H94: =VLOOKUP(B94,AE_weight!$AP$149:$AX$180,C94+1) -> 0000 | I94: =VLOOKUP(B94,AE_weight!$AP$185:$AX$216,C94+1) -> 0000 | J94: =VLOOKUP(B94,AE_weight!$AP$221:$AX$252,C94+1) -> 0000 | K94: =VLOOKUP(B94,AE_weight!$AP$257:$AX$288,C94+1) -> 0000 | L94: =VLOOKUP(B94,AE_weight!$AP$293:$AX$324,C94+1) -> 0000 | M94: =VLOOKUP(B94,AE_weight!$AP$329:$AX$360,C94+1) -> 0011
A95: =A94+1 -> 90 | B95: =B94 -> 11 | C95: 2 | D95: =VLOOKUP(B95,AE_weight!$AP$4:$AX$36,C95+1) -> 2233 | E95: =VLOOKUP(B95,AE_weight!$AP$40:$AX$72,C95+1) -> 2222 | F95: =VLOOKUP(B95,AE_weight!$AP$76:$AX$108,C95+1) -> 2222 | G95: =VLOOKUP(B95,AE_weight!$AP$112:$AX$144,C95+1) -> 2222 | H95: =VLOOKUP(B95,AE_weight!$AP$149:$AX$180,C95+1) -> 0000 | I95: =VLOOKUP(B95,AE_weight!$AP$185:$AX$216,C95+1) -> 0000 | J95: =VLOOKUP(B95,AE_weight!$AP$221:$AX$252,C95+1) -> 0000 | K95: =VLOOKUP(B95,AE_weight!$AP$257:$AX$288,C95+1) -> 0000 | L95: =VLOOKUP(B95,AE_weight!$AP$293:$AX$324,C95+1) -> 0000 | M95: =VLOOKUP(B95,AE_weight!$AP$329:$AX$360,C95+1) -> 2222
A96: =A95+1 -> 91 | B96: =B95 -> 11 | C96: 3 | D96: =VLOOKUP(B96,AE_weight!$AP$4:$AX$36,C96+1) -> 4444 | E96: =VLOOKUP(B96,AE_weight!$AP$40:$AX$72,C96+1) -> 2222 | F96: =VLOOKUP(B96,AE_weight!$AP$76:$AX$108,C96+1) -> 3344 | G96: =VLOOKUP(B96,AE_weight!$AP$112:$AX$144,C96+1) -> 2222 | H96: =VLOOKUP(B96,AE_weight!$AP$149:$AX$180,C96+1) -> 0000 | I96: =VLOOKUP(B96,AE_weight!$AP$185:$AX$216,C96+1) -> 0000 | J96: =VLOOKUP(B96,AE_weight!$AP$221:$AX$252,C96+1) -> 7777 | K96: =VLOOKUP(B96,AE_weight!$AP$257:$AX$288,C96+1) -> 1100 | L96: =VLOOKUP(B96,AE_weight!$AP$293:$AX$324,C96+1) -> 0000 | M96: =VLOOKUP(B96,AE_weight!$AP$329:$AX$360,C96+1) -> 3344
A97: =A96+1 -> 92 | B97: =B96 -> 11 | C97: 4 | D97: =VLOOKUP(B97,AE_weight!$AP$4:$AX$36,C97+1) -> 5555 | E97: =VLOOKUP(B97,AE_weight!$AP$40:$AX$72,C97+1) -> 2222 | F97: =VLOOKUP(B97,AE_weight!$AP$76:$AX$108,C97+1) -> 4455 | G97: =VLOOKUP(B97,AE_weight!$AP$112:$AX$144,C97+1) -> 3333 | H97: =VLOOKUP(B97,AE_weight!$AP$149:$AX$180,C97+1) -> 0000 | I97: =VLOOKUP(B97,AE_weight!$AP$185:$AX$216,C97+1) -> DDDD | J97: =VLOOKUP(B97,AE_weight!$AP$221:$AX$252,C97+1) -> BBBB | K97: =VLOOKUP(B97,AE_weight!$AP$257:$AX$288,C97+1) -> 1100 | L97: =VLOOKUP(B97,AE_weight!$AP$293:$AX$324,C97+1) -> 1100 | M97: =VLOOKUP(B97,AE_weight!$AP$329:$AX$360,C97+1) -> 5555
A98: =A97+1 -> 93 | B98: 11 | C98: 5 | D98: =VLOOKUP(B98,AE_weight!$AP$4:$AX$36,C98+1) -> 5555 | E98: =VLOOKUP(B98,AE_weight!$AP$40:$AX$72,C98+1) -> 2222 | F98: =VLOOKUP(B98,AE_weight!$AP$76:$AX$108,C98+1) -> 5544 | G98: =VLOOKUP(B98,AE_weight!$AP$112:$AX$144,C98+1) -> 3333 | H98: =VLOOKUP(B98,AE_weight!$AP$149:$AX$180,C98+1) -> 0000 | I98: =VLOOKUP(B98,AE_weight!$AP$185:$AX$216,C98+1) -> DDDD | J98: =VLOOKUP(B98,AE_weight!$AP$221:$AX$252,C98+1) -> BBBB | K98: =VLOOKUP(B98,AE_weight!$AP$257:$AX$288,C98+1) -> 0011 | L98: =VLOOKUP(B98,AE_weight!$AP$293:$AX$324,C98+1) -> 0011 | M98: =VLOOKUP(B98,AE_weight!$AP$329:$AX$360,C98+1) -> 5555
A99: =A98+1 -> 94 | B99: =B98 -> 11 | C99: 6 | D99: =VLOOKUP(B99,AE_weight!$AP$4:$AX$36,C99+1) -> 4444 | E99: =VLOOKUP(B99,AE_weight!$AP$40:$AX$72,C99+1) -> 2222 | F99: =VLOOKUP(B99,AE_weight!$AP$76:$AX$108,C99+1) -> 4433 | G99: =VLOOKUP(B99,AE_weight!$AP$112:$AX$144,C99+1) -> 2222 | H99: =VLOOKUP(B99,AE_weight!$AP$149:$AX$180,C99+1) -> 0000 | I99: =VLOOKUP(B99,AE_weight!$AP$185:$AX$216,C99+1) -> 0000 | J99: =VLOOKUP(B99,AE_weight!$AP$221:$AX$252,C99+1) -> 7777 | K99: =VLOOKUP(B99,AE_weight!$AP$257:$AX$288,C99+1) -> 0011 | L99: =VLOOKUP(B99,AE_weight!$AP$293:$AX$324,C99+1) -> 0000 | M99: =VLOOKUP(B99,AE_weight!$AP$329:$AX$360,C99+1) -> 4433
A100: =A99+1 -> 95 | B100: =B99 -> 11 | C100: 7 | D100: =VLOOKUP(B100,AE_weight!$AP$4:$AX$36,C100+1) -> 3322 | E100: =VLOOKUP(B100,AE_weight!$AP$40:$AX$72,C100+1) -> 2222 | F100: =VLOOKUP(B100,AE_weight!$AP$76:$AX$108,C100+1) -> 2200 | G100: =VLOOKUP(B100,AE_weight!$AP$112:$AX$144,C100+1) -> 2222 | H100: =VLOOKUP(B100,AE_weight!$AP$149:$AX$180,C100+1) -> 0000 | I100: =VLOOKUP(B100,AE_weight!$AP$185:$AX$216,C100+1) -> 0000 | J100: =VLOOKUP(B100,AE_weight!$AP$221:$AX$252,C100+1) -> 0000 | K100: =VLOOKUP(B100,AE_weight!$AP$257:$AX$288,C100+1) -> 0000 | L100: =VLOOKUP(B100,AE_weight!$AP$293:$AX$324,C100+1) -> 0000 | M100: =VLOOKUP(B100,AE_weight!$AP$329:$AX$360,C100+1) -> 2222
A101: =A100+1 -> 96 | B101: =B100 -> 11 | C101: 8 | D101: =VLOOKUP(B101,AE_weight!$AP$4:$AX$36,C101+1) -> 1100 | E101: =VLOOKUP(B101,AE_weight!$AP$40:$AX$72,C101+1) -> 2222 | F101: =VLOOKUP(B101,AE_weight!$AP$76:$AX$108,C101+1) -> 0000 | G101: =VLOOKUP(B101,AE_weight!$AP$112:$AX$144,C101+1) -> 2222 | H101: =VLOOKUP(B101,AE_weight!$AP$149:$AX$180,C101+1) -> 0000 | I101: =VLOOKUP(B101,AE_weight!$AP$185:$AX$216,C101+1) -> 0000 | J101: =VLOOKUP(B101,AE_weight!$AP$221:$AX$252,C101+1) -> 0000 | K101: =VLOOKUP(B101,AE_weight!$AP$257:$AX$288,C101+1) -> 0000 | L101: =VLOOKUP(B101,AE_weight!$AP$293:$AX$324,C101+1) -> 0000 | M101: =VLOOKUP(B101,AE_weight!$AP$329:$AX$360,C101+1) -> 1100
A102: =A101+1 -> 97 | B102: 12 | C102: 1 | D102: =VLOOKUP(B102,AE_weight!$AP$4:$AX$36,C102+1) -> 0011 | E102: =VLOOKUP(B102,AE_weight!$AP$40:$AX$72,C102+1) -> 2222 | F102: =VLOOKUP(B102,AE_weight!$AP$76:$AX$108,C102+1) -> 0000 | G102: =VLOOKUP(B102,AE_weight!$AP$112:$AX$144,C102+1) -> 2222 | H102: =VLOOKUP(B102,AE_weight!$AP$149:$AX$180,C102+1) -> 0000 | I102: =VLOOKUP(B102,AE_weight!$AP$185:$AX$216,C102+1) -> 0000 | J102: =VLOOKUP(B102,AE_weight!$AP$221:$AX$252,C102+1) -> 0000 | K102: =VLOOKUP(B102,AE_weight!$AP$257:$AX$288,C102+1) -> 0000 | L102: =VLOOKUP(B102,AE_weight!$AP$293:$AX$324,C102+1) -> 0000 | M102: =VLOOKUP(B102,AE_weight!$AP$329:$AX$360,C102+1) -> 0011
...
